county_code,county,marital_code,age,sex_code,year,population
01,Stockholm,OG,0,1,2025,13221
01,Stockholm,OG,0,2,2025,12598
01,Stockholm,OG,1,1,2025,13057
01,Stockholm,OG,1,2,2025,12547
01,Stockholm,OG,2,1,2025,13281
01,Stockholm,OG,2,2,2025,12388
01,Stockholm,OG,3,1,2025,13243
01,Stockholm,OG,3,2,2025,12797
01,Stockholm,OG,4,1,2025,14447
01,Stockholm,OG,4,2,2025,13889
01,Stockholm,OG,5,1,2025,14254
01,Stockholm,OG,5,2,2025,13530
01,Stockholm,OG,6,1,2025,14235
01,Stockholm,OG,6,2,2025,13508
01,Stockholm,OG,7,1,2025,14272
01,Stockholm,OG,7,2,2025,13603
01,Stockholm,OG,8,1,2025,14281
01,Stockholm,OG,8,2,2025,14034
01,Stockholm,OG,9,1,2025,14980
01,Stockholm,OG,9,2,2025,14301
01,Stockholm,OG,10,1,2025,15150
01,Stockholm,OG,10,2,2025,13877
01,Stockholm,OG,11,1,2025,15236
01,Stockholm,OG,11,2,2025,14403
01,Stockholm,OG,12,1,2025,15468
01,Stockholm,OG,12,2,2025,14311
01,Stockholm,OG,13,1,2025,15123
01,Stockholm,OG,13,2,2025,14255
01,Stockholm,OG,14,1,2025,15326
01,Stockholm,OG,14,2,2025,14235
01,Stockholm,OG,15,1,2025,15984
01,Stockholm,OG,15,2,2025,14997
01,Stockholm,OG,16,1,2025,15476
01,Stockholm,OG,16,2,2025,14660
01,Stockholm,OG,17,1,2025,15633
01,Stockholm,OG,17,2,2025,14649
01,Stockholm,OG,18,1,2025,15471
01,Stockholm,OG,18,2,2025,14297
01,Stockholm,OG,19,1,2025,15124
01,Stockholm,OG,19,2,2025,14244
01,Stockholm,OG,20,1,2025,14013
01,Stockholm,OG,20,2,2025,13261
01,Stockholm,OG,21,1,2025,13665
01,Stockholm,OG,21,2,2025,12256
01,Stockholm,OG,22,1,2025,13298
01,Stockholm,OG,22,2,2025,11995
01,Stockholm,OG,23,1,2025,13378
01,Stockholm,OG,23,2,2025,12485
01,Stockholm,OG,24,1,2025,13391
01,Stockholm,OG,24,2,2025,12446
01,Stockholm,OG,25,1,2025,14470
01,Stockholm,OG,25,2,2025,13156
01,Stockholm,OG,26,1,2025,15366
01,Stockholm,OG,26,2,2025,13268
01,Stockholm,OG,27,1,2025,14782
01,Stockholm,OG,27,2,2025,13444
01,Stockholm,OG,28,1,2025,14431
01,Stockholm,OG,28,2,2025,13302
01,Stockholm,OG,29,1,2025,14545
01,Stockholm,OG,29,2,2025,13537
01,Stockholm,OG,30,1,2025,15141
01,Stockholm,OG,30,2,2025,13111
01,Stockholm,OG,31,1,2025,15512
01,Stockholm,OG,31,2,2025,13364
01,Stockholm,OG,32,1,2025,14856
01,Stockholm,OG,32,2,2025,12741
01,Stockholm,OG,33,1,2025,14593
01,Stockholm,OG,33,2,2025,12234
01,Stockholm,OG,34,1,2025,13854
01,Stockholm,OG,34,2,2025,11467
01,Stockholm,OG,35,1,2025,13157
01,Stockholm,OG,35,2,2025,10926
01,Stockholm,OG,36,1,2025,12131
01,Stockholm,OG,36,2,2025,9733
01,Stockholm,OG,37,1,2025,11212
01,Stockholm,OG,37,2,2025,8979
01,Stockholm,OG,38,1,2025,10097
01,Stockholm,OG,38,2,2025,7905
01,Stockholm,OG,39,1,2025,9214
01,Stockholm,OG,39,2,2025,7226
01,Stockholm,OG,40,1,2025,8484
01,Stockholm,OG,40,2,2025,6569
01,Stockholm,OG,41,1,2025,7868
01,Stockholm,OG,41,2,2025,6083
01,Stockholm,OG,42,1,2025,7329
01,Stockholm,OG,42,2,2025,5782
01,Stockholm,OG,43,1,2025,7008
01,Stockholm,OG,43,2,2025,5461
01,Stockholm,OG,44,1,2025,6639
01,Stockholm,OG,44,2,2025,5255
01,Stockholm,OG,45,1,2025,6574
01,Stockholm,OG,45,2,2025,5358
01,Stockholm,OG,46,1,2025,6031
01,Stockholm,OG,46,2,2025,4780
01,Stockholm,OG,47,1,2025,5481
01,Stockholm,OG,47,2,2025,4535
01,Stockholm,OG,48,1,2025,5337
01,Stockholm,OG,48,2,2025,4304
01,Stockholm,OG,49,1,2025,5325
01,Stockholm,OG,49,2,2025,4405
01,Stockholm,OG,50,1,2025,5068
01,Stockholm,OG,50,2,2025,4370
01,Stockholm,OG,51,1,2025,5258
01,Stockholm,OG,51,2,2025,4307
01,Stockholm,OG,52,1,2025,4879
01,Stockholm,OG,52,2,2025,4229
01,Stockholm,OG,53,1,2025,4938
01,Stockholm,OG,53,2,2025,4108
01,Stockholm,OG,54,1,2025,4775
01,Stockholm,OG,54,2,2025,4015
01,Stockholm,OG,55,1,2025,4291
01,Stockholm,OG,55,2,2025,3748
01,Stockholm,OG,56,1,2025,4037
01,Stockholm,OG,56,2,2025,3538
01,Stockholm,OG,57,1,2025,4154
01,Stockholm,OG,57,2,2025,3611
01,Stockholm,OG,58,1,2025,4194
01,Stockholm,OG,58,2,2025,3735
01,Stockholm,OG,59,1,2025,4281
01,Stockholm,OG,59,2,2025,3864
01,Stockholm,OG,60,1,2025,4106
01,Stockholm,OG,60,2,2025,3642
01,Stockholm,OG,61,1,2025,4107
01,Stockholm,OG,61,2,2025,3655
01,Stockholm,OG,62,1,2025,3567
01,Stockholm,OG,62,2,2025,3251
01,Stockholm,OG,63,1,2025,3366
01,Stockholm,OG,63,2,2025,3049
01,Stockholm,OG,64,1,2025,3104
01,Stockholm,OG,64,2,2025,2770
01,Stockholm,OG,65,1,2025,2750
01,Stockholm,OG,65,2,2025,2633
01,Stockholm,OG,66,1,2025,2712
01,Stockholm,OG,66,2,2025,2412
01,Stockholm,OG,67,1,2025,2592
01,Stockholm,OG,67,2,2025,2461
01,Stockholm,OG,68,1,2025,2385
01,Stockholm,OG,68,2,2025,2238
01,Stockholm,OG,69,1,2025,2248
01,Stockholm,OG,69,2,2025,2070
01,Stockholm,OG,70,1,2025,2016
01,Stockholm,OG,70,2,2025,1909
01,Stockholm,OG,71,1,2025,1874
01,Stockholm,OG,71,2,2025,1712
01,Stockholm,OG,72,1,2025,1771
01,Stockholm,OG,72,2,2025,1702
01,Stockholm,OG,73,1,2025,1640
01,Stockholm,OG,73,2,2025,1675
01,Stockholm,OG,74,1,2025,1513
01,Stockholm,OG,74,2,2025,1518
01,Stockholm,OG,75,1,2025,1344
01,Stockholm,OG,75,2,2025,1416
01,Stockholm,OG,76,1,2025,1325
01,Stockholm,OG,76,2,2025,1455
01,Stockholm,OG,77,1,2025,1203
01,Stockholm,OG,77,2,2025,1399
01,Stockholm,OG,78,1,2025,1158
01,Stockholm,OG,78,2,2025,1233
01,Stockholm,OG,79,1,2025,1143
01,Stockholm,OG,79,2,2025,1154
01,Stockholm,OG,80,1,2025,957
01,Stockholm,OG,80,2,2025,1045
01,Stockholm,OG,81,1,2025,831
01,Stockholm,OG,81,2,2025,912
01,Stockholm,OG,82,1,2025,650
01,Stockholm,OG,82,2,2025,776
01,Stockholm,OG,83,1,2025,513
01,Stockholm,OG,83,2,2025,639
01,Stockholm,OG,84,1,2025,395
01,Stockholm,OG,84,2,2025,467
01,Stockholm,OG,85,1,2025,307
01,Stockholm,OG,85,2,2025,374
01,Stockholm,OG,86,1,2025,215
01,Stockholm,OG,86,2,2025,350
01,Stockholm,OG,87,1,2025,174
01,Stockholm,OG,87,2,2025,271
01,Stockholm,OG,88,1,2025,123
01,Stockholm,OG,88,2,2025,230
01,Stockholm,OG,89,1,2025,104
01,Stockholm,OG,89,2,2025,213
01,Stockholm,OG,90,1,2025,77
01,Stockholm,OG,90,2,2025,159
01,Stockholm,OG,91,1,2025,53
01,Stockholm,OG,91,2,2025,151
01,Stockholm,OG,92,1,2025,45
01,Stockholm,OG,92,2,2025,96
01,Stockholm,OG,93,1,2025,34
01,Stockholm,OG,93,2,2025,76
01,Stockholm,OG,94,1,2025,24
01,Stockholm,OG,94,2,2025,66
01,Stockholm,OG,95,1,2025,18
01,Stockholm,OG,95,2,2025,45
01,Stockholm,OG,96,1,2025,7
01,Stockholm,OG,96,2,2025,42
01,Stockholm,OG,97,1,2025,12
01,Stockholm,OG,97,2,2025,40
01,Stockholm,OG,98,1,2025,0
01,Stockholm,OG,98,2,2025,25
01,Stockholm,OG,99,1,2025,4
01,Stockholm,OG,99,2,2025,18
01,Stockholm,OG,100+1,1,2025,0
01,Stockholm,OG,100+1,2,2025,32
01,Stockholm,G,0,1,2025,0
01,Stockholm,G,0,2,2025,0
01,Stockholm,G,1,1,2025,0
01,Stockholm,G,1,2,2025,0
01,Stockholm,G,2,1,2025,0
01,Stockholm,G,2,2,2025,0
01,Stockholm,G,3,1,2025,0
01,Stockholm,G,3,2,2025,0
01,Stockholm,G,4,1,2025,0
01,Stockholm,G,4,2,2025,0
01,Stockholm,G,5,1,2025,0
01,Stockholm,G,5,2,2025,0
01,Stockholm,G,6,1,2025,0
01,Stockholm,G,6,2,2025,0
01,Stockholm,G,7,1,2025,0
01,Stockholm,G,7,2,2025,0
01,Stockholm,G,8,1,2025,0
01,Stockholm,G,8,2,2025,0
01,Stockholm,G,9,1,2025,0
01,Stockholm,G,9,2,2025,0
01,Stockholm,G,10,1,2025,0
01,Stockholm,G,10,2,2025,0
01,Stockholm,G,11,1,2025,0
01,Stockholm,G,11,2,2025,0
01,Stockholm,G,12,1,2025,0
01,Stockholm,G,12,2,2025,0
01,Stockholm,G,13,1,2025,0
01,Stockholm,G,13,2,2025,0
01,Stockholm,G,14,1,2025,0
01,Stockholm,G,14,2,2025,0
01,Stockholm,G,15,1,2025,0
01,Stockholm,G,15,2,2025,0
01,Stockholm,G,16,1,2025,0
01,Stockholm,G,16,2,2025,0
01,Stockholm,G,17,1,2025,0
01,Stockholm,G,17,2,2025,0
01,Stockholm,G,18,1,2025,0
01,Stockholm,G,18,2,2025,7
01,Stockholm,G,19,1,2025,8
01,Stockholm,G,19,2,2025,32
01,Stockholm,G,20,1,2025,15
01,Stockholm,G,20,2,2025,69
01,Stockholm,G,21,1,2025,38
01,Stockholm,G,21,2,2025,151
01,Stockholm,G,22,1,2025,78
01,Stockholm,G,22,2,2025,364
01,Stockholm,G,23,1,2025,162
01,Stockholm,G,23,2,2025,564
01,Stockholm,G,24,1,2025,282
01,Stockholm,G,24,2,2025,874
01,Stockholm,G,25,1,2025,501
01,Stockholm,G,25,2,2025,1174
01,Stockholm,G,26,1,2025,1029
01,Stockholm,G,26,2,2025,1684
01,Stockholm,G,27,1,2025,1176
01,Stockholm,G,27,2,2025,2276
01,Stockholm,G,28,1,2025,1508
01,Stockholm,G,28,2,2025,2771
01,Stockholm,G,29,1,2025,2035
01,Stockholm,G,29,2,2025,3582
01,Stockholm,G,30,1,2025,3007
01,Stockholm,G,30,2,2025,4614
01,Stockholm,G,31,1,2025,3797
01,Stockholm,G,31,2,2025,5619
01,Stockholm,G,32,1,2025,4614
01,Stockholm,G,32,2,2025,6454
01,Stockholm,G,33,1,2025,5434
01,Stockholm,G,33,2,2025,7238
01,Stockholm,G,34,1,2025,6373
01,Stockholm,G,34,2,2025,7714
01,Stockholm,G,35,1,2025,7070
01,Stockholm,G,35,2,2025,8643
01,Stockholm,G,36,1,2025,7567
01,Stockholm,G,36,2,2025,8758
01,Stockholm,G,37,1,2025,7915
01,Stockholm,G,37,2,2025,8941
01,Stockholm,G,38,1,2025,7943
01,Stockholm,G,38,2,2025,8907
01,Stockholm,G,39,1,2025,8456
01,Stockholm,G,39,2,2025,9023
01,Stockholm,G,40,1,2025,8706
01,Stockholm,G,40,2,2025,8966
01,Stockholm,G,41,1,2025,8700
01,Stockholm,G,41,2,2025,8927
01,Stockholm,G,42,1,2025,8809
01,Stockholm,G,42,2,2025,8827
01,Stockholm,G,43,1,2025,9147
01,Stockholm,G,43,2,2025,8679
01,Stockholm,G,44,1,2025,8835
01,Stockholm,G,44,2,2025,8776
01,Stockholm,G,45,1,2025,9363
01,Stockholm,G,45,2,2025,8929
01,Stockholm,G,46,1,2025,8933
01,Stockholm,G,46,2,2025,8707
01,Stockholm,G,47,1,2025,8506
01,Stockholm,G,47,2,2025,8219
01,Stockholm,G,48,1,2025,8520
01,Stockholm,G,48,2,2025,8345
01,Stockholm,G,49,1,2025,8769
01,Stockholm,G,49,2,2025,8306
01,Stockholm,G,50,1,2025,8875
01,Stockholm,G,50,2,2025,8385
01,Stockholm,G,51,1,2025,9249
01,Stockholm,G,51,2,2025,8832
01,Stockholm,G,52,1,2025,9174
01,Stockholm,G,52,2,2025,8696
01,Stockholm,G,53,1,2025,9273
01,Stockholm,G,53,2,2025,8549
01,Stockholm,G,54,1,2025,8874
01,Stockholm,G,54,2,2025,8370
01,Stockholm,G,55,1,2025,8610
01,Stockholm,G,55,2,2025,7909
01,Stockholm,G,56,1,2025,8042
01,Stockholm,G,56,2,2025,7417
01,Stockholm,G,57,1,2025,7917
01,Stockholm,G,57,2,2025,7604
01,Stockholm,G,58,1,2025,8238
01,Stockholm,G,58,2,2025,7448
01,Stockholm,G,59,1,2025,8121
01,Stockholm,G,59,2,2025,7413
01,Stockholm,G,60,1,2025,8114
01,Stockholm,G,60,2,2025,7447
01,Stockholm,G,61,1,2025,8142
01,Stockholm,G,61,2,2025,7246
01,Stockholm,G,62,1,2025,7433
01,Stockholm,G,62,2,2025,6685
01,Stockholm,G,63,1,2025,6932
01,Stockholm,G,63,2,2025,6372
01,Stockholm,G,64,1,2025,6601
01,Stockholm,G,64,2,2025,5857
01,Stockholm,G,65,1,2025,6295
01,Stockholm,G,65,2,2025,5677
01,Stockholm,G,66,1,2025,6173
01,Stockholm,G,66,2,2025,5444
01,Stockholm,G,67,1,2025,5882
01,Stockholm,G,67,2,2025,5291
01,Stockholm,G,68,1,2025,5974
01,Stockholm,G,68,2,2025,5177
01,Stockholm,G,69,1,2025,5784
01,Stockholm,G,69,2,2025,5083
01,Stockholm,G,70,1,2025,5420
01,Stockholm,G,70,2,2025,4895
01,Stockholm,G,71,1,2025,5308
01,Stockholm,G,71,2,2025,4586
01,Stockholm,G,72,1,2025,5178
01,Stockholm,G,72,2,2025,4501
01,Stockholm,G,73,1,2025,5122
01,Stockholm,G,73,2,2025,4410
01,Stockholm,G,74,1,2025,4697
01,Stockholm,G,74,2,2025,4255
01,Stockholm,G,75,1,2025,5121
01,Stockholm,G,75,2,2025,4280
01,Stockholm,G,76,1,2025,4865
01,Stockholm,G,76,2,2025,4322
01,Stockholm,G,77,1,2025,4932
01,Stockholm,G,77,2,2025,4282
01,Stockholm,G,78,1,2025,5055
01,Stockholm,G,78,2,2025,4349
01,Stockholm,G,79,1,2025,4844
01,Stockholm,G,79,2,2025,4056
01,Stockholm,G,80,1,2025,4698
01,Stockholm,G,80,2,2025,3790
01,Stockholm,G,81,1,2025,4482
01,Stockholm,G,81,2,2025,3515
01,Stockholm,G,82,1,2025,3989
01,Stockholm,G,82,2,2025,2925
01,Stockholm,G,83,1,2025,3440
01,Stockholm,G,83,2,2025,2447
01,Stockholm,G,84,1,2025,2658
01,Stockholm,G,84,2,2025,1809
01,Stockholm,G,85,1,2025,2305
01,Stockholm,G,85,2,2025,1428
01,Stockholm,G,86,1,2025,1998
01,Stockholm,G,86,2,2025,1211
01,Stockholm,G,87,1,2025,1682
01,Stockholm,G,87,2,2025,956
01,Stockholm,G,88,1,2025,1301
01,Stockholm,G,88,2,2025,784
01,Stockholm,G,89,1,2025,1061
01,Stockholm,G,89,2,2025,556
01,Stockholm,G,90,1,2025,848
01,Stockholm,G,90,2,2025,364
01,Stockholm,G,91,1,2025,549
01,Stockholm,G,91,2,2025,271
01,Stockholm,G,92,1,2025,441
01,Stockholm,G,92,2,2025,179
01,Stockholm,G,93,1,2025,311
01,Stockholm,G,93,2,2025,146
01,Stockholm,G,94,1,2025,215
01,Stockholm,G,94,2,2025,81
01,Stockholm,G,95,1,2025,153
01,Stockholm,G,95,2,2025,56
01,Stockholm,G,96,1,2025,82
01,Stockholm,G,96,2,2025,53
01,Stockholm,G,97,1,2025,61
01,Stockholm,G,97,2,2025,23
01,Stockholm,G,98,1,2025,30
01,Stockholm,G,98,2,2025,23
01,Stockholm,G,99,1,2025,17
01,Stockholm,G,99,2,2025,11
01,Stockholm,G,100+1,1,2025,21
01,Stockholm,G,100+1,2,2025,16
01,Stockholm,ÄNKL,0,1,2025,0
01,Stockholm,ÄNKL,0,2,2025,0
01,Stockholm,ÄNKL,1,1,2025,0
01,Stockholm,ÄNKL,1,2,2025,0
01,Stockholm,ÄNKL,2,1,2025,0
01,Stockholm,ÄNKL,2,2,2025,0
01,Stockholm,ÄNKL,3,1,2025,0
01,Stockholm,ÄNKL,3,2,2025,0
01,Stockholm,ÄNKL,4,1,2025,0
01,Stockholm,ÄNKL,4,2,2025,0
01,Stockholm,ÄNKL,5,1,2025,0
01,Stockholm,ÄNKL,5,2,2025,0
01,Stockholm,ÄNKL,6,1,2025,0
01,Stockholm,ÄNKL,6,2,2025,0
01,Stockholm,ÄNKL,7,1,2025,0
01,Stockholm,ÄNKL,7,2,2025,0
01,Stockholm,ÄNKL,8,1,2025,0
01,Stockholm,ÄNKL,8,2,2025,0
01,Stockholm,ÄNKL,9,1,2025,0
01,Stockholm,ÄNKL,9,2,2025,0
01,Stockholm,ÄNKL,10,1,2025,0
01,Stockholm,ÄNKL,10,2,2025,0
01,Stockholm,ÄNKL,11,1,2025,0
01,Stockholm,ÄNKL,11,2,2025,0
01,Stockholm,ÄNKL,12,1,2025,0
01,Stockholm,ÄNKL,12,2,2025,0
01,Stockholm,ÄNKL,13,1,2025,0
01,Stockholm,ÄNKL,13,2,2025,0
01,Stockholm,ÄNKL,14,1,2025,0
01,Stockholm,ÄNKL,14,2,2025,0
01,Stockholm,ÄNKL,15,1,2025,0
01,Stockholm,ÄNKL,15,2,2025,0
01,Stockholm,ÄNKL,16,1,2025,0
01,Stockholm,ÄNKL,16,2,2025,0
01,Stockholm,ÄNKL,17,1,2025,0
01,Stockholm,ÄNKL,17,2,2025,0
01,Stockholm,ÄNKL,18,1,2025,0
01,Stockholm,ÄNKL,18,2,2025,0
01,Stockholm,ÄNKL,19,1,2025,0
01,Stockholm,ÄNKL,19,2,2025,0
01,Stockholm,ÄNKL,20,1,2025,0
01,Stockholm,ÄNKL,20,2,2025,0
01,Stockholm,ÄNKL,21,1,2025,0
01,Stockholm,ÄNKL,21,2,2025,0
01,Stockholm,ÄNKL,22,1,2025,0
01,Stockholm,ÄNKL,22,2,2025,0
01,Stockholm,ÄNKL,23,1,2025,0
01,Stockholm,ÄNKL,23,2,2025,0
01,Stockholm,ÄNKL,24,1,2025,0
01,Stockholm,ÄNKL,24,2,2025,0
01,Stockholm,ÄNKL,25,1,2025,0
01,Stockholm,ÄNKL,25,2,2025,0
01,Stockholm,ÄNKL,26,1,2025,0
01,Stockholm,ÄNKL,26,2,2025,3
01,Stockholm,ÄNKL,27,1,2025,0
01,Stockholm,ÄNKL,27,2,2025,4
01,Stockholm,ÄNKL,28,1,2025,0
01,Stockholm,ÄNKL,28,2,2025,4
01,Stockholm,ÄNKL,29,1,2025,0
01,Stockholm,ÄNKL,29,2,2025,4
01,Stockholm,ÄNKL,30,1,2025,0
01,Stockholm,ÄNKL,30,2,2025,3
01,Stockholm,ÄNKL,31,1,2025,0
01,Stockholm,ÄNKL,31,2,2025,6
01,Stockholm,ÄNKL,32,1,2025,3
01,Stockholm,ÄNKL,32,2,2025,10
01,Stockholm,ÄNKL,33,1,2025,0
01,Stockholm,ÄNKL,33,2,2025,18
01,Stockholm,ÄNKL,34,1,2025,7
01,Stockholm,ÄNKL,34,2,2025,17
01,Stockholm,ÄNKL,35,1,2025,11
01,Stockholm,ÄNKL,35,2,2025,26
01,Stockholm,ÄNKL,36,1,2025,14
01,Stockholm,ÄNKL,36,2,2025,33
01,Stockholm,ÄNKL,37,1,2025,16
01,Stockholm,ÄNKL,37,2,2025,39
01,Stockholm,ÄNKL,38,1,2025,12
01,Stockholm,ÄNKL,38,2,2025,40
01,Stockholm,ÄNKL,39,1,2025,15
01,Stockholm,ÄNKL,39,2,2025,37
01,Stockholm,ÄNKL,40,1,2025,22
01,Stockholm,ÄNKL,40,2,2025,59
01,Stockholm,ÄNKL,41,1,2025,22
01,Stockholm,ÄNKL,41,2,2025,49
01,Stockholm,ÄNKL,42,1,2025,18
01,Stockholm,ÄNKL,42,2,2025,68
01,Stockholm,ÄNKL,43,1,2025,33
01,Stockholm,ÄNKL,43,2,2025,97
01,Stockholm,ÄNKL,44,1,2025,26
01,Stockholm,ÄNKL,44,2,2025,76
01,Stockholm,ÄNKL,45,1,2025,29
01,Stockholm,ÄNKL,45,2,2025,104
01,Stockholm,ÄNKL,46,1,2025,28
01,Stockholm,ÄNKL,46,2,2025,99
01,Stockholm,ÄNKL,47,1,2025,39
01,Stockholm,ÄNKL,47,2,2025,118
01,Stockholm,ÄNKL,48,1,2025,32
01,Stockholm,ÄNKL,48,2,2025,141
01,Stockholm,ÄNKL,49,1,2025,44
01,Stockholm,ÄNKL,49,2,2025,140
01,Stockholm,ÄNKL,50,1,2025,44
01,Stockholm,ÄNKL,50,2,2025,160
01,Stockholm,ÄNKL,51,1,2025,65
01,Stockholm,ÄNKL,51,2,2025,190
01,Stockholm,ÄNKL,52,1,2025,95
01,Stockholm,ÄNKL,52,2,2025,211
01,Stockholm,ÄNKL,53,1,2025,77
01,Stockholm,ÄNKL,53,2,2025,231
01,Stockholm,ÄNKL,54,1,2025,75
01,Stockholm,ÄNKL,54,2,2025,260
01,Stockholm,ÄNKL,55,1,2025,66
01,Stockholm,ÄNKL,55,2,2025,264
01,Stockholm,ÄNKL,56,1,2025,100
01,Stockholm,ÄNKL,56,2,2025,313
01,Stockholm,ÄNKL,57,1,2025,118
01,Stockholm,ÄNKL,57,2,2025,291
01,Stockholm,ÄNKL,58,1,2025,135
01,Stockholm,ÄNKL,58,2,2025,349
01,Stockholm,ÄNKL,59,1,2025,135
01,Stockholm,ÄNKL,59,2,2025,421
01,Stockholm,ÄNKL,60,1,2025,128
01,Stockholm,ÄNKL,60,2,2025,421
01,Stockholm,ÄNKL,61,1,2025,161
01,Stockholm,ÄNKL,61,2,2025,478
01,Stockholm,ÄNKL,62,1,2025,138
01,Stockholm,ÄNKL,62,2,2025,482
01,Stockholm,ÄNKL,63,1,2025,167
01,Stockholm,ÄNKL,63,2,2025,534
01,Stockholm,ÄNKL,64,1,2025,152
01,Stockholm,ÄNKL,64,2,2025,533
01,Stockholm,ÄNKL,65,1,2025,173
01,Stockholm,ÄNKL,65,2,2025,599
01,Stockholm,ÄNKL,66,1,2025,193
01,Stockholm,ÄNKL,66,2,2025,649
01,Stockholm,ÄNKL,67,1,2025,221
01,Stockholm,ÄNKL,67,2,2025,735
01,Stockholm,ÄNKL,68,1,2025,216
01,Stockholm,ÄNKL,68,2,2025,812
01,Stockholm,ÄNKL,69,1,2025,260
01,Stockholm,ÄNKL,69,2,2025,846
01,Stockholm,ÄNKL,70,1,2025,292
01,Stockholm,ÄNKL,70,2,2025,942
01,Stockholm,ÄNKL,71,1,2025,286
01,Stockholm,ÄNKL,71,2,2025,1027
01,Stockholm,ÄNKL,72,1,2025,285
01,Stockholm,ÄNKL,72,2,2025,1094
01,Stockholm,ÄNKL,73,1,2025,371
01,Stockholm,ÄNKL,73,2,2025,1213
01,Stockholm,ÄNKL,74,1,2025,368
01,Stockholm,ÄNKL,74,2,2025,1336
01,Stockholm,ÄNKL,75,1,2025,426
01,Stockholm,ÄNKL,75,2,2025,1496
01,Stockholm,ÄNKL,76,1,2025,504
01,Stockholm,ÄNKL,76,2,2025,1594
01,Stockholm,ÄNKL,77,1,2025,584
01,Stockholm,ÄNKL,77,2,2025,1876
01,Stockholm,ÄNKL,78,1,2025,618
01,Stockholm,ÄNKL,78,2,2025,2061
01,Stockholm,ÄNKL,79,1,2025,684
01,Stockholm,ÄNKL,79,2,2025,2184
01,Stockholm,ÄNKL,80,1,2025,809
01,Stockholm,ÄNKL,80,2,2025,2327
01,Stockholm,ÄNKL,81,1,2025,874
01,Stockholm,ÄNKL,81,2,2025,2492
01,Stockholm,ÄNKL,82,1,2025,850
01,Stockholm,ÄNKL,82,2,2025,2347
01,Stockholm,ÄNKL,83,1,2025,772
01,Stockholm,ÄNKL,83,2,2025,2425
01,Stockholm,ÄNKL,84,1,2025,686
01,Stockholm,ÄNKL,84,2,2025,2231
01,Stockholm,ÄNKL,85,1,2025,633
01,Stockholm,ÄNKL,85,2,2025,2051
01,Stockholm,ÄNKL,86,1,2025,643
01,Stockholm,ÄNKL,86,2,2025,2065
01,Stockholm,ÄNKL,87,1,2025,626
01,Stockholm,ÄNKL,87,2,2025,2090
01,Stockholm,ÄNKL,88,1,2025,584
01,Stockholm,ÄNKL,88,2,2025,1804
01,Stockholm,ÄNKL,89,1,2025,524
01,Stockholm,ÄNKL,89,2,2025,1766
01,Stockholm,ÄNKL,90,1,2025,472
01,Stockholm,ÄNKL,90,2,2025,1555
01,Stockholm,ÄNKL,91,1,2025,394
01,Stockholm,ÄNKL,91,2,2025,1393
01,Stockholm,ÄNKL,92,1,2025,365
01,Stockholm,ÄNKL,92,2,2025,1168
01,Stockholm,ÄNKL,93,1,2025,338
01,Stockholm,ÄNKL,93,2,2025,1117
01,Stockholm,ÄNKL,94,1,2025,271
01,Stockholm,ÄNKL,94,2,2025,962
01,Stockholm,ÄNKL,95,1,2025,188
01,Stockholm,ÄNKL,95,2,2025,807
01,Stockholm,ÄNKL,96,1,2025,137
01,Stockholm,ÄNKL,96,2,2025,614
01,Stockholm,ÄNKL,97,1,2025,109
01,Stockholm,ÄNKL,97,2,2025,485
01,Stockholm,ÄNKL,98,1,2025,92
01,Stockholm,ÄNKL,98,2,2025,349
01,Stockholm,ÄNKL,99,1,2025,49
01,Stockholm,ÄNKL,99,2,2025,247
01,Stockholm,ÄNKL,100+1,1,2025,73
01,Stockholm,ÄNKL,100+1,2,2025,445
01,Stockholm,SK,0,1,2025,0
01,Stockholm,SK,0,2,2025,0
01,Stockholm,SK,1,1,2025,0
01,Stockholm,SK,1,2,2025,0
01,Stockholm,SK,2,1,2025,0
01,Stockholm,SK,2,2,2025,0
01,Stockholm,SK,3,1,2025,0
01,Stockholm,SK,3,2,2025,0
01,Stockholm,SK,4,1,2025,0
01,Stockholm,SK,4,2,2025,0
01,Stockholm,SK,5,1,2025,0
01,Stockholm,SK,5,2,2025,0
01,Stockholm,SK,6,1,2025,0
01,Stockholm,SK,6,2,2025,0
01,Stockholm,SK,7,1,2025,0
01,Stockholm,SK,7,2,2025,0
01,Stockholm,SK,8,1,2025,0
01,Stockholm,SK,8,2,2025,0
01,Stockholm,SK,9,1,2025,0
01,Stockholm,SK,9,2,2025,0
01,Stockholm,SK,10,1,2025,0
01,Stockholm,SK,10,2,2025,0
01,Stockholm,SK,11,1,2025,0
01,Stockholm,SK,11,2,2025,0
01,Stockholm,SK,12,1,2025,0
01,Stockholm,SK,12,2,2025,0
01,Stockholm,SK,13,1,2025,0
01,Stockholm,SK,13,2,2025,0
01,Stockholm,SK,14,1,2025,0
01,Stockholm,SK,14,2,2025,0
01,Stockholm,SK,15,1,2025,0
01,Stockholm,SK,15,2,2025,0
01,Stockholm,SK,16,1,2025,0
01,Stockholm,SK,16,2,2025,0
01,Stockholm,SK,17,1,2025,0
01,Stockholm,SK,17,2,2025,0
01,Stockholm,SK,18,1,2025,0
01,Stockholm,SK,18,2,2025,0
01,Stockholm,SK,19,1,2025,0
01,Stockholm,SK,19,2,2025,0
01,Stockholm,SK,20,1,2025,0
01,Stockholm,SK,20,2,2025,0
01,Stockholm,SK,21,1,2025,3
01,Stockholm,SK,21,2,2025,4
01,Stockholm,SK,22,1,2025,7
01,Stockholm,SK,22,2,2025,14
01,Stockholm,SK,23,1,2025,7
01,Stockholm,SK,23,2,2025,33
01,Stockholm,SK,24,1,2025,11
01,Stockholm,SK,24,2,2025,49
01,Stockholm,SK,25,1,2025,26
01,Stockholm,SK,25,2,2025,73
01,Stockholm,SK,26,1,2025,57
01,Stockholm,SK,26,2,2025,99
01,Stockholm,SK,27,1,2025,63
01,Stockholm,SK,27,2,2025,161
01,Stockholm,SK,28,1,2025,100
01,Stockholm,SK,28,2,2025,215
01,Stockholm,SK,29,1,2025,128
01,Stockholm,SK,29,2,2025,303
01,Stockholm,SK,30,1,2025,176
01,Stockholm,SK,30,2,2025,408
01,Stockholm,SK,31,1,2025,271
01,Stockholm,SK,31,2,2025,527
01,Stockholm,SK,32,1,2025,343
01,Stockholm,SK,32,2,2025,662
01,Stockholm,SK,33,1,2025,469
01,Stockholm,SK,33,2,2025,805
01,Stockholm,SK,34,1,2025,609
01,Stockholm,SK,34,2,2025,1026
01,Stockholm,SK,35,1,2025,781
01,Stockholm,SK,35,2,2025,1258
01,Stockholm,SK,36,1,2025,890
01,Stockholm,SK,36,2,2025,1368
01,Stockholm,SK,37,1,2025,1027
01,Stockholm,SK,37,2,2025,1540
01,Stockholm,SK,38,1,2025,1151
01,Stockholm,SK,38,2,2025,1702
01,Stockholm,SK,39,1,2025,1290
01,Stockholm,SK,39,2,2025,1906
01,Stockholm,SK,40,1,2025,1416
01,Stockholm,SK,40,2,2025,2063
01,Stockholm,SK,41,1,2025,1600
01,Stockholm,SK,41,2,2025,2175
01,Stockholm,SK,42,1,2025,1620
01,Stockholm,SK,42,2,2025,2252
01,Stockholm,SK,43,1,2025,1797
01,Stockholm,SK,43,2,2025,2502
01,Stockholm,SK,44,1,2025,1943
01,Stockholm,SK,44,2,2025,2599
01,Stockholm,SK,45,1,2025,2206
01,Stockholm,SK,45,2,2025,2837
01,Stockholm,SK,46,1,2025,2076
01,Stockholm,SK,46,2,2025,2843
01,Stockholm,SK,47,1,2025,2198
01,Stockholm,SK,47,2,2025,3015
01,Stockholm,SK,48,1,2025,2334
01,Stockholm,SK,48,2,2025,2928
01,Stockholm,SK,49,1,2025,2428
01,Stockholm,SK,49,2,2025,3081
01,Stockholm,SK,50,1,2025,2646
01,Stockholm,SK,50,2,2025,3262
01,Stockholm,SK,51,1,2025,2753
01,Stockholm,SK,51,2,2025,3537
01,Stockholm,SK,52,1,2025,2758
01,Stockholm,SK,52,2,2025,3508
01,Stockholm,SK,53,1,2025,2805
01,Stockholm,SK,53,2,2025,3612
01,Stockholm,SK,54,1,2025,2780
01,Stockholm,SK,54,2,2025,3646
01,Stockholm,SK,55,1,2025,2757
01,Stockholm,SK,55,2,2025,3618
01,Stockholm,SK,56,1,2025,2764
01,Stockholm,SK,56,2,2025,3566
01,Stockholm,SK,57,1,2025,2876
01,Stockholm,SK,57,2,2025,3682
01,Stockholm,SK,58,1,2025,2991
01,Stockholm,SK,58,2,2025,3765
01,Stockholm,SK,59,1,2025,3096
01,Stockholm,SK,59,2,2025,3818
01,Stockholm,SK,60,1,2025,3151
01,Stockholm,SK,60,2,2025,3905
01,Stockholm,SK,61,1,2025,3101
01,Stockholm,SK,61,2,2025,3937
01,Stockholm,SK,62,1,2025,2896
01,Stockholm,SK,62,2,2025,3559
01,Stockholm,SK,63,1,2025,2744
01,Stockholm,SK,63,2,2025,3404
01,Stockholm,SK,64,1,2025,2579
01,Stockholm,SK,64,2,2025,3235
01,Stockholm,SK,65,1,2025,2576
01,Stockholm,SK,65,2,2025,3207
01,Stockholm,SK,66,1,2025,2368
01,Stockholm,SK,66,2,2025,3063
01,Stockholm,SK,67,1,2025,2372
01,Stockholm,SK,67,2,2025,2956
01,Stockholm,SK,68,1,2025,2337
01,Stockholm,SK,68,2,2025,2951
01,Stockholm,SK,69,1,2025,2336
01,Stockholm,SK,69,2,2025,2866
01,Stockholm,SK,70,1,2025,2140
01,Stockholm,SK,70,2,2025,2730
01,Stockholm,SK,71,1,2025,2007
01,Stockholm,SK,71,2,2025,2582
01,Stockholm,SK,72,1,2025,1945
01,Stockholm,SK,72,2,2025,2623
01,Stockholm,SK,73,1,2025,1834
01,Stockholm,SK,73,2,2025,2486
01,Stockholm,SK,74,1,2025,1637
01,Stockholm,SK,74,2,2025,2453
01,Stockholm,SK,75,1,2025,1670
01,Stockholm,SK,75,2,2025,2451
01,Stockholm,SK,76,1,2025,1648
01,Stockholm,SK,76,2,2025,2429
01,Stockholm,SK,77,1,2025,1615
01,Stockholm,SK,77,2,2025,2531
01,Stockholm,SK,78,1,2025,1567
01,Stockholm,SK,78,2,2025,2497
01,Stockholm,SK,79,1,2025,1512
01,Stockholm,SK,79,2,2025,2501
01,Stockholm,SK,80,1,2025,1476
01,Stockholm,SK,80,2,2025,2421
01,Stockholm,SK,81,1,2025,1316
01,Stockholm,SK,81,2,2025,2287
01,Stockholm,SK,82,1,2025,1230
01,Stockholm,SK,82,2,2025,2002
01,Stockholm,SK,83,1,2025,1009
01,Stockholm,SK,83,2,2025,1658
01,Stockholm,SK,84,1,2025,815
01,Stockholm,SK,84,2,2025,1478
01,Stockholm,SK,85,1,2025,682
01,Stockholm,SK,85,2,2025,1228
01,Stockholm,SK,86,1,2025,558
01,Stockholm,SK,86,2,2025,1118
01,Stockholm,SK,87,1,2025,462
01,Stockholm,SK,87,2,2025,1004
01,Stockholm,SK,88,1,2025,347
01,Stockholm,SK,88,2,2025,770
01,Stockholm,SK,89,1,2025,275
01,Stockholm,SK,89,2,2025,653
01,Stockholm,SK,90,1,2025,232
01,Stockholm,SK,90,2,2025,507
01,Stockholm,SK,91,1,2025,172
01,Stockholm,SK,91,2,2025,422
01,Stockholm,SK,92,1,2025,134
01,Stockholm,SK,92,2,2025,362
01,Stockholm,SK,93,1,2025,84
01,Stockholm,SK,93,2,2025,311
01,Stockholm,SK,94,1,2025,68
01,Stockholm,SK,94,2,2025,221
01,Stockholm,SK,95,1,2025,45
01,Stockholm,SK,95,2,2025,197
01,Stockholm,SK,96,1,2025,26
01,Stockholm,SK,96,2,2025,91
01,Stockholm,SK,97,1,2025,22
01,Stockholm,SK,97,2,2025,87
01,Stockholm,SK,98,1,2025,12
01,Stockholm,SK,98,2,2025,61
01,Stockholm,SK,99,1,2025,4
01,Stockholm,SK,99,2,2025,45
01,Stockholm,SK,100+1,1,2025,8
01,Stockholm,SK,100+1,2,2025,72
03,Uppsala,OG,0,1,2025,1913
03,Uppsala,OG,0,2,2025,1862
03,Uppsala,OG,1,1,2025,2041
03,Uppsala,OG,1,2,2025,1881
03,Uppsala,OG,2,1,2025,1978
03,Uppsala,OG,2,2,2025,1962
03,Uppsala,OG,3,1,2025,2102
03,Uppsala,OG,3,2,2025,2028
03,Uppsala,OG,4,1,2025,2289
03,Uppsala,OG,4,2,2025,2228
03,Uppsala,OG,5,1,2025,2279
03,Uppsala,OG,5,2,2025,2114
03,Uppsala,OG,6,1,2025,2401
03,Uppsala,OG,6,2,2025,2188
03,Uppsala,OG,7,1,2025,2441
03,Uppsala,OG,7,2,2025,2275
03,Uppsala,OG,8,1,2025,2429
03,Uppsala,OG,8,2,2025,2281
03,Uppsala,OG,9,1,2025,2493
03,Uppsala,OG,9,2,2025,2357
03,Uppsala,OG,10,1,2025,2501
03,Uppsala,OG,10,2,2025,2474
03,Uppsala,OG,11,1,2025,2474
03,Uppsala,OG,11,2,2025,2343
03,Uppsala,OG,12,1,2025,2365
03,Uppsala,OG,12,2,2025,2284
03,Uppsala,OG,13,1,2025,2608
03,Uppsala,OG,13,2,2025,2353
03,Uppsala,OG,14,1,2025,2371
03,Uppsala,OG,14,2,2025,2343
03,Uppsala,OG,15,1,2025,2589
03,Uppsala,OG,15,2,2025,2346
03,Uppsala,OG,16,1,2025,2433
03,Uppsala,OG,16,2,2025,2323
03,Uppsala,OG,17,1,2025,2513
03,Uppsala,OG,17,2,2025,2372
03,Uppsala,OG,18,1,2025,2452
03,Uppsala,OG,18,2,2025,2281
03,Uppsala,OG,19,1,2025,2487
03,Uppsala,OG,19,2,2025,2472
03,Uppsala,OG,20,1,2025,2606
03,Uppsala,OG,20,2,2025,2953
03,Uppsala,OG,21,1,2025,3027
03,Uppsala,OG,21,2,2025,3533
03,Uppsala,OG,22,1,2025,3163
03,Uppsala,OG,22,2,2025,3877
03,Uppsala,OG,23,1,2025,3256
03,Uppsala,OG,23,2,2025,3780
03,Uppsala,OG,24,1,2025,3039
03,Uppsala,OG,24,2,2025,3259
03,Uppsala,OG,25,1,2025,3021
03,Uppsala,OG,25,2,2025,2836
03,Uppsala,OG,26,1,2025,2855
03,Uppsala,OG,26,2,2025,2549
03,Uppsala,OG,27,1,2025,2639
03,Uppsala,OG,27,2,2025,2219
03,Uppsala,OG,28,1,2025,2399
03,Uppsala,OG,28,2,2025,2191
03,Uppsala,OG,29,1,2025,2273
03,Uppsala,OG,29,2,2025,2043
03,Uppsala,OG,30,1,2025,2389
03,Uppsala,OG,30,2,2025,2002
03,Uppsala,OG,31,1,2025,2392
03,Uppsala,OG,31,2,2025,2029
03,Uppsala,OG,32,1,2025,2265
03,Uppsala,OG,32,2,2025,1814
03,Uppsala,OG,33,1,2025,2263
03,Uppsala,OG,33,2,2025,1849
03,Uppsala,OG,34,1,2025,2060
03,Uppsala,OG,34,2,2025,1816
03,Uppsala,OG,35,1,2025,2141
03,Uppsala,OG,35,2,2025,1599
03,Uppsala,OG,36,1,2025,1809
03,Uppsala,OG,36,2,2025,1441
03,Uppsala,OG,37,1,2025,1732
03,Uppsala,OG,37,2,2025,1274
03,Uppsala,OG,38,1,2025,1514
03,Uppsala,OG,38,2,2025,1216
03,Uppsala,OG,39,1,2025,1500
03,Uppsala,OG,39,2,2025,1182
03,Uppsala,OG,40,1,2025,1272
03,Uppsala,OG,40,2,2025,1031
03,Uppsala,OG,41,1,2025,1141
03,Uppsala,OG,41,2,2025,916
03,Uppsala,OG,42,1,2025,1099
03,Uppsala,OG,42,2,2025,879
03,Uppsala,OG,43,1,2025,968
03,Uppsala,OG,43,2,2025,848
03,Uppsala,OG,44,1,2025,894
03,Uppsala,OG,44,2,2025,749
03,Uppsala,OG,45,1,2025,940
03,Uppsala,OG,45,2,2025,730
03,Uppsala,OG,46,1,2025,838
03,Uppsala,OG,46,2,2025,692
03,Uppsala,OG,47,1,2025,795
03,Uppsala,OG,47,2,2025,700
03,Uppsala,OG,48,1,2025,834
03,Uppsala,OG,48,2,2025,615
03,Uppsala,OG,49,1,2025,756
03,Uppsala,OG,49,2,2025,636
03,Uppsala,OG,50,1,2025,753
03,Uppsala,OG,50,2,2025,661
03,Uppsala,OG,51,1,2025,772
03,Uppsala,OG,51,2,2025,638
03,Uppsala,OG,52,1,2025,735
03,Uppsala,OG,52,2,2025,589
03,Uppsala,OG,53,1,2025,771
03,Uppsala,OG,53,2,2025,585
03,Uppsala,OG,54,1,2025,743
03,Uppsala,OG,54,2,2025,572
03,Uppsala,OG,55,1,2025,692
03,Uppsala,OG,55,2,2025,582
03,Uppsala,OG,56,1,2025,611
03,Uppsala,OG,56,2,2025,548
03,Uppsala,OG,57,1,2025,706
03,Uppsala,OG,57,2,2025,570
03,Uppsala,OG,58,1,2025,698
03,Uppsala,OG,58,2,2025,652
03,Uppsala,OG,59,1,2025,687
03,Uppsala,OG,59,2,2025,604
03,Uppsala,OG,60,1,2025,659
03,Uppsala,OG,60,2,2025,566
03,Uppsala,OG,61,1,2025,593
03,Uppsala,OG,61,2,2025,562
03,Uppsala,OG,62,1,2025,628
03,Uppsala,OG,62,2,2025,515
03,Uppsala,OG,63,1,2025,504
03,Uppsala,OG,63,2,2025,453
03,Uppsala,OG,64,1,2025,489
03,Uppsala,OG,64,2,2025,411
03,Uppsala,OG,65,1,2025,407
03,Uppsala,OG,65,2,2025,409
03,Uppsala,OG,66,1,2025,450
03,Uppsala,OG,66,2,2025,383
03,Uppsala,OG,67,1,2025,446
03,Uppsala,OG,67,2,2025,384
03,Uppsala,OG,68,1,2025,393
03,Uppsala,OG,68,2,2025,363
03,Uppsala,OG,69,1,2025,409
03,Uppsala,OG,69,2,2025,357
03,Uppsala,OG,70,1,2025,359
03,Uppsala,OG,70,2,2025,339
03,Uppsala,OG,71,1,2025,355
03,Uppsala,OG,71,2,2025,301
03,Uppsala,OG,72,1,2025,325
03,Uppsala,OG,72,2,2025,285
03,Uppsala,OG,73,1,2025,285
03,Uppsala,OG,73,2,2025,246
03,Uppsala,OG,74,1,2025,245
03,Uppsala,OG,74,2,2025,232
03,Uppsala,OG,75,1,2025,300
03,Uppsala,OG,75,2,2025,247
03,Uppsala,OG,76,1,2025,248
03,Uppsala,OG,76,2,2025,249
03,Uppsala,OG,77,1,2025,249
03,Uppsala,OG,77,2,2025,258
03,Uppsala,OG,78,1,2025,225
03,Uppsala,OG,78,2,2025,185
03,Uppsala,OG,79,1,2025,209
03,Uppsala,OG,79,2,2025,196
03,Uppsala,OG,80,1,2025,165
03,Uppsala,OG,80,2,2025,169
03,Uppsala,OG,81,1,2025,145
03,Uppsala,OG,81,2,2025,118
03,Uppsala,OG,82,1,2025,110
03,Uppsala,OG,82,2,2025,98
03,Uppsala,OG,83,1,2025,89
03,Uppsala,OG,83,2,2025,99
03,Uppsala,OG,84,1,2025,77
03,Uppsala,OG,84,2,2025,70
03,Uppsala,OG,85,1,2025,44
03,Uppsala,OG,85,2,2025,50
03,Uppsala,OG,86,1,2025,41
03,Uppsala,OG,86,2,2025,49
03,Uppsala,OG,87,1,2025,40
03,Uppsala,OG,87,2,2025,33
03,Uppsala,OG,88,1,2025,41
03,Uppsala,OG,88,2,2025,28
03,Uppsala,OG,89,1,2025,22
03,Uppsala,OG,89,2,2025,25
03,Uppsala,OG,90,1,2025,19
03,Uppsala,OG,90,2,2025,20
03,Uppsala,OG,91,1,2025,10
03,Uppsala,OG,91,2,2025,18
03,Uppsala,OG,92,1,2025,10
03,Uppsala,OG,92,2,2025,18
03,Uppsala,OG,93,1,2025,3
03,Uppsala,OG,93,2,2025,15
03,Uppsala,OG,94,1,2025,4
03,Uppsala,OG,94,2,2025,8
03,Uppsala,OG,95,1,2025,4
03,Uppsala,OG,95,2,2025,13
03,Uppsala,OG,96,1,2025,3
03,Uppsala,OG,96,2,2025,4
03,Uppsala,OG,97,1,2025,0
03,Uppsala,OG,97,2,2025,4
03,Uppsala,OG,98,1,2025,3
03,Uppsala,OG,98,2,2025,0
03,Uppsala,OG,99,1,2025,0
03,Uppsala,OG,99,2,2025,3
03,Uppsala,OG,100+1,1,2025,3
03,Uppsala,OG,100+1,2,2025,7
03,Uppsala,G,0,1,2025,0
03,Uppsala,G,0,2,2025,0
03,Uppsala,G,1,1,2025,0
03,Uppsala,G,1,2,2025,0
03,Uppsala,G,2,1,2025,0
03,Uppsala,G,2,2,2025,0
03,Uppsala,G,3,1,2025,0
03,Uppsala,G,3,2,2025,0
03,Uppsala,G,4,1,2025,0
03,Uppsala,G,4,2,2025,0
03,Uppsala,G,5,1,2025,0
03,Uppsala,G,5,2,2025,0
03,Uppsala,G,6,1,2025,0
03,Uppsala,G,6,2,2025,0
03,Uppsala,G,7,1,2025,0
03,Uppsala,G,7,2,2025,0
03,Uppsala,G,8,1,2025,0
03,Uppsala,G,8,2,2025,0
03,Uppsala,G,9,1,2025,0
03,Uppsala,G,9,2,2025,0
03,Uppsala,G,10,1,2025,0
03,Uppsala,G,10,2,2025,0
03,Uppsala,G,11,1,2025,0
03,Uppsala,G,11,2,2025,0
03,Uppsala,G,12,1,2025,0
03,Uppsala,G,12,2,2025,0
03,Uppsala,G,13,1,2025,0
03,Uppsala,G,13,2,2025,0
03,Uppsala,G,14,1,2025,0
03,Uppsala,G,14,2,2025,0
03,Uppsala,G,15,1,2025,0
03,Uppsala,G,15,2,2025,0
03,Uppsala,G,16,1,2025,0
03,Uppsala,G,16,2,2025,0
03,Uppsala,G,17,1,2025,0
03,Uppsala,G,17,2,2025,0
03,Uppsala,G,18,1,2025,0
03,Uppsala,G,18,2,2025,3
03,Uppsala,G,19,1,2025,0
03,Uppsala,G,19,2,2025,6
03,Uppsala,G,20,1,2025,5
03,Uppsala,G,20,2,2025,9
03,Uppsala,G,21,1,2025,9
03,Uppsala,G,21,2,2025,41
03,Uppsala,G,22,1,2025,21
03,Uppsala,G,22,2,2025,70
03,Uppsala,G,23,1,2025,35
03,Uppsala,G,23,2,2025,90
03,Uppsala,G,24,1,2025,58
03,Uppsala,G,24,2,2025,167
03,Uppsala,G,25,1,2025,114
03,Uppsala,G,25,2,2025,212
03,Uppsala,G,26,1,2025,198
03,Uppsala,G,26,2,2025,277
03,Uppsala,G,27,1,2025,209
03,Uppsala,G,27,2,2025,373
03,Uppsala,G,28,1,2025,282
03,Uppsala,G,28,2,2025,427
03,Uppsala,G,29,1,2025,341
03,Uppsala,G,29,2,2025,581
03,Uppsala,G,30,1,2025,494
03,Uppsala,G,30,2,2025,706
03,Uppsala,G,31,1,2025,607
03,Uppsala,G,31,2,2025,821
03,Uppsala,G,32,1,2025,678
03,Uppsala,G,32,2,2025,961
03,Uppsala,G,33,1,2025,828
03,Uppsala,G,33,2,2025,1110
03,Uppsala,G,34,1,2025,994
03,Uppsala,G,34,2,2025,1206
03,Uppsala,G,35,1,2025,1063
03,Uppsala,G,35,2,2025,1236
03,Uppsala,G,36,1,2025,1040
03,Uppsala,G,36,2,2025,1312
03,Uppsala,G,37,1,2025,1182
03,Uppsala,G,37,2,2025,1275
03,Uppsala,G,38,1,2025,1149
03,Uppsala,G,38,2,2025,1351
03,Uppsala,G,39,1,2025,1188
03,Uppsala,G,39,2,2025,1294
03,Uppsala,G,40,1,2025,1291
03,Uppsala,G,40,2,2025,1370
03,Uppsala,G,41,1,2025,1235
03,Uppsala,G,41,2,2025,1284
03,Uppsala,G,42,1,2025,1176
03,Uppsala,G,42,2,2025,1289
03,Uppsala,G,43,1,2025,1293
03,Uppsala,G,43,2,2025,1240
03,Uppsala,G,44,1,2025,1184
03,Uppsala,G,44,2,2025,1202
03,Uppsala,G,45,1,2025,1263
03,Uppsala,G,45,2,2025,1303
03,Uppsala,G,46,1,2025,1251
03,Uppsala,G,46,2,2025,1231
03,Uppsala,G,47,1,2025,1180
03,Uppsala,G,47,2,2025,1212
03,Uppsala,G,48,1,2025,1226
03,Uppsala,G,48,2,2025,1217
03,Uppsala,G,49,1,2025,1225
03,Uppsala,G,49,2,2025,1203
03,Uppsala,G,50,1,2025,1298
03,Uppsala,G,50,2,2025,1296
03,Uppsala,G,51,1,2025,1378
03,Uppsala,G,51,2,2025,1300
03,Uppsala,G,52,1,2025,1293
03,Uppsala,G,52,2,2025,1302
03,Uppsala,G,53,1,2025,1286
03,Uppsala,G,53,2,2025,1281
03,Uppsala,G,54,1,2025,1346
03,Uppsala,G,54,2,2025,1293
03,Uppsala,G,55,1,2025,1194
03,Uppsala,G,55,2,2025,1136
03,Uppsala,G,56,1,2025,1236
03,Uppsala,G,56,2,2025,1190
03,Uppsala,G,57,1,2025,1219
03,Uppsala,G,57,2,2025,1193
03,Uppsala,G,58,1,2025,1200
03,Uppsala,G,58,2,2025,1278
03,Uppsala,G,59,1,2025,1265
03,Uppsala,G,59,2,2025,1242
03,Uppsala,G,60,1,2025,1270
03,Uppsala,G,60,2,2025,1203
03,Uppsala,G,61,1,2025,1304
03,Uppsala,G,61,2,2025,1207
03,Uppsala,G,62,1,2025,1186
03,Uppsala,G,62,2,2025,1169
03,Uppsala,G,63,1,2025,1165
03,Uppsala,G,63,2,2025,1062
03,Uppsala,G,64,1,2025,1057
03,Uppsala,G,64,2,2025,1100
03,Uppsala,G,65,1,2025,1095
03,Uppsala,G,65,2,2025,1000
03,Uppsala,G,66,1,2025,1039
03,Uppsala,G,66,2,2025,1049
03,Uppsala,G,67,1,2025,1090
03,Uppsala,G,67,2,2025,1032
03,Uppsala,G,68,1,2025,1097
03,Uppsala,G,68,2,2025,1018
03,Uppsala,G,69,1,2025,1112
03,Uppsala,G,69,2,2025,1051
03,Uppsala,G,70,1,2025,1053
03,Uppsala,G,70,2,2025,971
03,Uppsala,G,71,1,2025,1060
03,Uppsala,G,71,2,2025,931
03,Uppsala,G,72,1,2025,1041
03,Uppsala,G,72,2,2025,999
03,Uppsala,G,73,1,2025,1020
03,Uppsala,G,73,2,2025,987
03,Uppsala,G,74,1,2025,1012
03,Uppsala,G,74,2,2025,944
03,Uppsala,G,75,1,2025,1012
03,Uppsala,G,75,2,2025,959
03,Uppsala,G,76,1,2025,1099
03,Uppsala,G,76,2,2025,928
03,Uppsala,G,77,1,2025,1086
03,Uppsala,G,77,2,2025,966
03,Uppsala,G,78,1,2025,1101
03,Uppsala,G,78,2,2025,897
03,Uppsala,G,79,1,2025,985
03,Uppsala,G,79,2,2025,782
03,Uppsala,G,80,1,2025,938
03,Uppsala,G,80,2,2025,799
03,Uppsala,G,81,1,2025,924
03,Uppsala,G,81,2,2025,712
03,Uppsala,G,82,1,2025,770
03,Uppsala,G,82,2,2025,577
03,Uppsala,G,83,1,2025,665
03,Uppsala,G,83,2,2025,452
03,Uppsala,G,84,1,2025,526
03,Uppsala,G,84,2,2025,321
03,Uppsala,G,85,1,2025,434
03,Uppsala,G,85,2,2025,279
03,Uppsala,G,86,1,2025,385
03,Uppsala,G,86,2,2025,227
03,Uppsala,G,87,1,2025,290
03,Uppsala,G,87,2,2025,177
03,Uppsala,G,88,1,2025,256
03,Uppsala,G,88,2,2025,143
03,Uppsala,G,89,1,2025,187
03,Uppsala,G,89,2,2025,117
03,Uppsala,G,90,1,2025,141
03,Uppsala,G,90,2,2025,83
03,Uppsala,G,91,1,2025,113
03,Uppsala,G,91,2,2025,52
03,Uppsala,G,92,1,2025,80
03,Uppsala,G,92,2,2025,39
03,Uppsala,G,93,1,2025,61
03,Uppsala,G,93,2,2025,24
03,Uppsala,G,94,1,2025,49
03,Uppsala,G,94,2,2025,13
03,Uppsala,G,95,1,2025,33
03,Uppsala,G,95,2,2025,9
03,Uppsala,G,96,1,2025,17
03,Uppsala,G,96,2,2025,7
03,Uppsala,G,97,1,2025,5
03,Uppsala,G,97,2,2025,4
03,Uppsala,G,98,1,2025,4
03,Uppsala,G,98,2,2025,4
03,Uppsala,G,99,1,2025,3
03,Uppsala,G,99,2,2025,0
03,Uppsala,G,100+1,1,2025,4
03,Uppsala,G,100+1,2,2025,5
03,Uppsala,ÄNKL,0,1,2025,0
03,Uppsala,ÄNKL,0,2,2025,0
03,Uppsala,ÄNKL,1,1,2025,0
03,Uppsala,ÄNKL,1,2,2025,0
03,Uppsala,ÄNKL,2,1,2025,0
03,Uppsala,ÄNKL,2,2,2025,0
03,Uppsala,ÄNKL,3,1,2025,0
03,Uppsala,ÄNKL,3,2,2025,0
03,Uppsala,ÄNKL,4,1,2025,0
03,Uppsala,ÄNKL,4,2,2025,0
03,Uppsala,ÄNKL,5,1,2025,0
03,Uppsala,ÄNKL,5,2,2025,0
03,Uppsala,ÄNKL,6,1,2025,0
03,Uppsala,ÄNKL,6,2,2025,0
03,Uppsala,ÄNKL,7,1,2025,0
03,Uppsala,ÄNKL,7,2,2025,0
03,Uppsala,ÄNKL,8,1,2025,0
03,Uppsala,ÄNKL,8,2,2025,0
03,Uppsala,ÄNKL,9,1,2025,0
03,Uppsala,ÄNKL,9,2,2025,0
03,Uppsala,ÄNKL,10,1,2025,0
03,Uppsala,ÄNKL,10,2,2025,0
03,Uppsala,ÄNKL,11,1,2025,0
03,Uppsala,ÄNKL,11,2,2025,0
03,Uppsala,ÄNKL,12,1,2025,0
03,Uppsala,ÄNKL,12,2,2025,0
03,Uppsala,ÄNKL,13,1,2025,0
03,Uppsala,ÄNKL,13,2,2025,0
03,Uppsala,ÄNKL,14,1,2025,0
03,Uppsala,ÄNKL,14,2,2025,0
03,Uppsala,ÄNKL,15,1,2025,0
03,Uppsala,ÄNKL,15,2,2025,0
03,Uppsala,ÄNKL,16,1,2025,0
03,Uppsala,ÄNKL,16,2,2025,0
03,Uppsala,ÄNKL,17,1,2025,0
03,Uppsala,ÄNKL,17,2,2025,0
03,Uppsala,ÄNKL,18,1,2025,0
03,Uppsala,ÄNKL,18,2,2025,0
03,Uppsala,ÄNKL,19,1,2025,0
03,Uppsala,ÄNKL,19,2,2025,0
03,Uppsala,ÄNKL,20,1,2025,0
03,Uppsala,ÄNKL,20,2,2025,0
03,Uppsala,ÄNKL,21,1,2025,0
03,Uppsala,ÄNKL,21,2,2025,0
03,Uppsala,ÄNKL,22,1,2025,0
03,Uppsala,ÄNKL,22,2,2025,0
03,Uppsala,ÄNKL,23,1,2025,0
03,Uppsala,ÄNKL,23,2,2025,0
03,Uppsala,ÄNKL,24,1,2025,0
03,Uppsala,ÄNKL,24,2,2025,0
03,Uppsala,ÄNKL,25,1,2025,0
03,Uppsala,ÄNKL,25,2,2025,0
03,Uppsala,ÄNKL,26,1,2025,0
03,Uppsala,ÄNKL,26,2,2025,0
03,Uppsala,ÄNKL,27,1,2025,0
03,Uppsala,ÄNKL,27,2,2025,0
03,Uppsala,ÄNKL,28,1,2025,0
03,Uppsala,ÄNKL,28,2,2025,0
03,Uppsala,ÄNKL,29,1,2025,0
03,Uppsala,ÄNKL,29,2,2025,3
03,Uppsala,ÄNKL,30,1,2025,0
03,Uppsala,ÄNKL,30,2,2025,0
03,Uppsala,ÄNKL,31,1,2025,0
03,Uppsala,ÄNKL,31,2,2025,3
03,Uppsala,ÄNKL,32,1,2025,0
03,Uppsala,ÄNKL,32,2,2025,8
03,Uppsala,ÄNKL,33,1,2025,0
03,Uppsala,ÄNKL,33,2,2025,4
03,Uppsala,ÄNKL,34,1,2025,3
03,Uppsala,ÄNKL,34,2,2025,6
03,Uppsala,ÄNKL,35,1,2025,3
03,Uppsala,ÄNKL,35,2,2025,0
03,Uppsala,ÄNKL,36,1,2025,3
03,Uppsala,ÄNKL,36,2,2025,6
03,Uppsala,ÄNKL,37,1,2025,0
03,Uppsala,ÄNKL,37,2,2025,5
03,Uppsala,ÄNKL,38,1,2025,3
03,Uppsala,ÄNKL,38,2,2025,5
03,Uppsala,ÄNKL,39,1,2025,4
03,Uppsala,ÄNKL,39,2,2025,14
03,Uppsala,ÄNKL,40,1,2025,4
03,Uppsala,ÄNKL,40,2,2025,12
03,Uppsala,ÄNKL,41,1,2025,6
03,Uppsala,ÄNKL,41,2,2025,8
03,Uppsala,ÄNKL,42,1,2025,3
03,Uppsala,ÄNKL,42,2,2025,13
03,Uppsala,ÄNKL,43,1,2025,4
03,Uppsala,ÄNKL,43,2,2025,19
03,Uppsala,ÄNKL,44,1,2025,0
03,Uppsala,ÄNKL,44,2,2025,12
03,Uppsala,ÄNKL,45,1,2025,3
03,Uppsala,ÄNKL,45,2,2025,16
03,Uppsala,ÄNKL,46,1,2025,10
03,Uppsala,ÄNKL,46,2,2025,21
03,Uppsala,ÄNKL,47,1,2025,3
03,Uppsala,ÄNKL,47,2,2025,16
03,Uppsala,ÄNKL,48,1,2025,10
03,Uppsala,ÄNKL,48,2,2025,26
03,Uppsala,ÄNKL,49,1,2025,7
03,Uppsala,ÄNKL,49,2,2025,19
03,Uppsala,ÄNKL,50,1,2025,5
03,Uppsala,ÄNKL,50,2,2025,21
03,Uppsala,ÄNKL,51,1,2025,11
03,Uppsala,ÄNKL,51,2,2025,34
03,Uppsala,ÄNKL,52,1,2025,14
03,Uppsala,ÄNKL,52,2,2025,44
03,Uppsala,ÄNKL,53,1,2025,12
03,Uppsala,ÄNKL,53,2,2025,44
03,Uppsala,ÄNKL,54,1,2025,12
03,Uppsala,ÄNKL,54,2,2025,34
03,Uppsala,ÄNKL,55,1,2025,19
03,Uppsala,ÄNKL,55,2,2025,52
03,Uppsala,ÄNKL,56,1,2025,18
03,Uppsala,ÄNKL,56,2,2025,41
03,Uppsala,ÄNKL,57,1,2025,20
03,Uppsala,ÄNKL,57,2,2025,47
03,Uppsala,ÄNKL,58,1,2025,16
03,Uppsala,ÄNKL,58,2,2025,47
03,Uppsala,ÄNKL,59,1,2025,14
03,Uppsala,ÄNKL,59,2,2025,52
03,Uppsala,ÄNKL,60,1,2025,22
03,Uppsala,ÄNKL,60,2,2025,56
03,Uppsala,ÄNKL,61,1,2025,24
03,Uppsala,ÄNKL,61,2,2025,63
03,Uppsala,ÄNKL,62,1,2025,32
03,Uppsala,ÄNKL,62,2,2025,76
03,Uppsala,ÄNKL,63,1,2025,36
03,Uppsala,ÄNKL,63,2,2025,82
03,Uppsala,ÄNKL,64,1,2025,31
03,Uppsala,ÄNKL,64,2,2025,100
03,Uppsala,ÄNKL,65,1,2025,32
03,Uppsala,ÄNKL,65,2,2025,107
03,Uppsala,ÄNKL,66,1,2025,33
03,Uppsala,ÄNKL,66,2,2025,113
03,Uppsala,ÄNKL,67,1,2025,44
03,Uppsala,ÄNKL,67,2,2025,115
03,Uppsala,ÄNKL,68,1,2025,46
03,Uppsala,ÄNKL,68,2,2025,139
03,Uppsala,ÄNKL,69,1,2025,46
03,Uppsala,ÄNKL,69,2,2025,158
03,Uppsala,ÄNKL,70,1,2025,48
03,Uppsala,ÄNKL,70,2,2025,166
03,Uppsala,ÄNKL,71,1,2025,64
03,Uppsala,ÄNKL,71,2,2025,198
03,Uppsala,ÄNKL,72,1,2025,63
03,Uppsala,ÄNKL,72,2,2025,199
03,Uppsala,ÄNKL,73,1,2025,93
03,Uppsala,ÄNKL,73,2,2025,237
03,Uppsala,ÄNKL,74,1,2025,74
03,Uppsala,ÄNKL,74,2,2025,246
03,Uppsala,ÄNKL,75,1,2025,100
03,Uppsala,ÄNKL,75,2,2025,263
03,Uppsala,ÄNKL,76,1,2025,104
03,Uppsala,ÄNKL,76,2,2025,346
03,Uppsala,ÄNKL,77,1,2025,131
03,Uppsala,ÄNKL,77,2,2025,343
03,Uppsala,ÄNKL,78,1,2025,136
03,Uppsala,ÄNKL,78,2,2025,394
03,Uppsala,ÄNKL,79,1,2025,169
03,Uppsala,ÄNKL,79,2,2025,428
03,Uppsala,ÄNKL,80,1,2025,171
03,Uppsala,ÄNKL,80,2,2025,478
03,Uppsala,ÄNKL,81,1,2025,171
03,Uppsala,ÄNKL,81,2,2025,480
03,Uppsala,ÄNKL,82,1,2025,156
03,Uppsala,ÄNKL,82,2,2025,509
03,Uppsala,ÄNKL,83,1,2025,188
03,Uppsala,ÄNKL,83,2,2025,479
03,Uppsala,ÄNKL,84,1,2025,145
03,Uppsala,ÄNKL,84,2,2025,382
03,Uppsala,ÄNKL,85,1,2025,130
03,Uppsala,ÄNKL,85,2,2025,399
03,Uppsala,ÄNKL,86,1,2025,157
03,Uppsala,ÄNKL,86,2,2025,399
03,Uppsala,ÄNKL,87,1,2025,127
03,Uppsala,ÄNKL,87,2,2025,385
03,Uppsala,ÄNKL,88,1,2025,120
03,Uppsala,ÄNKL,88,2,2025,363
03,Uppsala,ÄNKL,89,1,2025,94
03,Uppsala,ÄNKL,89,2,2025,343
03,Uppsala,ÄNKL,90,1,2025,103
03,Uppsala,ÄNKL,90,2,2025,308
03,Uppsala,ÄNKL,91,1,2025,85
03,Uppsala,ÄNKL,91,2,2025,272
03,Uppsala,ÄNKL,92,1,2025,71
03,Uppsala,ÄNKL,92,2,2025,252
03,Uppsala,ÄNKL,93,1,2025,60
03,Uppsala,ÄNKL,93,2,2025,194
03,Uppsala,ÄNKL,94,1,2025,58
03,Uppsala,ÄNKL,94,2,2025,171
03,Uppsala,ÄNKL,95,1,2025,46
03,Uppsala,ÄNKL,95,2,2025,131
03,Uppsala,ÄNKL,96,1,2025,34
03,Uppsala,ÄNKL,96,2,2025,105
03,Uppsala,ÄNKL,97,1,2025,21
03,Uppsala,ÄNKL,97,2,2025,95
03,Uppsala,ÄNKL,98,1,2025,19
03,Uppsala,ÄNKL,98,2,2025,59
03,Uppsala,ÄNKL,99,1,2025,8
03,Uppsala,ÄNKL,99,2,2025,58
03,Uppsala,ÄNKL,100+1,1,2025,11
03,Uppsala,ÄNKL,100+1,2,2025,73
03,Uppsala,SK,0,1,2025,0
03,Uppsala,SK,0,2,2025,0
03,Uppsala,SK,1,1,2025,0
03,Uppsala,SK,1,2,2025,0
03,Uppsala,SK,2,1,2025,0
03,Uppsala,SK,2,2,2025,0
03,Uppsala,SK,3,1,2025,0
03,Uppsala,SK,3,2,2025,0
03,Uppsala,SK,4,1,2025,0
03,Uppsala,SK,4,2,2025,0
03,Uppsala,SK,5,1,2025,0
03,Uppsala,SK,5,2,2025,0
03,Uppsala,SK,6,1,2025,0
03,Uppsala,SK,6,2,2025,0
03,Uppsala,SK,7,1,2025,0
03,Uppsala,SK,7,2,2025,0
03,Uppsala,SK,8,1,2025,0
03,Uppsala,SK,8,2,2025,0
03,Uppsala,SK,9,1,2025,0
03,Uppsala,SK,9,2,2025,0
03,Uppsala,SK,10,1,2025,0
03,Uppsala,SK,10,2,2025,0
03,Uppsala,SK,11,1,2025,0
03,Uppsala,SK,11,2,2025,0
03,Uppsala,SK,12,1,2025,0
03,Uppsala,SK,12,2,2025,0
03,Uppsala,SK,13,1,2025,0
03,Uppsala,SK,13,2,2025,0
03,Uppsala,SK,14,1,2025,0
03,Uppsala,SK,14,2,2025,0
03,Uppsala,SK,15,1,2025,0
03,Uppsala,SK,15,2,2025,0
03,Uppsala,SK,16,1,2025,0
03,Uppsala,SK,16,2,2025,0
03,Uppsala,SK,17,1,2025,0
03,Uppsala,SK,17,2,2025,0
03,Uppsala,SK,18,1,2025,0
03,Uppsala,SK,18,2,2025,0
03,Uppsala,SK,19,1,2025,0
03,Uppsala,SK,19,2,2025,0
03,Uppsala,SK,20,1,2025,0
03,Uppsala,SK,20,2,2025,0
03,Uppsala,SK,21,1,2025,0
03,Uppsala,SK,21,2,2025,0
03,Uppsala,SK,22,1,2025,0
03,Uppsala,SK,22,2,2025,3
03,Uppsala,SK,23,1,2025,0
03,Uppsala,SK,23,2,2025,7
03,Uppsala,SK,24,1,2025,0
03,Uppsala,SK,24,2,2025,7
03,Uppsala,SK,25,1,2025,7
03,Uppsala,SK,25,2,2025,15
03,Uppsala,SK,26,1,2025,11
03,Uppsala,SK,26,2,2025,12
03,Uppsala,SK,27,1,2025,14
03,Uppsala,SK,27,2,2025,29
03,Uppsala,SK,28,1,2025,14
03,Uppsala,SK,28,2,2025,27
03,Uppsala,SK,29,1,2025,15
03,Uppsala,SK,29,2,2025,46
03,Uppsala,SK,30,1,2025,24
03,Uppsala,SK,30,2,2025,58
03,Uppsala,SK,31,1,2025,37
03,Uppsala,SK,31,2,2025,90
03,Uppsala,SK,32,1,2025,79
03,Uppsala,SK,32,2,2025,131
03,Uppsala,SK,33,1,2025,83
03,Uppsala,SK,33,2,2025,127
03,Uppsala,SK,34,1,2025,113
03,Uppsala,SK,34,2,2025,205
03,Uppsala,SK,35,1,2025,115
03,Uppsala,SK,35,2,2025,190
03,Uppsala,SK,36,1,2025,149
03,Uppsala,SK,36,2,2025,234
03,Uppsala,SK,37,1,2025,145
03,Uppsala,SK,37,2,2025,260
03,Uppsala,SK,38,1,2025,183
03,Uppsala,SK,38,2,2025,269
03,Uppsala,SK,39,1,2025,176
03,Uppsala,SK,39,2,2025,316
03,Uppsala,SK,40,1,2025,240
03,Uppsala,SK,40,2,2025,293
03,Uppsala,SK,41,1,2025,238
03,Uppsala,SK,41,2,2025,307
03,Uppsala,SK,42,1,2025,246
03,Uppsala,SK,42,2,2025,295
03,Uppsala,SK,43,1,2025,284
03,Uppsala,SK,43,2,2025,337
03,Uppsala,SK,44,1,2025,259
03,Uppsala,SK,44,2,2025,350
03,Uppsala,SK,45,1,2025,265
03,Uppsala,SK,45,2,2025,385
03,Uppsala,SK,46,1,2025,291
03,Uppsala,SK,46,2,2025,375
03,Uppsala,SK,47,1,2025,261
03,Uppsala,SK,47,2,2025,377
03,Uppsala,SK,48,1,2025,300
03,Uppsala,SK,48,2,2025,399
03,Uppsala,SK,49,1,2025,331
03,Uppsala,SK,49,2,2025,412
03,Uppsala,SK,50,1,2025,351
03,Uppsala,SK,50,2,2025,458
03,Uppsala,SK,51,1,2025,371
03,Uppsala,SK,51,2,2025,459
03,Uppsala,SK,52,1,2025,351
03,Uppsala,SK,52,2,2025,453
03,Uppsala,SK,53,1,2025,367
03,Uppsala,SK,53,2,2025,501
03,Uppsala,SK,54,1,2025,367
03,Uppsala,SK,54,2,2025,467
03,Uppsala,SK,55,1,2025,387
03,Uppsala,SK,55,2,2025,439
03,Uppsala,SK,56,1,2025,406
03,Uppsala,SK,56,2,2025,505
03,Uppsala,SK,57,1,2025,396
03,Uppsala,SK,57,2,2025,503
03,Uppsala,SK,58,1,2025,397
03,Uppsala,SK,58,2,2025,482
03,Uppsala,SK,59,1,2025,458
03,Uppsala,SK,59,2,2025,552
03,Uppsala,SK,60,1,2025,430
03,Uppsala,SK,60,2,2025,543
03,Uppsala,SK,61,1,2025,468
03,Uppsala,SK,61,2,2025,531
03,Uppsala,SK,62,1,2025,404
03,Uppsala,SK,62,2,2025,461
03,Uppsala,SK,63,1,2025,401
03,Uppsala,SK,63,2,2025,443
03,Uppsala,SK,64,1,2025,375
03,Uppsala,SK,64,2,2025,471
03,Uppsala,SK,65,1,2025,369
03,Uppsala,SK,65,2,2025,455
03,Uppsala,SK,66,1,2025,363
03,Uppsala,SK,66,2,2025,433
03,Uppsala,SK,67,1,2025,346
03,Uppsala,SK,67,2,2025,461
03,Uppsala,SK,68,1,2025,381
03,Uppsala,SK,68,2,2025,446
03,Uppsala,SK,69,1,2025,370
03,Uppsala,SK,69,2,2025,438
03,Uppsala,SK,70,1,2025,343
03,Uppsala,SK,70,2,2025,414
03,Uppsala,SK,71,1,2025,336
03,Uppsala,SK,71,2,2025,393
03,Uppsala,SK,72,1,2025,327
03,Uppsala,SK,72,2,2025,394
03,Uppsala,SK,73,1,2025,280
03,Uppsala,SK,73,2,2025,401
03,Uppsala,SK,74,1,2025,284
03,Uppsala,SK,74,2,2025,384
03,Uppsala,SK,75,1,2025,303
03,Uppsala,SK,75,2,2025,394
03,Uppsala,SK,76,1,2025,287
03,Uppsala,SK,76,2,2025,403
03,Uppsala,SK,77,1,2025,321
03,Uppsala,SK,77,2,2025,406
03,Uppsala,SK,78,1,2025,297
03,Uppsala,SK,78,2,2025,379
03,Uppsala,SK,79,1,2025,280
03,Uppsala,SK,79,2,2025,362
03,Uppsala,SK,80,1,2025,279
03,Uppsala,SK,80,2,2025,362
03,Uppsala,SK,81,1,2025,238
03,Uppsala,SK,81,2,2025,345
03,Uppsala,SK,82,1,2025,214
03,Uppsala,SK,82,2,2025,314
03,Uppsala,SK,83,1,2025,166
03,Uppsala,SK,83,2,2025,263
03,Uppsala,SK,84,1,2025,134
03,Uppsala,SK,84,2,2025,236
03,Uppsala,SK,85,1,2025,128
03,Uppsala,SK,85,2,2025,196
03,Uppsala,SK,86,1,2025,111
03,Uppsala,SK,86,2,2025,175
03,Uppsala,SK,87,1,2025,104
03,Uppsala,SK,87,2,2025,144
03,Uppsala,SK,88,1,2025,64
03,Uppsala,SK,88,2,2025,102
03,Uppsala,SK,89,1,2025,53
03,Uppsala,SK,89,2,2025,100
03,Uppsala,SK,90,1,2025,51
03,Uppsala,SK,90,2,2025,75
03,Uppsala,SK,91,1,2025,23
03,Uppsala,SK,91,2,2025,71
03,Uppsala,SK,92,1,2025,18
03,Uppsala,SK,92,2,2025,55
03,Uppsala,SK,93,1,2025,26
03,Uppsala,SK,93,2,2025,45
03,Uppsala,SK,94,1,2025,6
03,Uppsala,SK,94,2,2025,34
03,Uppsala,SK,95,1,2025,13
03,Uppsala,SK,95,2,2025,22
03,Uppsala,SK,96,1,2025,3
03,Uppsala,SK,96,2,2025,18
03,Uppsala,SK,97,1,2025,3
03,Uppsala,SK,97,2,2025,9
03,Uppsala,SK,98,1,2025,0
03,Uppsala,SK,98,2,2025,4
03,Uppsala,SK,99,1,2025,3
03,Uppsala,SK,99,2,2025,3
03,Uppsala,SK,100+1,1,2025,0
03,Uppsala,SK,100+1,2,2025,6
04,Södermanland,OG,0,1,2025,1318
04,Södermanland,OG,0,2,2025,1183
04,Södermanland,OG,1,1,2025,1359
04,Södermanland,OG,1,2,2025,1305
04,Södermanland,OG,2,1,2025,1339
04,Södermanland,OG,2,2,2025,1299
04,Södermanland,OG,3,1,2025,1550
04,Södermanland,OG,3,2,2025,1467
04,Södermanland,OG,4,1,2025,1644
04,Södermanland,OG,4,2,2025,1598
04,Södermanland,OG,5,1,2025,1757
04,Södermanland,OG,5,2,2025,1571
04,Södermanland,OG,6,1,2025,1712
04,Södermanland,OG,6,2,2025,1675
04,Södermanland,OG,7,1,2025,1945
04,Södermanland,OG,7,2,2025,1717
04,Södermanland,OG,8,1,2025,1895
04,Södermanland,OG,8,2,2025,1858
04,Södermanland,OG,9,1,2025,1976
04,Södermanland,OG,9,2,2025,1879
04,Södermanland,OG,10,1,2025,1854
04,Södermanland,OG,10,2,2025,1850
04,Södermanland,OG,11,1,2025,1973
04,Södermanland,OG,11,2,2025,1787
04,Södermanland,OG,12,1,2025,1944
04,Södermanland,OG,12,2,2025,1795
04,Södermanland,OG,13,1,2025,1930
04,Södermanland,OG,13,2,2025,1849
04,Södermanland,OG,14,1,2025,1904
04,Södermanland,OG,14,2,2025,1735
04,Södermanland,OG,15,1,2025,1967
04,Södermanland,OG,15,2,2025,1837
04,Södermanland,OG,16,1,2025,1891
04,Södermanland,OG,16,2,2025,1781
04,Södermanland,OG,17,1,2025,1909
04,Södermanland,OG,17,2,2025,1754
04,Södermanland,OG,18,1,2025,1938
04,Södermanland,OG,18,2,2025,1847
04,Södermanland,OG,19,1,2025,1849
04,Södermanland,OG,19,2,2025,1815
04,Södermanland,OG,20,1,2025,1677
04,Södermanland,OG,20,2,2025,1541
04,Södermanland,OG,21,1,2025,1673
04,Södermanland,OG,21,2,2025,1325
04,Södermanland,OG,22,1,2025,1562
04,Södermanland,OG,22,2,2025,1280
04,Södermanland,OG,23,1,2025,1522
04,Södermanland,OG,23,2,2025,1209
04,Södermanland,OG,24,1,2025,1436
04,Södermanland,OG,24,2,2025,1174
04,Södermanland,OG,25,1,2025,1447
04,Södermanland,OG,25,2,2025,1163
04,Södermanland,OG,26,1,2025,1445
04,Södermanland,OG,26,2,2025,1134
04,Södermanland,OG,27,1,2025,1318
04,Södermanland,OG,27,2,2025,1081
04,Södermanland,OG,28,1,2025,1262
04,Södermanland,OG,28,2,2025,1016
04,Södermanland,OG,29,1,2025,1321
04,Södermanland,OG,29,2,2025,1043
04,Södermanland,OG,30,1,2025,1332
04,Södermanland,OG,30,2,2025,1128
04,Södermanland,OG,31,1,2025,1377
04,Södermanland,OG,31,2,2025,1090
04,Södermanland,OG,32,1,2025,1375
04,Södermanland,OG,32,2,2025,1172
04,Södermanland,OG,33,1,2025,1372
04,Södermanland,OG,33,2,2025,1120
04,Södermanland,OG,34,1,2025,1427
04,Södermanland,OG,34,2,2025,1096
04,Södermanland,OG,35,1,2025,1290
04,Södermanland,OG,35,2,2025,1031
04,Södermanland,OG,36,1,2025,1250
04,Södermanland,OG,36,2,2025,978
04,Södermanland,OG,37,1,2025,1120
04,Södermanland,OG,37,2,2025,862
04,Södermanland,OG,38,1,2025,988
04,Södermanland,OG,38,2,2025,770
04,Södermanland,OG,39,1,2025,963
04,Södermanland,OG,39,2,2025,737
04,Södermanland,OG,40,1,2025,939
04,Södermanland,OG,40,2,2025,682
04,Södermanland,OG,41,1,2025,848
04,Södermanland,OG,41,2,2025,627
04,Södermanland,OG,42,1,2025,714
04,Södermanland,OG,42,2,2025,565
04,Södermanland,OG,43,1,2025,682
04,Södermanland,OG,43,2,2025,544
04,Södermanland,OG,44,1,2025,656
04,Södermanland,OG,44,2,2025,534
04,Södermanland,OG,45,1,2025,649
04,Södermanland,OG,45,2,2025,520
04,Södermanland,OG,46,1,2025,623
04,Södermanland,OG,46,2,2025,483
04,Södermanland,OG,47,1,2025,599
04,Södermanland,OG,47,2,2025,476
04,Södermanland,OG,48,1,2025,651
04,Södermanland,OG,48,2,2025,440
04,Södermanland,OG,49,1,2025,612
04,Södermanland,OG,49,2,2025,427
04,Södermanland,OG,50,1,2025,569
04,Södermanland,OG,50,2,2025,492
04,Södermanland,OG,51,1,2025,566
04,Södermanland,OG,51,2,2025,516
04,Södermanland,OG,52,1,2025,566
04,Södermanland,OG,52,2,2025,468
04,Södermanland,OG,53,1,2025,598
04,Södermanland,OG,53,2,2025,485
04,Södermanland,OG,54,1,2025,557
04,Södermanland,OG,54,2,2025,475
04,Södermanland,OG,55,1,2025,532
04,Södermanland,OG,55,2,2025,433
04,Södermanland,OG,56,1,2025,530
04,Södermanland,OG,56,2,2025,441
04,Södermanland,OG,57,1,2025,581
04,Södermanland,OG,57,2,2025,458
04,Södermanland,OG,58,1,2025,620
04,Södermanland,OG,58,2,2025,496
04,Södermanland,OG,59,1,2025,583
04,Södermanland,OG,59,2,2025,488
04,Södermanland,OG,60,1,2025,546
04,Södermanland,OG,60,2,2025,478
04,Södermanland,OG,61,1,2025,527
04,Södermanland,OG,61,2,2025,468
04,Södermanland,OG,62,1,2025,498
04,Södermanland,OG,62,2,2025,394
04,Södermanland,OG,63,1,2025,466
04,Södermanland,OG,63,2,2025,369
04,Södermanland,OG,64,1,2025,482
04,Södermanland,OG,64,2,2025,333
04,Södermanland,OG,65,1,2025,416
04,Södermanland,OG,65,2,2025,323
04,Södermanland,OG,66,1,2025,415
04,Södermanland,OG,66,2,2025,311
04,Södermanland,OG,67,1,2025,367
04,Södermanland,OG,67,2,2025,302
04,Södermanland,OG,68,1,2025,336
04,Södermanland,OG,68,2,2025,298
04,Södermanland,OG,69,1,2025,332
04,Södermanland,OG,69,2,2025,267
04,Södermanland,OG,70,1,2025,340
04,Södermanland,OG,70,2,2025,258
04,Södermanland,OG,71,1,2025,292
04,Södermanland,OG,71,2,2025,248
04,Södermanland,OG,72,1,2025,274
04,Södermanland,OG,72,2,2025,216
04,Södermanland,OG,73,1,2025,263
04,Södermanland,OG,73,2,2025,218
04,Södermanland,OG,74,1,2025,251
04,Södermanland,OG,74,2,2025,217
04,Södermanland,OG,75,1,2025,234
04,Södermanland,OG,75,2,2025,198
04,Södermanland,OG,76,1,2025,226
04,Södermanland,OG,76,2,2025,154
04,Södermanland,OG,77,1,2025,213
04,Södermanland,OG,77,2,2025,151
04,Södermanland,OG,78,1,2025,175
04,Södermanland,OG,78,2,2025,138
04,Södermanland,OG,79,1,2025,135
04,Södermanland,OG,79,2,2025,130
04,Södermanland,OG,80,1,2025,146
04,Södermanland,OG,80,2,2025,111
04,Södermanland,OG,81,1,2025,133
04,Södermanland,OG,81,2,2025,93
04,Södermanland,OG,82,1,2025,86
04,Södermanland,OG,82,2,2025,77
04,Södermanland,OG,83,1,2025,72
04,Södermanland,OG,83,2,2025,63
04,Södermanland,OG,84,1,2025,50
04,Södermanland,OG,84,2,2025,41
04,Södermanland,OG,85,1,2025,55
04,Södermanland,OG,85,2,2025,33
04,Södermanland,OG,86,1,2025,32
04,Södermanland,OG,86,2,2025,29
04,Södermanland,OG,87,1,2025,21
04,Södermanland,OG,87,2,2025,28
04,Södermanland,OG,88,1,2025,19
04,Södermanland,OG,88,2,2025,25
04,Södermanland,OG,89,1,2025,10
04,Södermanland,OG,89,2,2025,24
04,Södermanland,OG,90,1,2025,10
04,Södermanland,OG,90,2,2025,17
04,Södermanland,OG,91,1,2025,10
04,Södermanland,OG,91,2,2025,15
04,Södermanland,OG,92,1,2025,7
04,Södermanland,OG,92,2,2025,14
04,Södermanland,OG,93,1,2025,7
04,Södermanland,OG,93,2,2025,4
04,Södermanland,OG,94,1,2025,5
04,Södermanland,OG,94,2,2025,5
04,Södermanland,OG,95,1,2025,4
04,Södermanland,OG,95,2,2025,5
04,Södermanland,OG,96,1,2025,3
04,Södermanland,OG,96,2,2025,0
04,Södermanland,OG,97,1,2025,3
04,Södermanland,OG,97,2,2025,4
04,Södermanland,OG,98,1,2025,0
04,Södermanland,OG,98,2,2025,0
04,Södermanland,OG,99,1,2025,0
04,Södermanland,OG,99,2,2025,0
04,Södermanland,OG,100+1,1,2025,0
04,Södermanland,OG,100+1,2,2025,3
04,Södermanland,G,0,1,2025,0
04,Södermanland,G,0,2,2025,0
04,Södermanland,G,1,1,2025,0
04,Södermanland,G,1,2,2025,0
04,Södermanland,G,2,1,2025,0
04,Södermanland,G,2,2,2025,0
04,Södermanland,G,3,1,2025,0
04,Södermanland,G,3,2,2025,0
04,Södermanland,G,4,1,2025,0
04,Södermanland,G,4,2,2025,0
04,Södermanland,G,5,1,2025,0
04,Södermanland,G,5,2,2025,0
04,Södermanland,G,6,1,2025,0
04,Södermanland,G,6,2,2025,0
04,Södermanland,G,7,1,2025,0
04,Södermanland,G,7,2,2025,0
04,Södermanland,G,8,1,2025,0
04,Södermanland,G,8,2,2025,0
04,Södermanland,G,9,1,2025,0
04,Södermanland,G,9,2,2025,0
04,Södermanland,G,10,1,2025,0
04,Södermanland,G,10,2,2025,0
04,Södermanland,G,11,1,2025,0
04,Södermanland,G,11,2,2025,0
04,Södermanland,G,12,1,2025,0
04,Södermanland,G,12,2,2025,0
04,Södermanland,G,13,1,2025,0
04,Södermanland,G,13,2,2025,0
04,Södermanland,G,14,1,2025,0
04,Södermanland,G,14,2,2025,0
04,Södermanland,G,15,1,2025,0
04,Södermanland,G,15,2,2025,0
04,Södermanland,G,16,1,2025,0
04,Södermanland,G,16,2,2025,0
04,Södermanland,G,17,1,2025,0
04,Södermanland,G,17,2,2025,0
04,Södermanland,G,18,1,2025,0
04,Södermanland,G,18,2,2025,0
04,Södermanland,G,19,1,2025,0
04,Södermanland,G,19,2,2025,6
04,Södermanland,G,20,1,2025,3
04,Södermanland,G,20,2,2025,10
04,Södermanland,G,21,1,2025,8
04,Södermanland,G,21,2,2025,29
04,Södermanland,G,22,1,2025,14
04,Södermanland,G,22,2,2025,57
04,Södermanland,G,23,1,2025,23
04,Södermanland,G,23,2,2025,68
04,Södermanland,G,24,1,2025,42
04,Södermanland,G,24,2,2025,117
04,Södermanland,G,25,1,2025,79
04,Södermanland,G,25,2,2025,142
04,Södermanland,G,26,1,2025,111
04,Södermanland,G,26,2,2025,178
04,Södermanland,G,27,1,2025,125
04,Södermanland,G,27,2,2025,244
04,Södermanland,G,28,1,2025,144
04,Södermanland,G,28,2,2025,300
04,Södermanland,G,29,1,2025,214
04,Södermanland,G,29,2,2025,358
04,Södermanland,G,30,1,2025,300
04,Södermanland,G,30,2,2025,453
04,Södermanland,G,31,1,2025,369
04,Södermanland,G,31,2,2025,515
04,Södermanland,G,32,1,2025,397
04,Södermanland,G,32,2,2025,612
04,Södermanland,G,33,1,2025,489
04,Södermanland,G,33,2,2025,643
04,Södermanland,G,34,1,2025,576
04,Södermanland,G,34,2,2025,732
04,Södermanland,G,35,1,2025,656
04,Södermanland,G,35,2,2025,801
04,Södermanland,G,36,1,2025,693
04,Södermanland,G,36,2,2025,844
04,Södermanland,G,37,1,2025,740
04,Södermanland,G,37,2,2025,871
04,Södermanland,G,38,1,2025,741
04,Södermanland,G,38,2,2025,824
04,Södermanland,G,39,1,2025,775
04,Södermanland,G,39,2,2025,883
04,Södermanland,G,40,1,2025,792
04,Södermanland,G,40,2,2025,865
04,Södermanland,G,41,1,2025,843
04,Södermanland,G,41,2,2025,877
04,Södermanland,G,42,1,2025,796
04,Södermanland,G,42,2,2025,866
04,Södermanland,G,43,1,2025,828
04,Södermanland,G,43,2,2025,884
04,Södermanland,G,44,1,2025,872
04,Södermanland,G,44,2,2025,879
04,Södermanland,G,45,1,2025,849
04,Södermanland,G,45,2,2025,914
04,Södermanland,G,46,1,2025,862
04,Södermanland,G,46,2,2025,846
04,Södermanland,G,47,1,2025,874
04,Södermanland,G,47,2,2025,874
04,Södermanland,G,48,1,2025,848
04,Södermanland,G,48,2,2025,887
04,Södermanland,G,49,1,2025,860
04,Södermanland,G,49,2,2025,868
04,Södermanland,G,50,1,2025,931
04,Södermanland,G,50,2,2025,901
04,Södermanland,G,51,1,2025,991
04,Södermanland,G,51,2,2025,1014
04,Södermanland,G,52,1,2025,942
04,Södermanland,G,52,2,2025,939
04,Södermanland,G,53,1,2025,996
04,Södermanland,G,53,2,2025,964
04,Södermanland,G,54,1,2025,979
04,Södermanland,G,54,2,2025,966
04,Södermanland,G,55,1,2025,980
04,Södermanland,G,55,2,2025,998
04,Södermanland,G,56,1,2025,913
04,Södermanland,G,56,2,2025,959
04,Södermanland,G,57,1,2025,1045
04,Södermanland,G,57,2,2025,969
04,Södermanland,G,58,1,2025,1039
04,Södermanland,G,58,2,2025,1005
04,Södermanland,G,59,1,2025,1077
04,Södermanland,G,59,2,2025,1031
04,Södermanland,G,60,1,2025,1078
04,Södermanland,G,60,2,2025,1012
04,Södermanland,G,61,1,2025,1007
04,Södermanland,G,61,2,2025,990
04,Södermanland,G,62,1,2025,940
04,Södermanland,G,62,2,2025,949
04,Södermanland,G,63,1,2025,992
04,Södermanland,G,63,2,2025,914
04,Södermanland,G,64,1,2025,882
04,Södermanland,G,64,2,2025,871
04,Södermanland,G,65,1,2025,929
04,Södermanland,G,65,2,2025,947
04,Södermanland,G,66,1,2025,943
04,Södermanland,G,66,2,2025,860
04,Södermanland,G,67,1,2025,929
04,Södermanland,G,67,2,2025,902
04,Södermanland,G,68,1,2025,961
04,Södermanland,G,68,2,2025,880
04,Södermanland,G,69,1,2025,990
04,Södermanland,G,69,2,2025,894
04,Södermanland,G,70,1,2025,925
04,Södermanland,G,70,2,2025,928
04,Södermanland,G,71,1,2025,864
04,Södermanland,G,71,2,2025,826
04,Södermanland,G,72,1,2025,906
04,Södermanland,G,72,2,2025,910
04,Södermanland,G,73,1,2025,959
04,Södermanland,G,73,2,2025,868
04,Södermanland,G,74,1,2025,891
04,Södermanland,G,74,2,2025,846
04,Södermanland,G,75,1,2025,927
04,Södermanland,G,75,2,2025,852
04,Södermanland,G,76,1,2025,988
04,Södermanland,G,76,2,2025,891
04,Södermanland,G,77,1,2025,942
04,Södermanland,G,77,2,2025,869
04,Södermanland,G,78,1,2025,988
04,Södermanland,G,78,2,2025,823
04,Södermanland,G,79,1,2025,943
04,Södermanland,G,79,2,2025,783
04,Södermanland,G,80,1,2025,881
04,Södermanland,G,80,2,2025,731
04,Södermanland,G,81,1,2025,882
04,Södermanland,G,81,2,2025,669
04,Södermanland,G,82,1,2025,745
04,Södermanland,G,82,2,2025,532
04,Södermanland,G,83,1,2025,625
04,Södermanland,G,83,2,2025,416
04,Södermanland,G,84,1,2025,483
04,Södermanland,G,84,2,2025,318
04,Södermanland,G,85,1,2025,408
04,Södermanland,G,85,2,2025,242
04,Södermanland,G,86,1,2025,376
04,Södermanland,G,86,2,2025,226
04,Södermanland,G,87,1,2025,326
04,Södermanland,G,87,2,2025,175
04,Södermanland,G,88,1,2025,202
04,Södermanland,G,88,2,2025,122
04,Södermanland,G,89,1,2025,199
04,Södermanland,G,89,2,2025,95
04,Södermanland,G,90,1,2025,129
04,Södermanland,G,90,2,2025,69
04,Södermanland,G,91,1,2025,90
04,Södermanland,G,91,2,2025,53
04,Södermanland,G,92,1,2025,76
04,Södermanland,G,92,2,2025,35
04,Södermanland,G,93,1,2025,64
04,Södermanland,G,93,2,2025,18
04,Södermanland,G,94,1,2025,38
04,Södermanland,G,94,2,2025,12
04,Södermanland,G,95,1,2025,29
04,Södermanland,G,95,2,2025,12
04,Södermanland,G,96,1,2025,17
04,Södermanland,G,96,2,2025,3
04,Södermanland,G,97,1,2025,6
04,Södermanland,G,97,2,2025,0
04,Södermanland,G,98,1,2025,3
04,Södermanland,G,98,2,2025,7
04,Södermanland,G,99,1,2025,5
04,Södermanland,G,99,2,2025,3
04,Södermanland,G,100+1,1,2025,3
04,Södermanland,G,100+1,2,2025,0
04,Södermanland,ÄNKL,0,1,2025,0
04,Södermanland,ÄNKL,0,2,2025,0
04,Södermanland,ÄNKL,1,1,2025,0
04,Södermanland,ÄNKL,1,2,2025,0
04,Södermanland,ÄNKL,2,1,2025,0
04,Södermanland,ÄNKL,2,2,2025,0
04,Södermanland,ÄNKL,3,1,2025,0
04,Södermanland,ÄNKL,3,2,2025,0
04,Södermanland,ÄNKL,4,1,2025,0
04,Södermanland,ÄNKL,4,2,2025,0
04,Södermanland,ÄNKL,5,1,2025,0
04,Södermanland,ÄNKL,5,2,2025,0
04,Södermanland,ÄNKL,6,1,2025,0
04,Södermanland,ÄNKL,6,2,2025,0
04,Södermanland,ÄNKL,7,1,2025,0
04,Södermanland,ÄNKL,7,2,2025,0
04,Södermanland,ÄNKL,8,1,2025,0
04,Södermanland,ÄNKL,8,2,2025,0
04,Södermanland,ÄNKL,9,1,2025,0
04,Södermanland,ÄNKL,9,2,2025,0
04,Södermanland,ÄNKL,10,1,2025,0
04,Södermanland,ÄNKL,10,2,2025,0
04,Södermanland,ÄNKL,11,1,2025,0
04,Södermanland,ÄNKL,11,2,2025,0
04,Södermanland,ÄNKL,12,1,2025,0
04,Södermanland,ÄNKL,12,2,2025,0
04,Södermanland,ÄNKL,13,1,2025,0
04,Södermanland,ÄNKL,13,2,2025,0
04,Södermanland,ÄNKL,14,1,2025,0
04,Södermanland,ÄNKL,14,2,2025,0
04,Södermanland,ÄNKL,15,1,2025,0
04,Södermanland,ÄNKL,15,2,2025,0
04,Södermanland,ÄNKL,16,1,2025,0
04,Södermanland,ÄNKL,16,2,2025,0
04,Södermanland,ÄNKL,17,1,2025,0
04,Södermanland,ÄNKL,17,2,2025,0
04,Södermanland,ÄNKL,18,1,2025,0
04,Södermanland,ÄNKL,18,2,2025,0
04,Södermanland,ÄNKL,19,1,2025,0
04,Södermanland,ÄNKL,19,2,2025,0
04,Södermanland,ÄNKL,20,1,2025,0
04,Södermanland,ÄNKL,20,2,2025,0
04,Södermanland,ÄNKL,21,1,2025,0
04,Södermanland,ÄNKL,21,2,2025,0
04,Södermanland,ÄNKL,22,1,2025,0
04,Södermanland,ÄNKL,22,2,2025,0
04,Södermanland,ÄNKL,23,1,2025,0
04,Södermanland,ÄNKL,23,2,2025,0
04,Södermanland,ÄNKL,24,1,2025,0
04,Södermanland,ÄNKL,24,2,2025,0
04,Södermanland,ÄNKL,25,1,2025,0
04,Södermanland,ÄNKL,25,2,2025,0
04,Södermanland,ÄNKL,26,1,2025,0
04,Södermanland,ÄNKL,26,2,2025,0
04,Södermanland,ÄNKL,27,1,2025,0
04,Södermanland,ÄNKL,27,2,2025,0
04,Södermanland,ÄNKL,28,1,2025,0
04,Södermanland,ÄNKL,28,2,2025,0
04,Södermanland,ÄNKL,29,1,2025,3
04,Södermanland,ÄNKL,29,2,2025,0
04,Södermanland,ÄNKL,30,1,2025,0
04,Södermanland,ÄNKL,30,2,2025,3
04,Södermanland,ÄNKL,31,1,2025,0
04,Södermanland,ÄNKL,31,2,2025,3
04,Södermanland,ÄNKL,32,1,2025,0
04,Södermanland,ÄNKL,32,2,2025,3
04,Södermanland,ÄNKL,33,1,2025,0
04,Södermanland,ÄNKL,33,2,2025,3
04,Södermanland,ÄNKL,34,1,2025,0
04,Södermanland,ÄNKL,34,2,2025,8
04,Södermanland,ÄNKL,35,1,2025,0
04,Södermanland,ÄNKL,35,2,2025,3
04,Södermanland,ÄNKL,36,1,2025,0
04,Södermanland,ÄNKL,36,2,2025,3
04,Södermanland,ÄNKL,37,1,2025,4
04,Södermanland,ÄNKL,37,2,2025,11
04,Södermanland,ÄNKL,38,1,2025,3
04,Södermanland,ÄNKL,38,2,2025,8
04,Södermanland,ÄNKL,39,1,2025,0
04,Södermanland,ÄNKL,39,2,2025,5
04,Södermanland,ÄNKL,40,1,2025,3
04,Södermanland,ÄNKL,40,2,2025,9
04,Södermanland,ÄNKL,41,1,2025,3
04,Södermanland,ÄNKL,41,2,2025,10
04,Södermanland,ÄNKL,42,1,2025,4
04,Södermanland,ÄNKL,42,2,2025,9
04,Södermanland,ÄNKL,43,1,2025,0
04,Södermanland,ÄNKL,43,2,2025,12
04,Södermanland,ÄNKL,44,1,2025,3
04,Södermanland,ÄNKL,44,2,2025,14
04,Södermanland,ÄNKL,45,1,2025,3
04,Södermanland,ÄNKL,45,2,2025,15
04,Södermanland,ÄNKL,46,1,2025,3
04,Södermanland,ÄNKL,46,2,2025,16
04,Södermanland,ÄNKL,47,1,2025,4
04,Södermanland,ÄNKL,47,2,2025,14
04,Södermanland,ÄNKL,48,1,2025,8
04,Södermanland,ÄNKL,48,2,2025,14
04,Södermanland,ÄNKL,49,1,2025,9
04,Södermanland,ÄNKL,49,2,2025,21
04,Södermanland,ÄNKL,50,1,2025,5
04,Södermanland,ÄNKL,50,2,2025,27
04,Södermanland,ÄNKL,51,1,2025,12
04,Södermanland,ÄNKL,51,2,2025,22
04,Södermanland,ÄNKL,52,1,2025,7
04,Södermanland,ÄNKL,52,2,2025,27
04,Södermanland,ÄNKL,53,1,2025,10
04,Södermanland,ÄNKL,53,2,2025,29
04,Södermanland,ÄNKL,54,1,2025,11
04,Södermanland,ÄNKL,54,2,2025,46
04,Södermanland,ÄNKL,55,1,2025,14
04,Södermanland,ÄNKL,55,2,2025,43
04,Södermanland,ÄNKL,56,1,2025,14
04,Södermanland,ÄNKL,56,2,2025,54
04,Södermanland,ÄNKL,57,1,2025,16
04,Södermanland,ÄNKL,57,2,2025,49
04,Södermanland,ÄNKL,58,1,2025,21
04,Södermanland,ÄNKL,58,2,2025,72
04,Södermanland,ÄNKL,59,1,2025,18
04,Södermanland,ÄNKL,59,2,2025,75
04,Södermanland,ÄNKL,60,1,2025,26
04,Södermanland,ÄNKL,60,2,2025,60
04,Södermanland,ÄNKL,61,1,2025,29
04,Södermanland,ÄNKL,61,2,2025,68
04,Södermanland,ÄNKL,62,1,2025,23
04,Södermanland,ÄNKL,62,2,2025,73
04,Södermanland,ÄNKL,63,1,2025,29
04,Södermanland,ÄNKL,63,2,2025,66
04,Södermanland,ÄNKL,64,1,2025,33
04,Södermanland,ÄNKL,64,2,2025,94
04,Södermanland,ÄNKL,65,1,2025,29
04,Södermanland,ÄNKL,65,2,2025,104
04,Södermanland,ÄNKL,66,1,2025,34
04,Södermanland,ÄNKL,66,2,2025,123
04,Södermanland,ÄNKL,67,1,2025,37
04,Södermanland,ÄNKL,67,2,2025,137
04,Södermanland,ÄNKL,68,1,2025,53
04,Södermanland,ÄNKL,68,2,2025,114
04,Södermanland,ÄNKL,69,1,2025,56
04,Södermanland,ÄNKL,69,2,2025,138
04,Södermanland,ÄNKL,70,1,2025,55
04,Södermanland,ÄNKL,70,2,2025,178
04,Södermanland,ÄNKL,71,1,2025,49
04,Södermanland,ÄNKL,71,2,2025,186
04,Södermanland,ÄNKL,72,1,2025,54
04,Södermanland,ÄNKL,72,2,2025,218
04,Södermanland,ÄNKL,73,1,2025,79
04,Södermanland,ÄNKL,73,2,2025,251
04,Södermanland,ÄNKL,74,1,2025,94
04,Södermanland,ÄNKL,74,2,2025,219
04,Södermanland,ÄNKL,75,1,2025,101
04,Södermanland,ÄNKL,75,2,2025,273
04,Södermanland,ÄNKL,76,1,2025,129
04,Södermanland,ÄNKL,76,2,2025,337
04,Södermanland,ÄNKL,77,1,2025,142
04,Södermanland,ÄNKL,77,2,2025,389
04,Södermanland,ÄNKL,78,1,2025,162
04,Södermanland,ÄNKL,78,2,2025,408
04,Södermanland,ÄNKL,79,1,2025,194
04,Södermanland,ÄNKL,79,2,2025,413
04,Södermanland,ÄNKL,80,1,2025,170
04,Södermanland,ÄNKL,80,2,2025,478
04,Södermanland,ÄNKL,81,1,2025,200
04,Södermanland,ÄNKL,81,2,2025,510
04,Södermanland,ÄNKL,82,1,2025,176
04,Södermanland,ÄNKL,82,2,2025,469
04,Södermanland,ÄNKL,83,1,2025,173
04,Södermanland,ÄNKL,83,2,2025,443
04,Södermanland,ÄNKL,84,1,2025,153
04,Södermanland,ÄNKL,84,2,2025,433
04,Södermanland,ÄNKL,85,1,2025,164
04,Södermanland,ÄNKL,85,2,2025,387
04,Södermanland,ÄNKL,86,1,2025,152
04,Södermanland,ÄNKL,86,2,2025,413
04,Södermanland,ÄNKL,87,1,2025,126
04,Södermanland,ÄNKL,87,2,2025,405
04,Södermanland,ÄNKL,88,1,2025,123
04,Södermanland,ÄNKL,88,2,2025,318
04,Södermanland,ÄNKL,89,1,2025,113
04,Södermanland,ÄNKL,89,2,2025,342
04,Södermanland,ÄNKL,90,1,2025,86
04,Södermanland,ÄNKL,90,2,2025,283
04,Södermanland,ÄNKL,91,1,2025,96
04,Södermanland,ÄNKL,91,2,2025,276
04,Södermanland,ÄNKL,92,1,2025,83
04,Södermanland,ÄNKL,92,2,2025,233
04,Södermanland,ÄNKL,93,1,2025,51
04,Södermanland,ÄNKL,93,2,2025,199
04,Södermanland,ÄNKL,94,1,2025,55
04,Södermanland,ÄNKL,94,2,2025,176
04,Södermanland,ÄNKL,95,1,2025,29
04,Södermanland,ÄNKL,95,2,2025,160
04,Södermanland,ÄNKL,96,1,2025,27
04,Södermanland,ÄNKL,96,2,2025,104
04,Södermanland,ÄNKL,97,1,2025,22
04,Södermanland,ÄNKL,97,2,2025,68
04,Södermanland,ÄNKL,98,1,2025,14
04,Södermanland,ÄNKL,98,2,2025,63
04,Södermanland,ÄNKL,99,1,2025,8
04,Södermanland,ÄNKL,99,2,2025,33
04,Södermanland,ÄNKL,100+1,1,2025,17
04,Södermanland,ÄNKL,100+1,2,2025,59
04,Södermanland,SK,0,1,2025,0
04,Södermanland,SK,0,2,2025,0
04,Södermanland,SK,1,1,2025,0
04,Södermanland,SK,1,2,2025,0
04,Södermanland,SK,2,1,2025,0
04,Södermanland,SK,2,2,2025,0
04,Södermanland,SK,3,1,2025,0
04,Södermanland,SK,3,2,2025,0
04,Södermanland,SK,4,1,2025,0
04,Södermanland,SK,4,2,2025,0
04,Södermanland,SK,5,1,2025,0
04,Södermanland,SK,5,2,2025,0
04,Södermanland,SK,6,1,2025,0
04,Södermanland,SK,6,2,2025,0
04,Södermanland,SK,7,1,2025,0
04,Södermanland,SK,7,2,2025,0
04,Södermanland,SK,8,1,2025,0
04,Södermanland,SK,8,2,2025,0
04,Södermanland,SK,9,1,2025,0
04,Södermanland,SK,9,2,2025,0
04,Södermanland,SK,10,1,2025,0
04,Södermanland,SK,10,2,2025,0
04,Södermanland,SK,11,1,2025,0
04,Södermanland,SK,11,2,2025,0
04,Södermanland,SK,12,1,2025,0
04,Södermanland,SK,12,2,2025,0
04,Södermanland,SK,13,1,2025,0
04,Södermanland,SK,13,2,2025,0
04,Södermanland,SK,14,1,2025,0
04,Södermanland,SK,14,2,2025,0
04,Södermanland,SK,15,1,2025,0
04,Södermanland,SK,15,2,2025,0
04,Södermanland,SK,16,1,2025,0
04,Södermanland,SK,16,2,2025,0
04,Södermanland,SK,17,1,2025,0
04,Södermanland,SK,17,2,2025,0
04,Södermanland,SK,18,1,2025,0
04,Södermanland,SK,18,2,2025,0
04,Södermanland,SK,19,1,2025,0
04,Södermanland,SK,19,2,2025,0
04,Södermanland,SK,20,1,2025,0
04,Södermanland,SK,20,2,2025,0
04,Södermanland,SK,21,1,2025,0
04,Södermanland,SK,21,2,2025,0
04,Södermanland,SK,22,1,2025,3
04,Södermanland,SK,22,2,2025,5
04,Södermanland,SK,23,1,2025,3
04,Södermanland,SK,23,2,2025,7
04,Södermanland,SK,24,1,2025,4
04,Södermanland,SK,24,2,2025,6
04,Södermanland,SK,25,1,2025,7
04,Södermanland,SK,25,2,2025,5
04,Södermanland,SK,26,1,2025,8
04,Södermanland,SK,26,2,2025,28
04,Södermanland,SK,27,1,2025,6
04,Södermanland,SK,27,2,2025,23
04,Södermanland,SK,28,1,2025,21
04,Södermanland,SK,28,2,2025,49
04,Södermanland,SK,29,1,2025,20
04,Södermanland,SK,29,2,2025,43
04,Södermanland,SK,30,1,2025,29
04,Södermanland,SK,30,2,2025,65
04,Södermanland,SK,31,1,2025,26
04,Södermanland,SK,31,2,2025,72
04,Södermanland,SK,32,1,2025,66
04,Södermanland,SK,32,2,2025,117
04,Södermanland,SK,33,1,2025,72
04,Södermanland,SK,33,2,2025,126
04,Södermanland,SK,34,1,2025,98
04,Södermanland,SK,34,2,2025,149
04,Södermanland,SK,35,1,2025,112
04,Södermanland,SK,35,2,2025,191
04,Södermanland,SK,36,1,2025,115
04,Södermanland,SK,36,2,2025,192
04,Södermanland,SK,37,1,2025,128
04,Södermanland,SK,37,2,2025,249
04,Södermanland,SK,38,1,2025,154
04,Södermanland,SK,38,2,2025,230
04,Södermanland,SK,39,1,2025,181
04,Södermanland,SK,39,2,2025,261
04,Södermanland,SK,40,1,2025,185
04,Södermanland,SK,40,2,2025,259
04,Södermanland,SK,41,1,2025,202
04,Södermanland,SK,41,2,2025,273
04,Södermanland,SK,42,1,2025,214
04,Södermanland,SK,42,2,2025,321
04,Södermanland,SK,43,1,2025,221
04,Södermanland,SK,43,2,2025,319
04,Södermanland,SK,44,1,2025,267
04,Södermanland,SK,44,2,2025,323
04,Södermanland,SK,45,1,2025,242
04,Södermanland,SK,45,2,2025,367
04,Södermanland,SK,46,1,2025,264
04,Södermanland,SK,46,2,2025,314
04,Södermanland,SK,47,1,2025,256
04,Södermanland,SK,47,2,2025,357
04,Södermanland,SK,48,1,2025,259
04,Södermanland,SK,48,2,2025,335
04,Södermanland,SK,49,1,2025,253
04,Södermanland,SK,49,2,2025,332
04,Södermanland,SK,50,1,2025,314
04,Södermanland,SK,50,2,2025,392
04,Södermanland,SK,51,1,2025,290
04,Södermanland,SK,51,2,2025,411
04,Södermanland,SK,52,1,2025,310
04,Södermanland,SK,52,2,2025,362
04,Södermanland,SK,53,1,2025,342
04,Södermanland,SK,53,2,2025,447
04,Södermanland,SK,54,1,2025,333
04,Södermanland,SK,54,2,2025,384
04,Södermanland,SK,55,1,2025,298
04,Södermanland,SK,55,2,2025,415
04,Södermanland,SK,56,1,2025,302
04,Södermanland,SK,56,2,2025,390
04,Södermanland,SK,57,1,2025,353
04,Södermanland,SK,57,2,2025,442
04,Södermanland,SK,58,1,2025,437
04,Södermanland,SK,58,2,2025,408
04,Södermanland,SK,59,1,2025,388
04,Södermanland,SK,59,2,2025,433
04,Södermanland,SK,60,1,2025,423
04,Södermanland,SK,60,2,2025,445
04,Södermanland,SK,61,1,2025,428
04,Södermanland,SK,61,2,2025,475
04,Södermanland,SK,62,1,2025,354
04,Södermanland,SK,62,2,2025,424
04,Södermanland,SK,63,1,2025,368
04,Södermanland,SK,63,2,2025,450
04,Södermanland,SK,64,1,2025,353
04,Södermanland,SK,64,2,2025,382
04,Södermanland,SK,65,1,2025,322
04,Södermanland,SK,65,2,2025,394
04,Södermanland,SK,66,1,2025,353
04,Södermanland,SK,66,2,2025,432
04,Södermanland,SK,67,1,2025,358
04,Södermanland,SK,67,2,2025,407
04,Södermanland,SK,68,1,2025,329
04,Södermanland,SK,68,2,2025,391
04,Södermanland,SK,69,1,2025,304
04,Södermanland,SK,69,2,2025,405
04,Södermanland,SK,70,1,2025,313
04,Södermanland,SK,70,2,2025,338
04,Södermanland,SK,71,1,2025,309
04,Södermanland,SK,71,2,2025,344
04,Södermanland,SK,72,1,2025,312
04,Södermanland,SK,72,2,2025,347
04,Södermanland,SK,73,1,2025,278
04,Södermanland,SK,73,2,2025,329
04,Södermanland,SK,74,1,2025,274
04,Södermanland,SK,74,2,2025,350
04,Södermanland,SK,75,1,2025,284
04,Södermanland,SK,75,2,2025,366
04,Södermanland,SK,76,1,2025,276
04,Södermanland,SK,76,2,2025,334
04,Södermanland,SK,77,1,2025,293
04,Södermanland,SK,77,2,2025,352
04,Södermanland,SK,78,1,2025,280
04,Södermanland,SK,78,2,2025,393
04,Södermanland,SK,79,1,2025,275
04,Södermanland,SK,79,2,2025,345
04,Södermanland,SK,80,1,2025,234
04,Södermanland,SK,80,2,2025,317
04,Södermanland,SK,81,1,2025,235
04,Södermanland,SK,81,2,2025,311
04,Södermanland,SK,82,1,2025,180
04,Södermanland,SK,82,2,2025,262
04,Södermanland,SK,83,1,2025,165
04,Södermanland,SK,83,2,2025,233
04,Södermanland,SK,84,1,2025,129
04,Södermanland,SK,84,2,2025,189
04,Södermanland,SK,85,1,2025,127
04,Södermanland,SK,85,2,2025,149
04,Södermanland,SK,86,1,2025,98
04,Södermanland,SK,86,2,2025,143
04,Södermanland,SK,87,1,2025,100
04,Södermanland,SK,87,2,2025,119
04,Södermanland,SK,88,1,2025,56
04,Södermanland,SK,88,2,2025,98
04,Södermanland,SK,89,1,2025,59
04,Södermanland,SK,89,2,2025,84
04,Södermanland,SK,90,1,2025,30
04,Södermanland,SK,90,2,2025,76
04,Södermanland,SK,91,1,2025,31
04,Södermanland,SK,91,2,2025,58
04,Södermanland,SK,92,1,2025,17
04,Södermanland,SK,92,2,2025,46
04,Södermanland,SK,93,1,2025,10
04,Södermanland,SK,93,2,2025,28
04,Södermanland,SK,94,1,2025,11
04,Södermanland,SK,94,2,2025,22
04,Södermanland,SK,95,1,2025,11
04,Södermanland,SK,95,2,2025,21
04,Södermanland,SK,96,1,2025,0
04,Södermanland,SK,96,2,2025,14
04,Södermanland,SK,97,1,2025,0
04,Södermanland,SK,97,2,2025,13
04,Södermanland,SK,98,1,2025,0
04,Södermanland,SK,98,2,2025,7
04,Södermanland,SK,99,1,2025,3
04,Södermanland,SK,99,2,2025,0
04,Södermanland,SK,100+1,1,2025,0
04,Södermanland,SK,100+1,2,2025,6
05,Östergötland,OG,0,1,2025,2160
05,Östergötland,OG,0,2,2025,2006
05,Östergötland,OG,1,1,2025,2267
05,Östergötland,OG,1,2,2025,2025
05,Östergötland,OG,2,1,2025,2187
05,Östergötland,OG,2,2,2025,2146
05,Östergötland,OG,3,1,2025,2333
05,Östergötland,OG,3,2,2025,2288
05,Östergötland,OG,4,1,2025,2635
05,Östergötland,OG,4,2,2025,2508
05,Östergötland,OG,5,1,2025,2648
05,Östergötland,OG,5,2,2025,2338
05,Östergötland,OG,6,1,2025,2672
05,Östergötland,OG,6,2,2025,2489
05,Östergötland,OG,7,1,2025,2698
05,Östergötland,OG,7,2,2025,2468
05,Östergötland,OG,8,1,2025,2665
05,Östergötland,OG,8,2,2025,2570
05,Östergötland,OG,9,1,2025,2906
05,Östergötland,OG,9,2,2025,2709
05,Östergötland,OG,10,1,2025,2859
05,Östergötland,OG,10,2,2025,2691
05,Östergötland,OG,11,1,2025,2841
05,Östergötland,OG,11,2,2025,2699
05,Östergötland,OG,12,1,2025,2829
05,Östergötland,OG,12,2,2025,2678
05,Östergötland,OG,13,1,2025,2903
05,Östergötland,OG,13,2,2025,2807
05,Östergötland,OG,14,1,2025,2813
05,Östergötland,OG,14,2,2025,2583
05,Östergötland,OG,15,1,2025,2990
05,Östergötland,OG,15,2,2025,2743
05,Östergötland,OG,16,1,2025,2895
05,Östergötland,OG,16,2,2025,2780
05,Östergötland,OG,17,1,2025,2912
05,Östergötland,OG,17,2,2025,2682
05,Östergötland,OG,18,1,2025,2841
05,Östergötland,OG,18,2,2025,2709
05,Östergötland,OG,19,1,2025,2976
05,Östergötland,OG,19,2,2025,2783
05,Östergötland,OG,20,1,2025,3111
05,Östergötland,OG,20,2,2025,3009
05,Östergötland,OG,21,1,2025,3232
05,Östergötland,OG,21,2,2025,3096
05,Östergötland,OG,22,1,2025,3287
05,Östergötland,OG,22,2,2025,3047
05,Östergötland,OG,23,1,2025,3215
05,Östergötland,OG,23,2,2025,2799
05,Östergötland,OG,24,1,2025,3087
05,Östergötland,OG,24,2,2025,2654
05,Östergötland,OG,25,1,2025,3155
05,Östergötland,OG,25,2,2025,2521
05,Östergötland,OG,26,1,2025,3061
05,Östergötland,OG,26,2,2025,2307
05,Östergötland,OG,27,1,2025,2893
05,Östergötland,OG,27,2,2025,2085
05,Östergötland,OG,28,1,2025,2560
05,Östergötland,OG,28,2,2025,2012
05,Östergötland,OG,29,1,2025,2583
05,Östergötland,OG,29,2,2025,2025
05,Östergötland,OG,30,1,2025,2617
05,Östergötland,OG,30,2,2025,1976
05,Östergötland,OG,31,1,2025,2561
05,Östergötland,OG,31,2,2025,2042
05,Östergötland,OG,32,1,2025,2625
05,Östergötland,OG,32,2,2025,2042
05,Östergötland,OG,33,1,2025,2520
05,Östergötland,OG,33,2,2025,1930
05,Östergötland,OG,34,1,2025,2518
05,Östergötland,OG,34,2,2025,1894
05,Östergötland,OG,35,1,2025,2331
05,Östergötland,OG,35,2,2025,1803
05,Östergötland,OG,36,1,2025,2035
05,Östergötland,OG,36,2,2025,1543
05,Östergötland,OG,37,1,2025,1960
05,Östergötland,OG,37,2,2025,1443
05,Östergötland,OG,38,1,2025,1770
05,Östergötland,OG,38,2,2025,1310
05,Östergötland,OG,39,1,2025,1629
05,Östergötland,OG,39,2,2025,1220
05,Östergötland,OG,40,1,2025,1489
05,Östergötland,OG,40,2,2025,1048
05,Östergötland,OG,41,1,2025,1330
05,Östergötland,OG,41,2,2025,921
05,Östergötland,OG,42,1,2025,1235
05,Östergötland,OG,42,2,2025,874
05,Östergötland,OG,43,1,2025,1162
05,Östergötland,OG,43,2,2025,855
05,Östergötland,OG,44,1,2025,1079
05,Östergötland,OG,44,2,2025,823
05,Östergötland,OG,45,1,2025,1071
05,Östergötland,OG,45,2,2025,827
05,Östergötland,OG,46,1,2025,1055
05,Östergötland,OG,46,2,2025,773
05,Östergötland,OG,47,1,2025,964
05,Östergötland,OG,47,2,2025,720
05,Östergötland,OG,48,1,2025,976
05,Östergötland,OG,48,2,2025,718
05,Östergötland,OG,49,1,2025,918
05,Östergötland,OG,49,2,2025,761
05,Östergötland,OG,50,1,2025,949
05,Östergötland,OG,50,2,2025,747
05,Östergötland,OG,51,1,2025,999
05,Östergötland,OG,51,2,2025,815
05,Östergötland,OG,52,1,2025,961
05,Östergötland,OG,52,2,2025,720
05,Östergötland,OG,53,1,2025,889
05,Östergötland,OG,53,2,2025,730
05,Östergötland,OG,54,1,2025,1015
05,Östergötland,OG,54,2,2025,751
05,Östergötland,OG,55,1,2025,944
05,Östergötland,OG,55,2,2025,627
05,Östergötland,OG,56,1,2025,933
05,Östergötland,OG,56,2,2025,661
05,Östergötland,OG,57,1,2025,861
05,Östergötland,OG,57,2,2025,685
05,Östergötland,OG,58,1,2025,941
05,Östergötland,OG,58,2,2025,726
05,Östergötland,OG,59,1,2025,915
05,Östergötland,OG,59,2,2025,777
05,Östergötland,OG,60,1,2025,932
05,Östergötland,OG,60,2,2025,693
05,Östergötland,OG,61,1,2025,830
05,Östergötland,OG,61,2,2025,669
05,Östergötland,OG,62,1,2025,819
05,Östergötland,OG,62,2,2025,579
05,Östergötland,OG,63,1,2025,678
05,Östergötland,OG,63,2,2025,553
05,Östergötland,OG,64,1,2025,703
05,Östergötland,OG,64,2,2025,515
05,Östergötland,OG,65,1,2025,635
05,Östergötland,OG,65,2,2025,501
05,Östergötland,OG,66,1,2025,577
05,Östergötland,OG,66,2,2025,460
05,Östergötland,OG,67,1,2025,607
05,Östergötland,OG,67,2,2025,464
05,Östergötland,OG,68,1,2025,537
05,Östergötland,OG,68,2,2025,462
05,Östergötland,OG,69,1,2025,544
05,Östergötland,OG,69,2,2025,414
05,Östergötland,OG,70,1,2025,464
05,Östergötland,OG,70,2,2025,356
05,Östergötland,OG,71,1,2025,431
05,Östergötland,OG,71,2,2025,359
05,Östergötland,OG,72,1,2025,424
05,Östergötland,OG,72,2,2025,347
05,Östergötland,OG,73,1,2025,381
05,Östergötland,OG,73,2,2025,327
05,Östergötland,OG,74,1,2025,332
05,Östergötland,OG,74,2,2025,288
05,Östergötland,OG,75,1,2025,384
05,Östergötland,OG,75,2,2025,312
05,Östergötland,OG,76,1,2025,354
05,Östergötland,OG,76,2,2025,268
05,Östergötland,OG,77,1,2025,273
05,Östergötland,OG,77,2,2025,242
05,Östergötland,OG,78,1,2025,279
05,Östergötland,OG,78,2,2025,192
05,Östergötland,OG,79,1,2025,251
05,Östergötland,OG,79,2,2025,181
05,Östergötland,OG,80,1,2025,202
05,Östergötland,OG,80,2,2025,156
05,Östergötland,OG,81,1,2025,171
05,Östergötland,OG,81,2,2025,126
05,Östergötland,OG,82,1,2025,136
05,Östergötland,OG,82,2,2025,116
05,Östergötland,OG,83,1,2025,103
05,Östergötland,OG,83,2,2025,99
05,Östergötland,OG,84,1,2025,89
05,Östergötland,OG,84,2,2025,70
05,Östergötland,OG,85,1,2025,63
05,Östergötland,OG,85,2,2025,57
05,Östergötland,OG,86,1,2025,54
05,Östergötland,OG,86,2,2025,50
05,Östergötland,OG,87,1,2025,40
05,Östergötland,OG,87,2,2025,53
05,Östergötland,OG,88,1,2025,42
05,Östergötland,OG,88,2,2025,34
05,Östergötland,OG,89,1,2025,28
05,Östergötland,OG,89,2,2025,35
05,Östergötland,OG,90,1,2025,19
05,Östergötland,OG,90,2,2025,16
05,Östergötland,OG,91,1,2025,12
05,Östergötland,OG,91,2,2025,13
05,Östergötland,OG,92,1,2025,14
05,Östergötland,OG,92,2,2025,11
05,Östergötland,OG,93,1,2025,18
05,Östergötland,OG,93,2,2025,17
05,Östergötland,OG,94,1,2025,3
05,Östergötland,OG,94,2,2025,6
05,Östergötland,OG,95,1,2025,5
05,Östergötland,OG,95,2,2025,12
05,Östergötland,OG,96,1,2025,3
05,Östergötland,OG,96,2,2025,6
05,Östergötland,OG,97,1,2025,3
05,Östergötland,OG,97,2,2025,5
05,Östergötland,OG,98,1,2025,0
05,Östergötland,OG,98,2,2025,3
05,Östergötland,OG,99,1,2025,0
05,Östergötland,OG,99,2,2025,4
05,Östergötland,OG,100+1,1,2025,3
05,Östergötland,OG,100+1,2,2025,0
05,Östergötland,G,0,1,2025,0
05,Östergötland,G,0,2,2025,0
05,Östergötland,G,1,1,2025,0
05,Östergötland,G,1,2,2025,0
05,Östergötland,G,2,1,2025,0
05,Östergötland,G,2,2,2025,0
05,Östergötland,G,3,1,2025,0
05,Östergötland,G,3,2,2025,0
05,Östergötland,G,4,1,2025,0
05,Östergötland,G,4,2,2025,0
05,Östergötland,G,5,1,2025,0
05,Östergötland,G,5,2,2025,0
05,Östergötland,G,6,1,2025,0
05,Östergötland,G,6,2,2025,0
05,Östergötland,G,7,1,2025,0
05,Östergötland,G,7,2,2025,0
05,Östergötland,G,8,1,2025,0
05,Östergötland,G,8,2,2025,0
05,Östergötland,G,9,1,2025,0
05,Östergötland,G,9,2,2025,0
05,Östergötland,G,10,1,2025,0
05,Östergötland,G,10,2,2025,0
05,Östergötland,G,11,1,2025,0
05,Östergötland,G,11,2,2025,0
05,Östergötland,G,12,1,2025,0
05,Östergötland,G,12,2,2025,0
05,Östergötland,G,13,1,2025,0
05,Östergötland,G,13,2,2025,0
05,Östergötland,G,14,1,2025,0
05,Östergötland,G,14,2,2025,0
05,Östergötland,G,15,1,2025,0
05,Östergötland,G,15,2,2025,0
05,Östergötland,G,16,1,2025,0
05,Östergötland,G,16,2,2025,0
05,Östergötland,G,17,1,2025,0
05,Östergötland,G,17,2,2025,0
05,Östergötland,G,18,1,2025,0
05,Östergötland,G,18,2,2025,0
05,Östergötland,G,19,1,2025,3
05,Östergötland,G,19,2,2025,7
05,Östergötland,G,20,1,2025,0
05,Östergötland,G,20,2,2025,13
05,Östergötland,G,21,1,2025,11
05,Östergötland,G,21,2,2025,28
05,Östergötland,G,22,1,2025,21
05,Östergötland,G,22,2,2025,81
05,Östergötland,G,23,1,2025,37
05,Östergötland,G,23,2,2025,122
05,Östergötland,G,24,1,2025,59
05,Östergötland,G,24,2,2025,166
05,Östergötland,G,25,1,2025,109
05,Östergötland,G,25,2,2025,225
05,Östergötland,G,26,1,2025,257
05,Östergötland,G,26,2,2025,301
05,Östergötland,G,27,1,2025,237
05,Östergötland,G,27,2,2025,357
05,Östergötland,G,28,1,2025,318
05,Östergötland,G,28,2,2025,496
05,Östergötland,G,29,1,2025,348
05,Östergötland,G,29,2,2025,588
05,Östergötland,G,30,1,2025,466
05,Östergötland,G,30,2,2025,774
05,Östergötland,G,31,1,2025,615
05,Östergötland,G,31,2,2025,868
05,Östergötland,G,32,1,2025,768
05,Östergötland,G,32,2,2025,943
05,Östergötland,G,33,1,2025,838
05,Östergötland,G,33,2,2025,1135
05,Östergötland,G,34,1,2025,977
05,Östergötland,G,34,2,2025,1201
05,Östergötland,G,35,1,2025,1096
05,Östergötland,G,35,2,2025,1365
05,Östergötland,G,36,1,2025,1142
05,Östergötland,G,36,2,2025,1316
05,Östergötland,G,37,1,2025,1245
05,Östergötland,G,37,2,2025,1358
05,Östergötland,G,38,1,2025,1201
05,Östergötland,G,38,2,2025,1380
05,Östergötland,G,39,1,2025,1226
05,Östergötland,G,39,2,2025,1450
05,Östergötland,G,40,1,2025,1353
05,Östergötland,G,40,2,2025,1429
05,Östergötland,G,41,1,2025,1250
05,Östergötland,G,41,2,2025,1393
05,Östergötland,G,42,1,2025,1375
05,Östergötland,G,42,2,2025,1414
05,Östergötland,G,43,1,2025,1340
05,Östergötland,G,43,2,2025,1363
05,Östergötland,G,44,1,2025,1347
05,Östergötland,G,44,2,2025,1417
05,Östergötland,G,45,1,2025,1468
05,Östergötland,G,45,2,2025,1507
05,Östergötland,G,46,1,2025,1382
05,Östergötland,G,46,2,2025,1455
05,Östergötland,G,47,1,2025,1381
05,Östergötland,G,47,2,2025,1438
05,Östergötland,G,48,1,2025,1432
05,Östergötland,G,48,2,2025,1465
05,Östergötland,G,49,1,2025,1436
05,Östergötland,G,49,2,2025,1489
05,Östergötland,G,50,1,2025,1465
05,Östergötland,G,50,2,2025,1466
05,Östergötland,G,51,1,2025,1617
05,Östergötland,G,51,2,2025,1570
05,Östergötland,G,52,1,2025,1585
05,Östergötland,G,52,2,2025,1594
05,Östergötland,G,53,1,2025,1557
05,Östergötland,G,53,2,2025,1545
05,Östergötland,G,54,1,2025,1525
05,Östergötland,G,54,2,2025,1515
05,Östergötland,G,55,1,2025,1579
05,Östergötland,G,55,2,2025,1535
05,Östergötland,G,56,1,2025,1465
05,Östergötland,G,56,2,2025,1491
05,Östergötland,G,57,1,2025,1524
05,Östergötland,G,57,2,2025,1470
05,Östergötland,G,58,1,2025,1631
05,Östergötland,G,58,2,2025,1604
05,Östergötland,G,59,1,2025,1649
05,Östergötland,G,59,2,2025,1590
05,Östergötland,G,60,1,2025,1670
05,Östergötland,G,60,2,2025,1625
05,Östergötland,G,61,1,2025,1644
05,Östergötland,G,61,2,2025,1550
05,Östergötland,G,62,1,2025,1542
05,Östergötland,G,62,2,2025,1435
05,Östergötland,G,63,1,2025,1389
05,Östergötland,G,63,2,2025,1383
05,Östergötland,G,64,1,2025,1344
05,Östergötland,G,64,2,2025,1309
05,Östergötland,G,65,1,2025,1376
05,Östergötland,G,65,2,2025,1317
05,Östergötland,G,66,1,2025,1370
05,Östergötland,G,66,2,2025,1320
05,Östergötland,G,67,1,2025,1402
05,Östergötland,G,67,2,2025,1323
05,Östergötland,G,68,1,2025,1438
05,Östergötland,G,68,2,2025,1357
05,Östergötland,G,69,1,2025,1422
05,Östergötland,G,69,2,2025,1329
05,Östergötland,G,70,1,2025,1341
05,Östergötland,G,70,2,2025,1326
05,Östergötland,G,71,1,2025,1303
05,Östergötland,G,71,2,2025,1298
05,Östergötland,G,72,1,2025,1357
05,Östergötland,G,72,2,2025,1296
05,Östergötland,G,73,1,2025,1351
05,Östergötland,G,73,2,2025,1181
05,Östergötland,G,74,1,2025,1331
05,Östergötland,G,74,2,2025,1185
05,Östergötland,G,75,1,2025,1376
05,Östergötland,G,75,2,2025,1217
05,Östergötland,G,76,1,2025,1411
05,Östergötland,G,76,2,2025,1316
05,Östergötland,G,77,1,2025,1373
05,Östergötland,G,77,2,2025,1210
05,Östergötland,G,78,1,2025,1315
05,Östergötland,G,78,2,2025,1188
05,Östergötland,G,79,1,2025,1340
05,Östergötland,G,79,2,2025,1152
05,Östergötland,G,80,1,2025,1223
05,Östergötland,G,80,2,2025,1035
05,Östergötland,G,81,1,2025,1183
05,Östergötland,G,81,2,2025,901
05,Östergötland,G,82,1,2025,1043
05,Östergötland,G,82,2,2025,740
05,Östergötland,G,83,1,2025,919
05,Östergötland,G,83,2,2025,642
05,Östergötland,G,84,1,2025,720
05,Östergötland,G,84,2,2025,513
05,Östergötland,G,85,1,2025,618
05,Östergötland,G,85,2,2025,376
05,Östergötland,G,86,1,2025,504
05,Östergötland,G,86,2,2025,367
05,Östergötland,G,87,1,2025,468
05,Östergötland,G,87,2,2025,276
05,Östergötland,G,88,1,2025,400
05,Östergötland,G,88,2,2025,208
05,Östergötland,G,89,1,2025,276
05,Östergötland,G,89,2,2025,150
05,Östergötland,G,90,1,2025,247
05,Östergötland,G,90,2,2025,118
05,Östergötland,G,91,1,2025,132
05,Östergötland,G,91,2,2025,59
05,Östergötland,G,92,1,2025,117
05,Östergötland,G,92,2,2025,49
05,Östergötland,G,93,1,2025,88
05,Östergötland,G,93,2,2025,33
05,Östergötland,G,94,1,2025,67
05,Östergötland,G,94,2,2025,23
05,Östergötland,G,95,1,2025,29
05,Östergötland,G,95,2,2025,14
05,Östergötland,G,96,1,2025,17
05,Östergötland,G,96,2,2025,3
05,Östergötland,G,97,1,2025,18
05,Östergötland,G,97,2,2025,5
05,Östergötland,G,98,1,2025,8
05,Östergötland,G,98,2,2025,5
05,Östergötland,G,99,1,2025,3
05,Östergötland,G,99,2,2025,3
05,Östergötland,G,100+1,1,2025,7
05,Östergötland,G,100+1,2,2025,0
05,Östergötland,ÄNKL,0,1,2025,0
05,Östergötland,ÄNKL,0,2,2025,0
05,Östergötland,ÄNKL,1,1,2025,0
05,Östergötland,ÄNKL,1,2,2025,0
05,Östergötland,ÄNKL,2,1,2025,0
05,Östergötland,ÄNKL,2,2,2025,0
05,Östergötland,ÄNKL,3,1,2025,0
05,Östergötland,ÄNKL,3,2,2025,0
05,Östergötland,ÄNKL,4,1,2025,0
05,Östergötland,ÄNKL,4,2,2025,0
05,Östergötland,ÄNKL,5,1,2025,0
05,Östergötland,ÄNKL,5,2,2025,0
05,Östergötland,ÄNKL,6,1,2025,0
05,Östergötland,ÄNKL,6,2,2025,0
05,Östergötland,ÄNKL,7,1,2025,0
05,Östergötland,ÄNKL,7,2,2025,0
05,Östergötland,ÄNKL,8,1,2025,0
05,Östergötland,ÄNKL,8,2,2025,0
05,Östergötland,ÄNKL,9,1,2025,0
05,Östergötland,ÄNKL,9,2,2025,0
05,Östergötland,ÄNKL,10,1,2025,0
05,Östergötland,ÄNKL,10,2,2025,0
05,Östergötland,ÄNKL,11,1,2025,0
05,Östergötland,ÄNKL,11,2,2025,0
05,Östergötland,ÄNKL,12,1,2025,0
05,Östergötland,ÄNKL,12,2,2025,0
05,Östergötland,ÄNKL,13,1,2025,0
05,Östergötland,ÄNKL,13,2,2025,0
05,Östergötland,ÄNKL,14,1,2025,0
05,Östergötland,ÄNKL,14,2,2025,0
05,Östergötland,ÄNKL,15,1,2025,0
05,Östergötland,ÄNKL,15,2,2025,0
05,Östergötland,ÄNKL,16,1,2025,0
05,Östergötland,ÄNKL,16,2,2025,0
05,Östergötland,ÄNKL,17,1,2025,0
05,Östergötland,ÄNKL,17,2,2025,0
05,Östergötland,ÄNKL,18,1,2025,0
05,Östergötland,ÄNKL,18,2,2025,0
05,Östergötland,ÄNKL,19,1,2025,0
05,Östergötland,ÄNKL,19,2,2025,0
05,Östergötland,ÄNKL,20,1,2025,0
05,Östergötland,ÄNKL,20,2,2025,0
05,Östergötland,ÄNKL,21,1,2025,0
05,Östergötland,ÄNKL,21,2,2025,0
05,Östergötland,ÄNKL,22,1,2025,0
05,Östergötland,ÄNKL,22,2,2025,0
05,Östergötland,ÄNKL,23,1,2025,0
05,Östergötland,ÄNKL,23,2,2025,0
05,Östergötland,ÄNKL,24,1,2025,0
05,Östergötland,ÄNKL,24,2,2025,0
05,Östergötland,ÄNKL,25,1,2025,0
05,Östergötland,ÄNKL,25,2,2025,0
05,Östergötland,ÄNKL,26,1,2025,0
05,Östergötland,ÄNKL,26,2,2025,0
05,Östergötland,ÄNKL,27,1,2025,0
05,Östergötland,ÄNKL,27,2,2025,0
05,Östergötland,ÄNKL,28,1,2025,0
05,Östergötland,ÄNKL,28,2,2025,0
05,Östergötland,ÄNKL,29,1,2025,0
05,Östergötland,ÄNKL,29,2,2025,0
05,Östergötland,ÄNKL,30,1,2025,0
05,Östergötland,ÄNKL,30,2,2025,3
05,Östergötland,ÄNKL,31,1,2025,0
05,Östergötland,ÄNKL,31,2,2025,4
05,Östergötland,ÄNKL,32,1,2025,0
05,Östergötland,ÄNKL,32,2,2025,3
05,Östergötland,ÄNKL,33,1,2025,3
05,Östergötland,ÄNKL,33,2,2025,4
05,Östergötland,ÄNKL,34,1,2025,0
05,Östergötland,ÄNKL,34,2,2025,3
05,Östergötland,ÄNKL,35,1,2025,3
05,Östergötland,ÄNKL,35,2,2025,4
05,Östergötland,ÄNKL,36,1,2025,5
05,Östergötland,ÄNKL,36,2,2025,9
05,Östergötland,ÄNKL,37,1,2025,3
05,Östergötland,ÄNKL,37,2,2025,10
05,Östergötland,ÄNKL,38,1,2025,3
05,Östergötland,ÄNKL,38,2,2025,4
05,Östergötland,ÄNKL,39,1,2025,0
05,Östergötland,ÄNKL,39,2,2025,15
05,Östergötland,ÄNKL,40,1,2025,9
05,Östergötland,ÄNKL,40,2,2025,14
05,Östergötland,ÄNKL,41,1,2025,0
05,Östergötland,ÄNKL,41,2,2025,9
05,Östergötland,ÄNKL,42,1,2025,5
05,Östergötland,ÄNKL,42,2,2025,21
05,Östergötland,ÄNKL,43,1,2025,6
05,Östergötland,ÄNKL,43,2,2025,11
05,Östergötland,ÄNKL,44,1,2025,5
05,Östergötland,ÄNKL,44,2,2025,15
05,Östergötland,ÄNKL,45,1,2025,5
05,Östergötland,ÄNKL,45,2,2025,21
05,Östergötland,ÄNKL,46,1,2025,4
05,Östergötland,ÄNKL,46,2,2025,15
05,Östergötland,ÄNKL,47,1,2025,8
05,Östergötland,ÄNKL,47,2,2025,23
05,Östergötland,ÄNKL,48,1,2025,8
05,Östergötland,ÄNKL,48,2,2025,18
05,Östergötland,ÄNKL,49,1,2025,15
05,Östergötland,ÄNKL,49,2,2025,36
05,Östergötland,ÄNKL,50,1,2025,11
05,Östergötland,ÄNKL,50,2,2025,33
05,Östergötland,ÄNKL,51,1,2025,5
05,Östergötland,ÄNKL,51,2,2025,32
05,Östergötland,ÄNKL,52,1,2025,11
05,Östergötland,ÄNKL,52,2,2025,42
05,Östergötland,ÄNKL,53,1,2025,19
05,Östergötland,ÄNKL,53,2,2025,46
05,Östergötland,ÄNKL,54,1,2025,15
05,Östergötland,ÄNKL,54,2,2025,52
05,Östergötland,ÄNKL,55,1,2025,17
05,Östergötland,ÄNKL,55,2,2025,54
05,Östergötland,ÄNKL,56,1,2025,16
05,Östergötland,ÄNKL,56,2,2025,60
05,Östergötland,ÄNKL,57,1,2025,19
05,Östergötland,ÄNKL,57,2,2025,77
05,Östergötland,ÄNKL,58,1,2025,25
05,Östergötland,ÄNKL,58,2,2025,70
05,Östergötland,ÄNKL,59,1,2025,35
05,Östergötland,ÄNKL,59,2,2025,77
05,Östergötland,ÄNKL,60,1,2025,28
05,Östergötland,ÄNKL,60,2,2025,98
05,Östergötland,ÄNKL,61,1,2025,29
05,Östergötland,ÄNKL,61,2,2025,91
05,Östergötland,ÄNKL,62,1,2025,23
05,Östergötland,ÄNKL,62,2,2025,105
05,Östergötland,ÄNKL,63,1,2025,39
05,Östergötland,ÄNKL,63,2,2025,121
05,Östergötland,ÄNKL,64,1,2025,48
05,Östergötland,ÄNKL,64,2,2025,114
05,Östergötland,ÄNKL,65,1,2025,59
05,Östergötland,ÄNKL,65,2,2025,162
05,Östergötland,ÄNKL,66,1,2025,47
05,Östergötland,ÄNKL,66,2,2025,144
05,Östergötland,ÄNKL,67,1,2025,52
05,Östergötland,ÄNKL,67,2,2025,178
05,Östergötland,ÄNKL,68,1,2025,56
05,Östergötland,ÄNKL,68,2,2025,177
05,Östergötland,ÄNKL,69,1,2025,60
05,Östergötland,ÄNKL,69,2,2025,202
05,Östergötland,ÄNKL,70,1,2025,75
05,Östergötland,ÄNKL,70,2,2025,253
05,Östergötland,ÄNKL,71,1,2025,84
05,Östergötland,ÄNKL,71,2,2025,225
05,Östergötland,ÄNKL,72,1,2025,94
05,Östergötland,ÄNKL,72,2,2025,288
05,Östergötland,ÄNKL,73,1,2025,106
05,Östergötland,ÄNKL,73,2,2025,297
05,Östergötland,ÄNKL,74,1,2025,132
05,Östergötland,ÄNKL,74,2,2025,352
05,Östergötland,ÄNKL,75,1,2025,141
05,Östergötland,ÄNKL,75,2,2025,380
05,Östergötland,ÄNKL,76,1,2025,172
05,Östergötland,ÄNKL,76,2,2025,435
05,Östergötland,ÄNKL,77,1,2025,158
05,Östergötland,ÄNKL,77,2,2025,533
05,Östergötland,ÄNKL,78,1,2025,196
05,Östergötland,ÄNKL,78,2,2025,486
05,Östergötland,ÄNKL,79,1,2025,237
05,Östergötland,ÄNKL,79,2,2025,614
05,Östergötland,ÄNKL,80,1,2025,252
05,Östergötland,ÄNKL,80,2,2025,601
05,Östergötland,ÄNKL,81,1,2025,264
05,Östergötland,ÄNKL,81,2,2025,663
05,Östergötland,ÄNKL,82,1,2025,250
05,Östergötland,ÄNKL,82,2,2025,638
05,Östergötland,ÄNKL,83,1,2025,252
05,Östergötland,ÄNKL,83,2,2025,666
05,Östergötland,ÄNKL,84,1,2025,212
05,Östergötland,ÄNKL,84,2,2025,618
05,Östergötland,ÄNKL,85,1,2025,214
05,Östergötland,ÄNKL,85,2,2025,635
05,Östergötland,ÄNKL,86,1,2025,212
05,Östergötland,ÄNKL,86,2,2025,607
05,Östergötland,ÄNKL,87,1,2025,187
05,Östergötland,ÄNKL,87,2,2025,574
05,Östergötland,ÄNKL,88,1,2025,206
05,Östergötland,ÄNKL,88,2,2025,518
05,Östergötland,ÄNKL,89,1,2025,170
05,Östergötland,ÄNKL,89,2,2025,519
05,Östergötland,ÄNKL,90,1,2025,161
05,Östergötland,ÄNKL,90,2,2025,490
05,Östergötland,ÄNKL,91,1,2025,124
05,Östergötland,ÄNKL,91,2,2025,404
05,Östergötland,ÄNKL,92,1,2025,102
05,Östergötland,ÄNKL,92,2,2025,362
05,Östergötland,ÄNKL,93,1,2025,75
05,Östergötland,ÄNKL,93,2,2025,329
05,Östergötland,ÄNKL,94,1,2025,75
05,Östergötland,ÄNKL,94,2,2025,279
05,Östergötland,ÄNKL,95,1,2025,48
05,Östergötland,ÄNKL,95,2,2025,213
05,Östergötland,ÄNKL,96,1,2025,48
05,Östergötland,ÄNKL,96,2,2025,160
05,Östergötland,ÄNKL,97,1,2025,30
05,Östergötland,ÄNKL,97,2,2025,113
05,Östergötland,ÄNKL,98,1,2025,14
05,Östergötland,ÄNKL,98,2,2025,96
05,Östergötland,ÄNKL,99,1,2025,15
05,Östergötland,ÄNKL,99,2,2025,70
05,Östergötland,ÄNKL,100+1,1,2025,22
05,Östergötland,ÄNKL,100+1,2,2025,94
05,Östergötland,SK,0,1,2025,0
05,Östergötland,SK,0,2,2025,0
05,Östergötland,SK,1,1,2025,0
05,Östergötland,SK,1,2,2025,0
05,Östergötland,SK,2,1,2025,0
05,Östergötland,SK,2,2,2025,0
05,Östergötland,SK,3,1,2025,0
05,Östergötland,SK,3,2,2025,0
05,Östergötland,SK,4,1,2025,0
05,Östergötland,SK,4,2,2025,0
05,Östergötland,SK,5,1,2025,0
05,Östergötland,SK,5,2,2025,0
05,Östergötland,SK,6,1,2025,0
05,Östergötland,SK,6,2,2025,0
05,Östergötland,SK,7,1,2025,0
05,Östergötland,SK,7,2,2025,0
05,Östergötland,SK,8,1,2025,0
05,Östergötland,SK,8,2,2025,0
05,Östergötland,SK,9,1,2025,0
05,Östergötland,SK,9,2,2025,0
05,Östergötland,SK,10,1,2025,0
05,Östergötland,SK,10,2,2025,0
05,Östergötland,SK,11,1,2025,0
05,Östergötland,SK,11,2,2025,0
05,Östergötland,SK,12,1,2025,0
05,Östergötland,SK,12,2,2025,0
05,Östergötland,SK,13,1,2025,0
05,Östergötland,SK,13,2,2025,0
05,Östergötland,SK,14,1,2025,0
05,Östergötland,SK,14,2,2025,0
05,Östergötland,SK,15,1,2025,0
05,Östergötland,SK,15,2,2025,0
05,Östergötland,SK,16,1,2025,0
05,Östergötland,SK,16,2,2025,0
05,Östergötland,SK,17,1,2025,0
05,Östergötland,SK,17,2,2025,0
05,Östergötland,SK,18,1,2025,0
05,Östergötland,SK,18,2,2025,0
05,Östergötland,SK,19,1,2025,0
05,Östergötland,SK,19,2,2025,0
05,Östergötland,SK,20,1,2025,0
05,Östergötland,SK,20,2,2025,0
05,Östergötland,SK,21,1,2025,0
05,Östergötland,SK,21,2,2025,3
05,Östergötland,SK,22,1,2025,0
05,Östergötland,SK,22,2,2025,3
05,Östergötland,SK,23,1,2025,0
05,Östergötland,SK,23,2,2025,10
05,Östergötland,SK,24,1,2025,3
05,Östergötland,SK,24,2,2025,9
05,Östergötland,SK,25,1,2025,7
05,Östergötland,SK,25,2,2025,13
05,Östergötland,SK,26,1,2025,12
05,Östergötland,SK,26,2,2025,17
05,Östergötland,SK,27,1,2025,12
05,Östergötland,SK,27,2,2025,28
05,Östergötland,SK,28,1,2025,13
05,Östergötland,SK,28,2,2025,34
05,Östergötland,SK,29,1,2025,15
05,Östergötland,SK,29,2,2025,57
05,Östergötland,SK,30,1,2025,32
05,Östergötland,SK,30,2,2025,81
05,Östergötland,SK,31,1,2025,64
05,Östergötland,SK,31,2,2025,107
05,Östergötland,SK,32,1,2025,55
05,Östergötland,SK,32,2,2025,119
05,Östergötland,SK,33,1,2025,79
05,Östergötland,SK,33,2,2025,148
05,Östergötland,SK,34,1,2025,72
05,Östergötland,SK,34,2,2025,173
05,Östergötland,SK,35,1,2025,141
05,Östergötland,SK,35,2,2025,224
05,Östergötland,SK,36,1,2025,170
05,Östergötland,SK,36,2,2025,232
05,Östergötland,SK,37,1,2025,177
05,Östergötland,SK,37,2,2025,289
05,Östergötland,SK,38,1,2025,187
05,Östergötland,SK,38,2,2025,276
05,Östergötland,SK,39,1,2025,211
05,Östergötland,SK,39,2,2025,318
05,Östergötland,SK,40,1,2025,247
05,Östergötland,SK,40,2,2025,344
05,Östergötland,SK,41,1,2025,242
05,Östergötland,SK,41,2,2025,326
05,Östergötland,SK,42,1,2025,257
05,Östergötland,SK,42,2,2025,380
05,Östergötland,SK,43,1,2025,291
05,Östergötland,SK,43,2,2025,383
05,Östergötland,SK,44,1,2025,282
05,Östergötland,SK,44,2,2025,404
05,Östergötland,SK,45,1,2025,293
05,Östergötland,SK,45,2,2025,412
05,Östergötland,SK,46,1,2025,367
05,Östergötland,SK,46,2,2025,443
05,Östergötland,SK,47,1,2025,359
05,Östergötland,SK,47,2,2025,466
05,Östergötland,SK,48,1,2025,366
05,Östergötland,SK,48,2,2025,487
05,Östergötland,SK,49,1,2025,386
05,Östergötland,SK,49,2,2025,477
05,Östergötland,SK,50,1,2025,401
05,Östergötland,SK,50,2,2025,481
05,Östergötland,SK,51,1,2025,432
05,Östergötland,SK,51,2,2025,561
05,Östergötland,SK,52,1,2025,424
05,Östergötland,SK,52,2,2025,489
05,Östergötland,SK,53,1,2025,456
05,Östergötland,SK,53,2,2025,532
05,Östergötland,SK,54,1,2025,448
05,Östergötland,SK,54,2,2025,511
05,Östergötland,SK,55,1,2025,440
05,Östergötland,SK,55,2,2025,564
05,Östergötland,SK,56,1,2025,467
05,Östergötland,SK,56,2,2025,534
05,Östergötland,SK,57,1,2025,475
05,Östergötland,SK,57,2,2025,564
05,Östergötland,SK,58,1,2025,465
05,Östergötland,SK,58,2,2025,596
05,Östergötland,SK,59,1,2025,483
05,Östergötland,SK,59,2,2025,625
05,Östergötland,SK,60,1,2025,516
05,Östergötland,SK,60,2,2025,634
05,Östergötland,SK,61,1,2025,547
05,Östergötland,SK,61,2,2025,637
05,Östergötland,SK,62,1,2025,463
05,Östergötland,SK,62,2,2025,530
05,Östergötland,SK,63,1,2025,456
05,Östergötland,SK,63,2,2025,568
05,Östergötland,SK,64,1,2025,419
05,Östergötland,SK,64,2,2025,517
05,Östergötland,SK,65,1,2025,481
05,Östergötland,SK,65,2,2025,514
05,Östergötland,SK,66,1,2025,468
05,Östergötland,SK,66,2,2025,524
05,Östergötland,SK,67,1,2025,457
05,Östergötland,SK,67,2,2025,506
05,Östergötland,SK,68,1,2025,398
05,Östergötland,SK,68,2,2025,545
05,Östergötland,SK,69,1,2025,416
05,Östergötland,SK,69,2,2025,466
05,Östergötland,SK,70,1,2025,411
05,Östergötland,SK,70,2,2025,455
05,Östergötland,SK,71,1,2025,362
05,Östergötland,SK,71,2,2025,452
05,Östergötland,SK,72,1,2025,390
05,Östergötland,SK,72,2,2025,475
05,Östergötland,SK,73,1,2025,379
05,Östergötland,SK,73,2,2025,469
05,Östergötland,SK,74,1,2025,314
05,Östergötland,SK,74,2,2025,497
05,Östergötland,SK,75,1,2025,321
05,Östergötland,SK,75,2,2025,476
05,Östergötland,SK,76,1,2025,316
05,Östergötland,SK,76,2,2025,452
05,Östergötland,SK,77,1,2025,312
05,Östergötland,SK,77,2,2025,465
05,Östergötland,SK,78,1,2025,341
05,Östergötland,SK,78,2,2025,443
05,Östergötland,SK,79,1,2025,363
05,Östergötland,SK,79,2,2025,403
05,Östergötland,SK,80,1,2025,308
05,Östergötland,SK,80,2,2025,427
05,Östergötland,SK,81,1,2025,279
05,Östergötland,SK,81,2,2025,414
05,Östergötland,SK,82,1,2025,228
05,Östergötland,SK,82,2,2025,316
05,Östergötland,SK,83,1,2025,198
05,Östergötland,SK,83,2,2025,286
05,Östergötland,SK,84,1,2025,160
05,Östergötland,SK,84,2,2025,296
05,Östergötland,SK,85,1,2025,140
05,Östergötland,SK,85,2,2025,212
05,Östergötland,SK,86,1,2025,132
05,Östergötland,SK,86,2,2025,201
05,Östergötland,SK,87,1,2025,85
05,Östergötland,SK,87,2,2025,159
05,Östergötland,SK,88,1,2025,75
05,Östergötland,SK,88,2,2025,129
05,Östergötland,SK,89,1,2025,61
05,Östergötland,SK,89,2,2025,109
05,Östergötland,SK,90,1,2025,56
05,Östergötland,SK,90,2,2025,103
05,Östergötland,SK,91,1,2025,37
05,Östergötland,SK,91,2,2025,77
05,Östergötland,SK,92,1,2025,23
05,Östergötland,SK,92,2,2025,54
05,Östergötland,SK,93,1,2025,23
05,Östergötland,SK,93,2,2025,51
05,Östergötland,SK,94,1,2025,14
05,Östergötland,SK,94,2,2025,48
05,Östergötland,SK,95,1,2025,8
05,Östergötland,SK,95,2,2025,21
05,Östergötland,SK,96,1,2025,3
05,Östergötland,SK,96,2,2025,12
05,Östergötland,SK,97,1,2025,3
05,Östergötland,SK,97,2,2025,15
05,Östergötland,SK,98,1,2025,5
05,Östergötland,SK,98,2,2025,10
05,Östergötland,SK,99,1,2025,0
05,Östergötland,SK,99,2,2025,6
05,Östergötland,SK,100+1,1,2025,0
05,Östergötland,SK,100+1,2,2025,8
06,Jönköping,OG,0,1,2025,1776
06,Jönköping,OG,0,2,2025,1634
06,Jönköping,OG,1,1,2025,1769
06,Jönköping,OG,1,2,2025,1745
06,Jönköping,OG,2,1,2025,1877
06,Jönköping,OG,2,2,2025,1796
06,Jönköping,OG,3,1,2025,1986
06,Jönköping,OG,3,2,2025,1822
06,Jönköping,OG,4,1,2025,2176
06,Jönköping,OG,4,2,2025,2034
06,Jönköping,OG,5,1,2025,2245
06,Jönköping,OG,5,2,2025,2127
06,Jönköping,OG,6,1,2025,2213
06,Jönköping,OG,6,2,2025,2139
06,Jönköping,OG,7,1,2025,2296
06,Jönköping,OG,7,2,2025,2162
06,Jönköping,OG,8,1,2025,2267
06,Jönköping,OG,8,2,2025,2102
06,Jönköping,OG,9,1,2025,2303
06,Jönköping,OG,9,2,2025,2274
06,Jönköping,OG,10,1,2025,2361
06,Jönköping,OG,10,2,2025,2239
06,Jönköping,OG,11,1,2025,2303
06,Jönköping,OG,11,2,2025,2295
06,Jönköping,OG,12,1,2025,2358
06,Jönköping,OG,12,2,2025,2135
06,Jönköping,OG,13,1,2025,2448
06,Jönköping,OG,13,2,2025,2180
06,Jönköping,OG,14,1,2025,2430
06,Jönköping,OG,14,2,2025,2299
06,Jönköping,OG,15,1,2025,2365
06,Jönköping,OG,15,2,2025,2320
06,Jönköping,OG,16,1,2025,2305
06,Jönköping,OG,16,2,2025,2272
06,Jönköping,OG,17,1,2025,2316
06,Jönköping,OG,17,2,2025,2245
06,Jönköping,OG,18,1,2025,2402
06,Jönköping,OG,18,2,2025,2215
06,Jönköping,OG,19,1,2025,2349
06,Jönköping,OG,19,2,2025,2184
06,Jönköping,OG,20,1,2025,2325
06,Jönköping,OG,20,2,2025,1991
06,Jönköping,OG,21,1,2025,2259
06,Jönköping,OG,21,2,2025,1927
06,Jönköping,OG,22,1,2025,2165
06,Jönköping,OG,22,2,2025,1948
06,Jönköping,OG,23,1,2025,2209
06,Jönköping,OG,23,2,2025,1839
06,Jönköping,OG,24,1,2025,2028
06,Jönköping,OG,24,2,2025,1631
06,Jönköping,OG,25,1,2025,2046
06,Jönköping,OG,25,2,2025,1573
06,Jönköping,OG,26,1,2025,2204
06,Jönköping,OG,26,2,2025,1488
06,Jönköping,OG,27,1,2025,1991
06,Jönköping,OG,27,2,2025,1516
06,Jönköping,OG,28,1,2025,1774
06,Jönköping,OG,28,2,2025,1356
06,Jönköping,OG,29,1,2025,1819
06,Jönköping,OG,29,2,2025,1395
06,Jönköping,OG,30,1,2025,1824
06,Jönköping,OG,30,2,2025,1356
06,Jönköping,OG,31,1,2025,1872
06,Jönköping,OG,31,2,2025,1359
06,Jönköping,OG,32,1,2025,1793
06,Jönköping,OG,32,2,2025,1317
06,Jönköping,OG,33,1,2025,1826
06,Jönköping,OG,33,2,2025,1362
06,Jönköping,OG,34,1,2025,1770
06,Jönköping,OG,34,2,2025,1220
06,Jönköping,OG,35,1,2025,1576
06,Jönköping,OG,35,2,2025,1156
06,Jönköping,OG,36,1,2025,1444
06,Jönköping,OG,36,2,2025,1028
06,Jönköping,OG,37,1,2025,1325
06,Jönköping,OG,37,2,2025,946
06,Jönköping,OG,38,1,2025,1187
06,Jönköping,OG,38,2,2025,901
06,Jönköping,OG,39,1,2025,1132
06,Jönköping,OG,39,2,2025,811
06,Jönköping,OG,40,1,2025,1021
06,Jönköping,OG,40,2,2025,758
06,Jönköping,OG,41,1,2025,907
06,Jönköping,OG,41,2,2025,674
06,Jönköping,OG,42,1,2025,893
06,Jönköping,OG,42,2,2025,634
06,Jönköping,OG,43,1,2025,867
06,Jönköping,OG,43,2,2025,597
06,Jönköping,OG,44,1,2025,749
06,Jönköping,OG,44,2,2025,530
06,Jönköping,OG,45,1,2025,738
06,Jönköping,OG,45,2,2025,576
06,Jönköping,OG,46,1,2025,765
06,Jönköping,OG,46,2,2025,553
06,Jönköping,OG,47,1,2025,697
06,Jönköping,OG,47,2,2025,541
06,Jönköping,OG,48,1,2025,688
06,Jönköping,OG,48,2,2025,498
06,Jönköping,OG,49,1,2025,655
06,Jönköping,OG,49,2,2025,498
06,Jönköping,OG,50,1,2025,708
06,Jönköping,OG,50,2,2025,475
06,Jönköping,OG,51,1,2025,688
06,Jönköping,OG,51,2,2025,528
06,Jönköping,OG,52,1,2025,654
06,Jönköping,OG,52,2,2025,506
06,Jönköping,OG,53,1,2025,659
06,Jönköping,OG,53,2,2025,520
06,Jönköping,OG,54,1,2025,675
06,Jönköping,OG,54,2,2025,536
06,Jönköping,OG,55,1,2025,701
06,Jönköping,OG,55,2,2025,505
06,Jönköping,OG,56,1,2025,675
06,Jönköping,OG,56,2,2025,480
06,Jönköping,OG,57,1,2025,703
06,Jönköping,OG,57,2,2025,495
06,Jönköping,OG,58,1,2025,659
06,Jönköping,OG,58,2,2025,496
06,Jönköping,OG,59,1,2025,668
06,Jönköping,OG,59,2,2025,499
06,Jönköping,OG,60,1,2025,646
06,Jönköping,OG,60,2,2025,461
06,Jönköping,OG,61,1,2025,613
06,Jönköping,OG,61,2,2025,451
06,Jönköping,OG,62,1,2025,586
06,Jönköping,OG,62,2,2025,391
06,Jönköping,OG,63,1,2025,552
06,Jönköping,OG,63,2,2025,399
06,Jönköping,OG,64,1,2025,455
06,Jönköping,OG,64,2,2025,374
06,Jönköping,OG,65,1,2025,471
06,Jönköping,OG,65,2,2025,333
06,Jönköping,OG,66,1,2025,434
06,Jönköping,OG,66,2,2025,303
06,Jönköping,OG,67,1,2025,408
06,Jönköping,OG,67,2,2025,279
06,Jönköping,OG,68,1,2025,385
06,Jönköping,OG,68,2,2025,281
06,Jönköping,OG,69,1,2025,399
06,Jönköping,OG,69,2,2025,265
06,Jönköping,OG,70,1,2025,362
06,Jönköping,OG,70,2,2025,250
06,Jönköping,OG,71,1,2025,333
06,Jönköping,OG,71,2,2025,249
06,Jönköping,OG,72,1,2025,331
06,Jönköping,OG,72,2,2025,193
06,Jönköping,OG,73,1,2025,258
06,Jönköping,OG,73,2,2025,200
06,Jönköping,OG,74,1,2025,266
06,Jönköping,OG,74,2,2025,193
06,Jönköping,OG,75,1,2025,207
06,Jönköping,OG,75,2,2025,177
06,Jönköping,OG,76,1,2025,219
06,Jönköping,OG,76,2,2025,163
06,Jönköping,OG,77,1,2025,196
06,Jönköping,OG,77,2,2025,143
06,Jönköping,OG,78,1,2025,184
06,Jönköping,OG,78,2,2025,150
06,Jönköping,OG,79,1,2025,146
06,Jönköping,OG,79,2,2025,101
06,Jönköping,OG,80,1,2025,133
06,Jönköping,OG,80,2,2025,99
06,Jönköping,OG,81,1,2025,107
06,Jönköping,OG,81,2,2025,100
06,Jönköping,OG,82,1,2025,98
06,Jönköping,OG,82,2,2025,69
06,Jönköping,OG,83,1,2025,66
06,Jönköping,OG,83,2,2025,62
06,Jönköping,OG,84,1,2025,79
06,Jönköping,OG,84,2,2025,71
06,Jönköping,OG,85,1,2025,50
06,Jönköping,OG,85,2,2025,41
06,Jönköping,OG,86,1,2025,43
06,Jönköping,OG,86,2,2025,53
06,Jönköping,OG,87,1,2025,28
06,Jönköping,OG,87,2,2025,49
06,Jönköping,OG,88,1,2025,21
06,Jönköping,OG,88,2,2025,28
06,Jönköping,OG,89,1,2025,18
06,Jönköping,OG,89,2,2025,25
06,Jönköping,OG,90,1,2025,21
06,Jönköping,OG,90,2,2025,30
06,Jönköping,OG,91,1,2025,14
06,Jönköping,OG,91,2,2025,23
06,Jönköping,OG,92,1,2025,9
06,Jönköping,OG,92,2,2025,20
06,Jönköping,OG,93,1,2025,4
06,Jönköping,OG,93,2,2025,14
06,Jönköping,OG,94,1,2025,4
06,Jönköping,OG,94,2,2025,14
06,Jönköping,OG,95,1,2025,3
06,Jönköping,OG,95,2,2025,13
06,Jönköping,OG,96,1,2025,3
06,Jönköping,OG,96,2,2025,7
06,Jönköping,OG,97,1,2025,0
06,Jönköping,OG,97,2,2025,11
06,Jönköping,OG,98,1,2025,0
06,Jönköping,OG,98,2,2025,3
06,Jönköping,OG,99,1,2025,3
06,Jönköping,OG,99,2,2025,3
06,Jönköping,OG,100+1,1,2025,4
06,Jönköping,OG,100+1,2,2025,4
06,Jönköping,G,0,1,2025,0
06,Jönköping,G,0,2,2025,0
06,Jönköping,G,1,1,2025,0
06,Jönköping,G,1,2,2025,0
06,Jönköping,G,2,1,2025,0
06,Jönköping,G,2,2,2025,0
06,Jönköping,G,3,1,2025,0
06,Jönköping,G,3,2,2025,0
06,Jönköping,G,4,1,2025,0
06,Jönköping,G,4,2,2025,0
06,Jönköping,G,5,1,2025,0
06,Jönköping,G,5,2,2025,0
06,Jönköping,G,6,1,2025,0
06,Jönköping,G,6,2,2025,0
06,Jönköping,G,7,1,2025,0
06,Jönköping,G,7,2,2025,0
06,Jönköping,G,8,1,2025,0
06,Jönköping,G,8,2,2025,0
06,Jönköping,G,9,1,2025,0
06,Jönköping,G,9,2,2025,0
06,Jönköping,G,10,1,2025,0
06,Jönköping,G,10,2,2025,0
06,Jönköping,G,11,1,2025,0
06,Jönköping,G,11,2,2025,0
06,Jönköping,G,12,1,2025,0
06,Jönköping,G,12,2,2025,0
06,Jönköping,G,13,1,2025,0
06,Jönköping,G,13,2,2025,0
06,Jönköping,G,14,1,2025,0
06,Jönköping,G,14,2,2025,0
06,Jönköping,G,15,1,2025,0
06,Jönköping,G,15,2,2025,0
06,Jönköping,G,16,1,2025,0
06,Jönköping,G,16,2,2025,0
06,Jönköping,G,17,1,2025,0
06,Jönköping,G,17,2,2025,0
06,Jönköping,G,18,1,2025,0
06,Jönköping,G,18,2,2025,0
06,Jönköping,G,19,1,2025,3
06,Jönköping,G,19,2,2025,4
06,Jönköping,G,20,1,2025,3
06,Jönköping,G,20,2,2025,12
06,Jönköping,G,21,1,2025,9
06,Jönköping,G,21,2,2025,47
06,Jönköping,G,22,1,2025,23
06,Jönköping,G,22,2,2025,98
06,Jönköping,G,23,1,2025,43
06,Jönköping,G,23,2,2025,129
06,Jönköping,G,24,1,2025,65
06,Jönköping,G,24,2,2025,183
06,Jönköping,G,25,1,2025,134
06,Jönköping,G,25,2,2025,224
06,Jönköping,G,26,1,2025,260
06,Jönköping,G,26,2,2025,321
06,Jönköping,G,27,1,2025,265
06,Jönköping,G,27,2,2025,432
06,Jönköping,G,28,1,2025,312
06,Jönköping,G,28,2,2025,477
06,Jönköping,G,29,1,2025,405
06,Jönköping,G,29,2,2025,613
06,Jönköping,G,30,1,2025,502
06,Jönköping,G,30,2,2025,743
06,Jönköping,G,31,1,2025,582
06,Jönköping,G,31,2,2025,832
06,Jönköping,G,32,1,2025,712
06,Jönköping,G,32,2,2025,919
06,Jönköping,G,33,1,2025,845
06,Jönköping,G,33,2,2025,1031
06,Jönköping,G,34,1,2025,895
06,Jönköping,G,34,2,2025,1169
06,Jönköping,G,35,1,2025,1014
06,Jönköping,G,35,2,2025,1191
06,Jönköping,G,36,1,2025,1068
06,Jönköping,G,36,2,2025,1217
06,Jönköping,G,37,1,2025,1145
06,Jönköping,G,37,2,2025,1307
06,Jönköping,G,38,1,2025,1095
06,Jönköping,G,38,2,2025,1188
06,Jönköping,G,39,1,2025,1151
06,Jönköping,G,39,2,2025,1221
06,Jönköping,G,40,1,2025,1182
06,Jönköping,G,40,2,2025,1237
06,Jönköping,G,41,1,2025,1186
06,Jönköping,G,41,2,2025,1187
06,Jönköping,G,42,1,2025,1123
06,Jönköping,G,42,2,2025,1216
06,Jönköping,G,43,1,2025,1154
06,Jönköping,G,43,2,2025,1175
06,Jönköping,G,44,1,2025,1119
06,Jönköping,G,44,2,2025,1195
06,Jönköping,G,45,1,2025,1231
06,Jönköping,G,45,2,2025,1206
06,Jönköping,G,46,1,2025,1155
06,Jönköping,G,46,2,2025,1220
06,Jönköping,G,47,1,2025,1208
06,Jönköping,G,47,2,2025,1188
06,Jönköping,G,48,1,2025,1178
06,Jönköping,G,48,2,2025,1208
06,Jönköping,G,49,1,2025,1222
06,Jönköping,G,49,2,2025,1220
06,Jönköping,G,50,1,2025,1203
06,Jönköping,G,50,2,2025,1269
06,Jönköping,G,51,1,2025,1252
06,Jönköping,G,51,2,2025,1220
06,Jönköping,G,52,1,2025,1299
06,Jönköping,G,52,2,2025,1276
06,Jönköping,G,53,1,2025,1267
06,Jönköping,G,53,2,2025,1264
06,Jönköping,G,54,1,2025,1311
06,Jönköping,G,54,2,2025,1365
06,Jönköping,G,55,1,2025,1301
06,Jönköping,G,55,2,2025,1291
06,Jönköping,G,56,1,2025,1265
06,Jönköping,G,56,2,2025,1266
06,Jönköping,G,57,1,2025,1372
06,Jönköping,G,57,2,2025,1323
06,Jönköping,G,58,1,2025,1402
06,Jönköping,G,58,2,2025,1372
06,Jönköping,G,59,1,2025,1363
06,Jönköping,G,59,2,2025,1334
06,Jönköping,G,60,1,2025,1381
06,Jönköping,G,60,2,2025,1389
06,Jönköping,G,61,1,2025,1324
06,Jönköping,G,61,2,2025,1280
06,Jönköping,G,62,1,2025,1312
06,Jönköping,G,62,2,2025,1232
06,Jönköping,G,63,1,2025,1224
06,Jönköping,G,63,2,2025,1164
06,Jönköping,G,64,1,2025,1150
06,Jönköping,G,64,2,2025,1154
06,Jönköping,G,65,1,2025,1206
06,Jönköping,G,65,2,2025,1140
06,Jönköping,G,66,1,2025,1129
06,Jönköping,G,66,2,2025,1178
06,Jönköping,G,67,1,2025,1245
06,Jönköping,G,67,2,2025,1080
06,Jönköping,G,68,1,2025,1174
06,Jönköping,G,68,2,2025,1125
06,Jönköping,G,69,1,2025,1181
06,Jönköping,G,69,2,2025,1111
06,Jönköping,G,70,1,2025,1176
06,Jönköping,G,70,2,2025,1100
06,Jönköping,G,71,1,2025,1146
06,Jönköping,G,71,2,2025,1060
06,Jönköping,G,72,1,2025,1095
06,Jönköping,G,72,2,2025,1087
06,Jönköping,G,73,1,2025,1122
06,Jönköping,G,73,2,2025,1061
06,Jönköping,G,74,1,2025,1118
06,Jönköping,G,74,2,2025,1040
06,Jönköping,G,75,1,2025,1086
06,Jönköping,G,75,2,2025,960
06,Jönköping,G,76,1,2025,1174
06,Jönköping,G,76,2,2025,1065
06,Jönköping,G,77,1,2025,1217
06,Jönköping,G,77,2,2025,1047
06,Jönköping,G,78,1,2025,1167
06,Jönköping,G,78,2,2025,1012
06,Jönköping,G,79,1,2025,1118
06,Jönköping,G,79,2,2025,894
06,Jönköping,G,80,1,2025,1073
06,Jönköping,G,80,2,2025,833
06,Jönköping,G,81,1,2025,970
06,Jönköping,G,81,2,2025,753
06,Jönköping,G,82,1,2025,830
06,Jönköping,G,82,2,2025,658
06,Jönköping,G,83,1,2025,747
06,Jönköping,G,83,2,2025,514
06,Jönköping,G,84,1,2025,590
06,Jönköping,G,84,2,2025,385
06,Jönköping,G,85,1,2025,528
06,Jönköping,G,85,2,2025,351
06,Jönköping,G,86,1,2025,437
06,Jönköping,G,86,2,2025,276
06,Jönköping,G,87,1,2025,383
06,Jönköping,G,87,2,2025,230
06,Jönköping,G,88,1,2025,265
06,Jönköping,G,88,2,2025,174
06,Jönköping,G,89,1,2025,242
06,Jönköping,G,89,2,2025,116
06,Jönköping,G,90,1,2025,171
06,Jönköping,G,90,2,2025,101
06,Jönköping,G,91,1,2025,141
06,Jönköping,G,91,2,2025,57
06,Jönköping,G,92,1,2025,100
06,Jönköping,G,92,2,2025,36
06,Jönköping,G,93,1,2025,75
06,Jönköping,G,93,2,2025,22
06,Jönköping,G,94,1,2025,56
06,Jönköping,G,94,2,2025,19
06,Jönköping,G,95,1,2025,38
06,Jönköping,G,95,2,2025,9
06,Jönköping,G,96,1,2025,20
06,Jönköping,G,96,2,2025,10
06,Jönköping,G,97,1,2025,10
06,Jönköping,G,97,2,2025,0
06,Jönköping,G,98,1,2025,7
06,Jönköping,G,98,2,2025,3
06,Jönköping,G,99,1,2025,0
06,Jönköping,G,99,2,2025,0
06,Jönköping,G,100+1,1,2025,8
06,Jönköping,G,100+1,2,2025,0
06,Jönköping,ÄNKL,0,1,2025,0
06,Jönköping,ÄNKL,0,2,2025,0
06,Jönköping,ÄNKL,1,1,2025,0
06,Jönköping,ÄNKL,1,2,2025,0
06,Jönköping,ÄNKL,2,1,2025,0
06,Jönköping,ÄNKL,2,2,2025,0
06,Jönköping,ÄNKL,3,1,2025,0
06,Jönköping,ÄNKL,3,2,2025,0
06,Jönköping,ÄNKL,4,1,2025,0
06,Jönköping,ÄNKL,4,2,2025,0
06,Jönköping,ÄNKL,5,1,2025,0
06,Jönköping,ÄNKL,5,2,2025,0
06,Jönköping,ÄNKL,6,1,2025,0
06,Jönköping,ÄNKL,6,2,2025,0
06,Jönköping,ÄNKL,7,1,2025,0
06,Jönköping,ÄNKL,7,2,2025,0
06,Jönköping,ÄNKL,8,1,2025,0
06,Jönköping,ÄNKL,8,2,2025,0
06,Jönköping,ÄNKL,9,1,2025,0
06,Jönköping,ÄNKL,9,2,2025,0
06,Jönköping,ÄNKL,10,1,2025,0
06,Jönköping,ÄNKL,10,2,2025,0
06,Jönköping,ÄNKL,11,1,2025,0
06,Jönköping,ÄNKL,11,2,2025,0
06,Jönköping,ÄNKL,12,1,2025,0
06,Jönköping,ÄNKL,12,2,2025,0
06,Jönköping,ÄNKL,13,1,2025,0
06,Jönköping,ÄNKL,13,2,2025,0
06,Jönköping,ÄNKL,14,1,2025,0
06,Jönköping,ÄNKL,14,2,2025,0
06,Jönköping,ÄNKL,15,1,2025,0
06,Jönköping,ÄNKL,15,2,2025,0
06,Jönköping,ÄNKL,16,1,2025,0
06,Jönköping,ÄNKL,16,2,2025,0
06,Jönköping,ÄNKL,17,1,2025,0
06,Jönköping,ÄNKL,17,2,2025,0
06,Jönköping,ÄNKL,18,1,2025,0
06,Jönköping,ÄNKL,18,2,2025,0
06,Jönköping,ÄNKL,19,1,2025,0
06,Jönköping,ÄNKL,19,2,2025,0
06,Jönköping,ÄNKL,20,1,2025,0
06,Jönköping,ÄNKL,20,2,2025,0
06,Jönköping,ÄNKL,21,1,2025,0
06,Jönköping,ÄNKL,21,2,2025,0
06,Jönköping,ÄNKL,22,1,2025,0
06,Jönköping,ÄNKL,22,2,2025,0
06,Jönköping,ÄNKL,23,1,2025,0
06,Jönköping,ÄNKL,23,2,2025,0
06,Jönköping,ÄNKL,24,1,2025,0
06,Jönköping,ÄNKL,24,2,2025,0
06,Jönköping,ÄNKL,25,1,2025,0
06,Jönköping,ÄNKL,25,2,2025,0
06,Jönköping,ÄNKL,26,1,2025,0
06,Jönköping,ÄNKL,26,2,2025,0
06,Jönköping,ÄNKL,27,1,2025,0
06,Jönköping,ÄNKL,27,2,2025,0
06,Jönköping,ÄNKL,28,1,2025,0
06,Jönköping,ÄNKL,28,2,2025,3
06,Jönköping,ÄNKL,29,1,2025,0
06,Jönköping,ÄNKL,29,2,2025,0
06,Jönköping,ÄNKL,30,1,2025,0
06,Jönköping,ÄNKL,30,2,2025,0
06,Jönköping,ÄNKL,31,1,2025,0
06,Jönköping,ÄNKL,31,2,2025,3
06,Jönköping,ÄNKL,32,1,2025,0
06,Jönköping,ÄNKL,32,2,2025,0
06,Jönköping,ÄNKL,33,1,2025,0
06,Jönköping,ÄNKL,33,2,2025,4
06,Jönköping,ÄNKL,34,1,2025,0
06,Jönköping,ÄNKL,34,2,2025,3
06,Jönköping,ÄNKL,35,1,2025,0
06,Jönköping,ÄNKL,35,2,2025,0
06,Jönköping,ÄNKL,36,1,2025,0
06,Jönköping,ÄNKL,36,2,2025,5
06,Jönköping,ÄNKL,37,1,2025,3
06,Jönköping,ÄNKL,37,2,2025,4
06,Jönköping,ÄNKL,38,1,2025,0
06,Jönköping,ÄNKL,38,2,2025,10
06,Jönköping,ÄNKL,39,1,2025,0
06,Jönköping,ÄNKL,39,2,2025,6
06,Jönköping,ÄNKL,40,1,2025,3
06,Jönköping,ÄNKL,40,2,2025,8
06,Jönköping,ÄNKL,41,1,2025,3
06,Jönköping,ÄNKL,41,2,2025,8
06,Jönköping,ÄNKL,42,1,2025,0
06,Jönköping,ÄNKL,42,2,2025,14
06,Jönköping,ÄNKL,43,1,2025,3
06,Jönköping,ÄNKL,43,2,2025,13
06,Jönköping,ÄNKL,44,1,2025,8
06,Jönköping,ÄNKL,44,2,2025,17
06,Jönköping,ÄNKL,45,1,2025,6
06,Jönköping,ÄNKL,45,2,2025,15
06,Jönköping,ÄNKL,46,1,2025,3
06,Jönköping,ÄNKL,46,2,2025,15
06,Jönköping,ÄNKL,47,1,2025,0
06,Jönköping,ÄNKL,47,2,2025,18
06,Jönköping,ÄNKL,48,1,2025,5
06,Jönköping,ÄNKL,48,2,2025,22
06,Jönköping,ÄNKL,49,1,2025,6
06,Jönköping,ÄNKL,49,2,2025,24
06,Jönköping,ÄNKL,50,1,2025,6
06,Jönköping,ÄNKL,50,2,2025,34
06,Jönköping,ÄNKL,51,1,2025,4
06,Jönköping,ÄNKL,51,2,2025,28
06,Jönköping,ÄNKL,52,1,2025,9
06,Jönköping,ÄNKL,52,2,2025,38
06,Jönköping,ÄNKL,53,1,2025,11
06,Jönköping,ÄNKL,53,2,2025,51
06,Jönköping,ÄNKL,54,1,2025,9
06,Jönköping,ÄNKL,54,2,2025,41
06,Jönköping,ÄNKL,55,1,2025,18
06,Jönköping,ÄNKL,55,2,2025,51
06,Jönköping,ÄNKL,56,1,2025,16
06,Jönköping,ÄNKL,56,2,2025,49
06,Jönköping,ÄNKL,57,1,2025,14
06,Jönköping,ÄNKL,57,2,2025,49
06,Jönköping,ÄNKL,58,1,2025,28
06,Jönköping,ÄNKL,58,2,2025,67
06,Jönköping,ÄNKL,59,1,2025,14
06,Jönköping,ÄNKL,59,2,2025,70
06,Jönköping,ÄNKL,60,1,2025,24
06,Jönköping,ÄNKL,60,2,2025,67
06,Jönköping,ÄNKL,61,1,2025,29
06,Jönköping,ÄNKL,61,2,2025,83
06,Jönköping,ÄNKL,62,1,2025,27
06,Jönköping,ÄNKL,62,2,2025,92
06,Jönköping,ÄNKL,63,1,2025,21
06,Jönköping,ÄNKL,63,2,2025,80
06,Jönköping,ÄNKL,64,1,2025,34
06,Jönköping,ÄNKL,64,2,2025,110
06,Jönköping,ÄNKL,65,1,2025,31
06,Jönköping,ÄNKL,65,2,2025,103
06,Jönköping,ÄNKL,66,1,2025,40
06,Jönköping,ÄNKL,66,2,2025,132
06,Jönköping,ÄNKL,67,1,2025,44
06,Jönköping,ÄNKL,67,2,2025,126
06,Jönköping,ÄNKL,68,1,2025,38
06,Jönköping,ÄNKL,68,2,2025,165
06,Jönköping,ÄNKL,69,1,2025,61
06,Jönköping,ÄNKL,69,2,2025,172
06,Jönköping,ÄNKL,70,1,2025,55
06,Jönköping,ÄNKL,70,2,2025,195
06,Jönköping,ÄNKL,71,1,2025,74
06,Jönköping,ÄNKL,71,2,2025,191
06,Jönköping,ÄNKL,72,1,2025,83
06,Jönköping,ÄNKL,72,2,2025,222
06,Jönköping,ÄNKL,73,1,2025,94
06,Jönköping,ÄNKL,73,2,2025,250
06,Jönköping,ÄNKL,74,1,2025,97
06,Jönköping,ÄNKL,74,2,2025,246
06,Jönköping,ÄNKL,75,1,2025,109
06,Jönköping,ÄNKL,75,2,2025,303
06,Jönköping,ÄNKL,76,1,2025,133
06,Jönköping,ÄNKL,76,2,2025,360
06,Jönköping,ÄNKL,77,1,2025,133
06,Jönköping,ÄNKL,77,2,2025,400
06,Jönköping,ÄNKL,78,1,2025,149
06,Jönköping,ÄNKL,78,2,2025,428
06,Jönköping,ÄNKL,79,1,2025,183
06,Jönköping,ÄNKL,79,2,2025,470
06,Jönköping,ÄNKL,80,1,2025,217
06,Jönköping,ÄNKL,80,2,2025,481
06,Jönköping,ÄNKL,81,1,2025,199
06,Jönköping,ÄNKL,81,2,2025,534
06,Jönköping,ÄNKL,82,1,2025,195
06,Jönköping,ÄNKL,82,2,2025,551
06,Jönköping,ÄNKL,83,1,2025,194
06,Jönköping,ÄNKL,83,2,2025,596
06,Jönköping,ÄNKL,84,1,2025,163
06,Jönköping,ÄNKL,84,2,2025,502
06,Jönköping,ÄNKL,85,1,2025,166
06,Jönköping,ÄNKL,85,2,2025,513
06,Jönköping,ÄNKL,86,1,2025,175
06,Jönköping,ÄNKL,86,2,2025,539
06,Jönköping,ÄNKL,87,1,2025,150
06,Jönköping,ÄNKL,87,2,2025,552
06,Jönköping,ÄNKL,88,1,2025,140
06,Jönköping,ÄNKL,88,2,2025,461
06,Jönköping,ÄNKL,89,1,2025,131
06,Jönköping,ÄNKL,89,2,2025,482
06,Jönköping,ÄNKL,90,1,2025,104
06,Jönköping,ÄNKL,90,2,2025,371
06,Jönköping,ÄNKL,91,1,2025,106
06,Jönköping,ÄNKL,91,2,2025,372
06,Jönköping,ÄNKL,92,1,2025,97
06,Jönköping,ÄNKL,92,2,2025,327
06,Jönköping,ÄNKL,93,1,2025,80
06,Jönköping,ÄNKL,93,2,2025,276
06,Jönköping,ÄNKL,94,1,2025,55
06,Jönköping,ÄNKL,94,2,2025,239
06,Jönköping,ÄNKL,95,1,2025,45
06,Jönköping,ÄNKL,95,2,2025,189
06,Jönköping,ÄNKL,96,1,2025,32
06,Jönköping,ÄNKL,96,2,2025,161
06,Jönköping,ÄNKL,97,1,2025,26
06,Jönköping,ÄNKL,97,2,2025,104
06,Jönköping,ÄNKL,98,1,2025,19
06,Jönköping,ÄNKL,98,2,2025,69
06,Jönköping,ÄNKL,99,1,2025,10
06,Jönköping,ÄNKL,99,2,2025,41
06,Jönköping,ÄNKL,100+1,1,2025,25
06,Jönköping,ÄNKL,100+1,2,2025,101
06,Jönköping,SK,0,1,2025,0
06,Jönköping,SK,0,2,2025,0
06,Jönköping,SK,1,1,2025,0
06,Jönköping,SK,1,2,2025,0
06,Jönköping,SK,2,1,2025,0
06,Jönköping,SK,2,2,2025,0
06,Jönköping,SK,3,1,2025,0
06,Jönköping,SK,3,2,2025,0
06,Jönköping,SK,4,1,2025,0
06,Jönköping,SK,4,2,2025,0
06,Jönköping,SK,5,1,2025,0
06,Jönköping,SK,5,2,2025,0
06,Jönköping,SK,6,1,2025,0
06,Jönköping,SK,6,2,2025,0
06,Jönköping,SK,7,1,2025,0
06,Jönköping,SK,7,2,2025,0
06,Jönköping,SK,8,1,2025,0
06,Jönköping,SK,8,2,2025,0
06,Jönköping,SK,9,1,2025,0
06,Jönköping,SK,9,2,2025,0
06,Jönköping,SK,10,1,2025,0
06,Jönköping,SK,10,2,2025,0
06,Jönköping,SK,11,1,2025,0
06,Jönköping,SK,11,2,2025,0
06,Jönköping,SK,12,1,2025,0
06,Jönköping,SK,12,2,2025,0
06,Jönköping,SK,13,1,2025,0
06,Jönköping,SK,13,2,2025,0
06,Jönköping,SK,14,1,2025,0
06,Jönköping,SK,14,2,2025,0
06,Jönköping,SK,15,1,2025,0
06,Jönköping,SK,15,2,2025,0
06,Jönköping,SK,16,1,2025,0
06,Jönköping,SK,16,2,2025,0
06,Jönköping,SK,17,1,2025,0
06,Jönköping,SK,17,2,2025,0
06,Jönköping,SK,18,1,2025,0
06,Jönköping,SK,18,2,2025,0
06,Jönköping,SK,19,1,2025,0
06,Jönköping,SK,19,2,2025,0
06,Jönköping,SK,20,1,2025,3
06,Jönköping,SK,20,2,2025,0
06,Jönköping,SK,21,1,2025,0
06,Jönköping,SK,21,2,2025,0
06,Jönköping,SK,22,1,2025,0
06,Jönköping,SK,22,2,2025,8
06,Jönköping,SK,23,1,2025,3
06,Jönköping,SK,23,2,2025,10
06,Jönköping,SK,24,1,2025,6
06,Jönköping,SK,24,2,2025,17
06,Jönköping,SK,25,1,2025,7
06,Jönköping,SK,25,2,2025,10
06,Jönköping,SK,26,1,2025,9
06,Jönköping,SK,26,2,2025,17
06,Jönköping,SK,27,1,2025,14
06,Jönköping,SK,27,2,2025,27
06,Jönköping,SK,28,1,2025,15
06,Jönköping,SK,28,2,2025,38
06,Jönköping,SK,29,1,2025,27
06,Jönköping,SK,29,2,2025,41
06,Jönköping,SK,30,1,2025,36
06,Jönköping,SK,30,2,2025,65
06,Jönköping,SK,31,1,2025,44
06,Jönköping,SK,31,2,2025,85
06,Jönköping,SK,32,1,2025,63
06,Jönköping,SK,32,2,2025,109
06,Jönköping,SK,33,1,2025,63
06,Jönköping,SK,33,2,2025,119
06,Jönköping,SK,34,1,2025,82
06,Jönköping,SK,34,2,2025,148
06,Jönköping,SK,35,1,2025,96
06,Jönköping,SK,35,2,2025,169
06,Jönköping,SK,36,1,2025,127
06,Jönköping,SK,36,2,2025,180
06,Jönköping,SK,37,1,2025,140
06,Jönköping,SK,37,2,2025,205
06,Jönköping,SK,38,1,2025,148
06,Jönköping,SK,38,2,2025,212
06,Jönköping,SK,39,1,2025,189
06,Jönköping,SK,39,2,2025,236
06,Jönköping,SK,40,1,2025,167
06,Jönköping,SK,40,2,2025,292
06,Jönköping,SK,41,1,2025,187
06,Jönköping,SK,41,2,2025,263
06,Jönköping,SK,42,1,2025,186
06,Jönköping,SK,42,2,2025,275
06,Jönköping,SK,43,1,2025,229
06,Jönköping,SK,43,2,2025,289
06,Jönköping,SK,44,1,2025,236
06,Jönköping,SK,44,2,2025,264
06,Jönköping,SK,45,1,2025,240
06,Jönköping,SK,45,2,2025,301
06,Jönköping,SK,46,1,2025,238
06,Jönköping,SK,46,2,2025,338
06,Jönköping,SK,47,1,2025,250
06,Jönköping,SK,47,2,2025,288
06,Jönköping,SK,48,1,2025,267
06,Jönköping,SK,48,2,2025,321
06,Jönköping,SK,49,1,2025,283
06,Jönköping,SK,49,2,2025,372
06,Jönköping,SK,50,1,2025,308
06,Jönköping,SK,50,2,2025,372
06,Jönköping,SK,51,1,2025,327
06,Jönköping,SK,51,2,2025,378
06,Jönköping,SK,52,1,2025,319
06,Jönköping,SK,52,2,2025,379
06,Jönköping,SK,53,1,2025,354
06,Jönköping,SK,53,2,2025,387
06,Jönköping,SK,54,1,2025,320
06,Jönköping,SK,54,2,2025,395
06,Jönköping,SK,55,1,2025,319
06,Jönköping,SK,55,2,2025,409
06,Jönköping,SK,56,1,2025,321
06,Jönköping,SK,56,2,2025,378
06,Jönköping,SK,57,1,2025,352
06,Jönköping,SK,57,2,2025,422
06,Jönköping,SK,58,1,2025,389
06,Jönköping,SK,58,2,2025,415
06,Jönköping,SK,59,1,2025,403
06,Jönköping,SK,59,2,2025,427
06,Jönköping,SK,60,1,2025,392
06,Jönköping,SK,60,2,2025,436
06,Jönköping,SK,61,1,2025,382
06,Jönköping,SK,61,2,2025,418
06,Jönköping,SK,62,1,2025,373
06,Jönköping,SK,62,2,2025,380
06,Jönköping,SK,63,1,2025,301
06,Jönköping,SK,63,2,2025,372
06,Jönköping,SK,64,1,2025,299
06,Jönköping,SK,64,2,2025,355
06,Jönköping,SK,65,1,2025,299
06,Jönköping,SK,65,2,2025,355
06,Jönköping,SK,66,1,2025,315
06,Jönköping,SK,66,2,2025,335
06,Jönköping,SK,67,1,2025,312
06,Jönköping,SK,67,2,2025,353
06,Jönköping,SK,68,1,2025,296
06,Jönköping,SK,68,2,2025,334
06,Jönköping,SK,69,1,2025,274
06,Jönköping,SK,69,2,2025,338
06,Jönköping,SK,70,1,2025,292
06,Jönköping,SK,70,2,2025,355
06,Jönköping,SK,71,1,2025,292
06,Jönköping,SK,71,2,2025,291
06,Jönköping,SK,72,1,2025,296
06,Jönköping,SK,72,2,2025,349
06,Jönköping,SK,73,1,2025,269
06,Jönköping,SK,73,2,2025,295
06,Jönköping,SK,74,1,2025,254
06,Jönköping,SK,74,2,2025,290
06,Jönköping,SK,75,1,2025,265
06,Jönköping,SK,75,2,2025,327
06,Jönköping,SK,76,1,2025,237
06,Jönköping,SK,76,2,2025,301
06,Jönköping,SK,77,1,2025,217
06,Jönköping,SK,77,2,2025,314
06,Jönköping,SK,78,1,2025,248
06,Jönköping,SK,78,2,2025,295
06,Jönköping,SK,79,1,2025,219
06,Jönköping,SK,79,2,2025,295
06,Jönköping,SK,80,1,2025,205
06,Jönköping,SK,80,2,2025,260
06,Jönköping,SK,81,1,2025,203
06,Jönköping,SK,81,2,2025,248
06,Jönköping,SK,82,1,2025,143
06,Jönköping,SK,82,2,2025,213
06,Jönköping,SK,83,1,2025,139
06,Jönköping,SK,83,2,2025,194
06,Jönköping,SK,84,1,2025,99
06,Jönköping,SK,84,2,2025,166
06,Jönköping,SK,85,1,2025,106
06,Jönköping,SK,85,2,2025,146
06,Jönköping,SK,86,1,2025,83
06,Jönköping,SK,86,2,2025,129
06,Jönköping,SK,87,1,2025,59
06,Jönköping,SK,87,2,2025,88
06,Jönköping,SK,88,1,2025,37
06,Jönköping,SK,88,2,2025,86
06,Jönköping,SK,89,1,2025,51
06,Jönköping,SK,89,2,2025,69
06,Jönköping,SK,90,1,2025,38
06,Jönköping,SK,90,2,2025,57
06,Jönköping,SK,91,1,2025,28
06,Jönköping,SK,91,2,2025,51
06,Jönköping,SK,92,1,2025,17
06,Jönköping,SK,92,2,2025,36
06,Jönköping,SK,93,1,2025,12
06,Jönköping,SK,93,2,2025,24
06,Jönköping,SK,94,1,2025,10
06,Jönköping,SK,94,2,2025,21
06,Jönköping,SK,95,1,2025,3
06,Jönköping,SK,95,2,2025,18
06,Jönköping,SK,96,1,2025,5
06,Jönköping,SK,96,2,2025,16
06,Jönköping,SK,97,1,2025,0
06,Jönköping,SK,97,2,2025,5
06,Jönköping,SK,98,1,2025,0
06,Jönköping,SK,98,2,2025,3
06,Jönköping,SK,99,1,2025,3
06,Jönköping,SK,99,2,2025,4
06,Jönköping,SK,100+1,1,2025,0
06,Jönköping,SK,100+1,2,2025,3
07,Kronoberg,OG,0,1,2025,918
07,Kronoberg,OG,0,2,2025,935
07,Kronoberg,OG,1,1,2025,950
07,Kronoberg,OG,1,2,2025,918
07,Kronoberg,OG,2,1,2025,1020
07,Kronoberg,OG,2,2,2025,954
07,Kronoberg,OG,3,1,2025,1088
07,Kronoberg,OG,3,2,2025,987
07,Kronoberg,OG,4,1,2025,1184
07,Kronoberg,OG,4,2,2025,1098
07,Kronoberg,OG,5,1,2025,1212
07,Kronoberg,OG,5,2,2025,1171
07,Kronoberg,OG,6,1,2025,1290
07,Kronoberg,OG,6,2,2025,1112
07,Kronoberg,OG,7,1,2025,1195
07,Kronoberg,OG,7,2,2025,1121
07,Kronoberg,OG,8,1,2025,1246
07,Kronoberg,OG,8,2,2025,1136
07,Kronoberg,OG,9,1,2025,1266
07,Kronoberg,OG,9,2,2025,1278
07,Kronoberg,OG,10,1,2025,1199
07,Kronoberg,OG,10,2,2025,1214
07,Kronoberg,OG,11,1,2025,1269
07,Kronoberg,OG,11,2,2025,1191
07,Kronoberg,OG,12,1,2025,1317
07,Kronoberg,OG,12,2,2025,1231
07,Kronoberg,OG,13,1,2025,1257
07,Kronoberg,OG,13,2,2025,1181
07,Kronoberg,OG,14,1,2025,1226
07,Kronoberg,OG,14,2,2025,1188
07,Kronoberg,OG,15,1,2025,1332
07,Kronoberg,OG,15,2,2025,1213
07,Kronoberg,OG,16,1,2025,1284
07,Kronoberg,OG,16,2,2025,1229
07,Kronoberg,OG,17,1,2025,1330
07,Kronoberg,OG,17,2,2025,1210
07,Kronoberg,OG,18,1,2025,1249
07,Kronoberg,OG,18,2,2025,1179
07,Kronoberg,OG,19,1,2025,1358
07,Kronoberg,OG,19,2,2025,1199
07,Kronoberg,OG,20,1,2025,1251
07,Kronoberg,OG,20,2,2025,1288
07,Kronoberg,OG,21,1,2025,1465
07,Kronoberg,OG,21,2,2025,1256
07,Kronoberg,OG,22,1,2025,1324
07,Kronoberg,OG,22,2,2025,1145
07,Kronoberg,OG,23,1,2025,1320
07,Kronoberg,OG,23,2,2025,1084
07,Kronoberg,OG,24,1,2025,1244
07,Kronoberg,OG,24,2,2025,996
07,Kronoberg,OG,25,1,2025,1112
07,Kronoberg,OG,25,2,2025,852
07,Kronoberg,OG,26,1,2025,1163
07,Kronoberg,OG,26,2,2025,846
07,Kronoberg,OG,27,1,2025,1076
07,Kronoberg,OG,27,2,2025,772
07,Kronoberg,OG,28,1,2025,988
07,Kronoberg,OG,28,2,2025,791
07,Kronoberg,OG,29,1,2025,944
07,Kronoberg,OG,29,2,2025,736
07,Kronoberg,OG,30,1,2025,991
07,Kronoberg,OG,30,2,2025,739
07,Kronoberg,OG,31,1,2025,987
07,Kronoberg,OG,31,2,2025,736
07,Kronoberg,OG,32,1,2025,1002
07,Kronoberg,OG,32,2,2025,708
07,Kronoberg,OG,33,1,2025,984
07,Kronoberg,OG,33,2,2025,778
07,Kronoberg,OG,34,1,2025,896
07,Kronoberg,OG,34,2,2025,710
07,Kronoberg,OG,35,1,2025,950
07,Kronoberg,OG,35,2,2025,690
07,Kronoberg,OG,36,1,2025,800
07,Kronoberg,OG,36,2,2025,562
07,Kronoberg,OG,37,1,2025,746
07,Kronoberg,OG,37,2,2025,538
07,Kronoberg,OG,38,1,2025,719
07,Kronoberg,OG,38,2,2025,543
07,Kronoberg,OG,39,1,2025,614
07,Kronoberg,OG,39,2,2025,476
07,Kronoberg,OG,40,1,2025,583
07,Kronoberg,OG,40,2,2025,434
07,Kronoberg,OG,41,1,2025,596
07,Kronoberg,OG,41,2,2025,464
07,Kronoberg,OG,42,1,2025,508
07,Kronoberg,OG,42,2,2025,392
07,Kronoberg,OG,43,1,2025,489
07,Kronoberg,OG,43,2,2025,397
07,Kronoberg,OG,44,1,2025,454
07,Kronoberg,OG,44,2,2025,344
07,Kronoberg,OG,45,1,2025,505
07,Kronoberg,OG,45,2,2025,347
07,Kronoberg,OG,46,1,2025,448
07,Kronoberg,OG,46,2,2025,315
07,Kronoberg,OG,47,1,2025,409
07,Kronoberg,OG,47,2,2025,352
07,Kronoberg,OG,48,1,2025,428
07,Kronoberg,OG,48,2,2025,324
07,Kronoberg,OG,49,1,2025,465
07,Kronoberg,OG,49,2,2025,293
07,Kronoberg,OG,50,1,2025,426
07,Kronoberg,OG,50,2,2025,317
07,Kronoberg,OG,51,1,2025,433
07,Kronoberg,OG,51,2,2025,315
07,Kronoberg,OG,52,1,2025,362
07,Kronoberg,OG,52,2,2025,327
07,Kronoberg,OG,53,1,2025,391
07,Kronoberg,OG,53,2,2025,297
07,Kronoberg,OG,54,1,2025,405
07,Kronoberg,OG,54,2,2025,325
07,Kronoberg,OG,55,1,2025,373
07,Kronoberg,OG,55,2,2025,280
07,Kronoberg,OG,56,1,2025,394
07,Kronoberg,OG,56,2,2025,331
07,Kronoberg,OG,57,1,2025,379
07,Kronoberg,OG,57,2,2025,293
07,Kronoberg,OG,58,1,2025,436
07,Kronoberg,OG,58,2,2025,286
07,Kronoberg,OG,59,1,2025,407
07,Kronoberg,OG,59,2,2025,310
07,Kronoberg,OG,60,1,2025,399
07,Kronoberg,OG,60,2,2025,286
07,Kronoberg,OG,61,1,2025,382
07,Kronoberg,OG,61,2,2025,266
07,Kronoberg,OG,62,1,2025,328
07,Kronoberg,OG,62,2,2025,255
07,Kronoberg,OG,63,1,2025,316
07,Kronoberg,OG,63,2,2025,251
07,Kronoberg,OG,64,1,2025,303
07,Kronoberg,OG,64,2,2025,210
07,Kronoberg,OG,65,1,2025,279
07,Kronoberg,OG,65,2,2025,218
07,Kronoberg,OG,66,1,2025,297
07,Kronoberg,OG,66,2,2025,178
07,Kronoberg,OG,67,1,2025,264
07,Kronoberg,OG,67,2,2025,187
07,Kronoberg,OG,68,1,2025,219
07,Kronoberg,OG,68,2,2025,189
07,Kronoberg,OG,69,1,2025,255
07,Kronoberg,OG,69,2,2025,157
07,Kronoberg,OG,70,1,2025,249
07,Kronoberg,OG,70,2,2025,159
07,Kronoberg,OG,71,1,2025,211
07,Kronoberg,OG,71,2,2025,124
07,Kronoberg,OG,72,1,2025,173
07,Kronoberg,OG,72,2,2025,155
07,Kronoberg,OG,73,1,2025,183
07,Kronoberg,OG,73,2,2025,126
07,Kronoberg,OG,74,1,2025,162
07,Kronoberg,OG,74,2,2025,138
07,Kronoberg,OG,75,1,2025,162
07,Kronoberg,OG,75,2,2025,102
07,Kronoberg,OG,76,1,2025,173
07,Kronoberg,OG,76,2,2025,117
07,Kronoberg,OG,77,1,2025,146
07,Kronoberg,OG,77,2,2025,85
07,Kronoberg,OG,78,1,2025,126
07,Kronoberg,OG,78,2,2025,64
07,Kronoberg,OG,79,1,2025,127
07,Kronoberg,OG,79,2,2025,44
07,Kronoberg,OG,80,1,2025,91
07,Kronoberg,OG,80,2,2025,63
07,Kronoberg,OG,81,1,2025,97
07,Kronoberg,OG,81,2,2025,56
07,Kronoberg,OG,82,1,2025,55
07,Kronoberg,OG,82,2,2025,45
07,Kronoberg,OG,83,1,2025,54
07,Kronoberg,OG,83,2,2025,42
07,Kronoberg,OG,84,1,2025,42
07,Kronoberg,OG,84,2,2025,20
07,Kronoberg,OG,85,1,2025,33
07,Kronoberg,OG,85,2,2025,23
07,Kronoberg,OG,86,1,2025,30
07,Kronoberg,OG,86,2,2025,26
07,Kronoberg,OG,87,1,2025,28
07,Kronoberg,OG,87,2,2025,17
07,Kronoberg,OG,88,1,2025,22
07,Kronoberg,OG,88,2,2025,22
07,Kronoberg,OG,89,1,2025,18
07,Kronoberg,OG,89,2,2025,5
07,Kronoberg,OG,90,1,2025,11
07,Kronoberg,OG,90,2,2025,18
07,Kronoberg,OG,91,1,2025,9
07,Kronoberg,OG,91,2,2025,10
07,Kronoberg,OG,92,1,2025,12
07,Kronoberg,OG,92,2,2025,8
07,Kronoberg,OG,93,1,2025,3
07,Kronoberg,OG,93,2,2025,8
07,Kronoberg,OG,94,1,2025,6
07,Kronoberg,OG,94,2,2025,8
07,Kronoberg,OG,95,1,2025,4
07,Kronoberg,OG,95,2,2025,8
07,Kronoberg,OG,96,1,2025,3
07,Kronoberg,OG,96,2,2025,10
07,Kronoberg,OG,97,1,2025,0
07,Kronoberg,OG,97,2,2025,8
07,Kronoberg,OG,98,1,2025,0
07,Kronoberg,OG,98,2,2025,0
07,Kronoberg,OG,99,1,2025,0
07,Kronoberg,OG,99,2,2025,3
07,Kronoberg,OG,100+1,1,2025,3
07,Kronoberg,OG,100+1,2,2025,3
07,Kronoberg,G,0,1,2025,0
07,Kronoberg,G,0,2,2025,0
07,Kronoberg,G,1,1,2025,0
07,Kronoberg,G,1,2,2025,0
07,Kronoberg,G,2,1,2025,0
07,Kronoberg,G,2,2,2025,0
07,Kronoberg,G,3,1,2025,0
07,Kronoberg,G,3,2,2025,0
07,Kronoberg,G,4,1,2025,0
07,Kronoberg,G,4,2,2025,0
07,Kronoberg,G,5,1,2025,0
07,Kronoberg,G,5,2,2025,0
07,Kronoberg,G,6,1,2025,0
07,Kronoberg,G,6,2,2025,0
07,Kronoberg,G,7,1,2025,0
07,Kronoberg,G,7,2,2025,0
07,Kronoberg,G,8,1,2025,0
07,Kronoberg,G,8,2,2025,0
07,Kronoberg,G,9,1,2025,0
07,Kronoberg,G,9,2,2025,0
07,Kronoberg,G,10,1,2025,0
07,Kronoberg,G,10,2,2025,0
07,Kronoberg,G,11,1,2025,0
07,Kronoberg,G,11,2,2025,0
07,Kronoberg,G,12,1,2025,0
07,Kronoberg,G,12,2,2025,0
07,Kronoberg,G,13,1,2025,0
07,Kronoberg,G,13,2,2025,0
07,Kronoberg,G,14,1,2025,0
07,Kronoberg,G,14,2,2025,0
07,Kronoberg,G,15,1,2025,0
07,Kronoberg,G,15,2,2025,0
07,Kronoberg,G,16,1,2025,0
07,Kronoberg,G,16,2,2025,0
07,Kronoberg,G,17,1,2025,0
07,Kronoberg,G,17,2,2025,0
07,Kronoberg,G,18,1,2025,0
07,Kronoberg,G,18,2,2025,4
07,Kronoberg,G,19,1,2025,3
07,Kronoberg,G,19,2,2025,6
07,Kronoberg,G,20,1,2025,5
07,Kronoberg,G,20,2,2025,15
07,Kronoberg,G,21,1,2025,4
07,Kronoberg,G,21,2,2025,20
07,Kronoberg,G,22,1,2025,19
07,Kronoberg,G,22,2,2025,62
07,Kronoberg,G,23,1,2025,14
07,Kronoberg,G,23,2,2025,79
07,Kronoberg,G,24,1,2025,35
07,Kronoberg,G,24,2,2025,77
07,Kronoberg,G,25,1,2025,55
07,Kronoberg,G,25,2,2025,134
07,Kronoberg,G,26,1,2025,131
07,Kronoberg,G,26,2,2025,165
07,Kronoberg,G,27,1,2025,91
07,Kronoberg,G,27,2,2025,189
07,Kronoberg,G,28,1,2025,145
07,Kronoberg,G,28,2,2025,247
07,Kronoberg,G,29,1,2025,176
07,Kronoberg,G,29,2,2025,268
07,Kronoberg,G,30,1,2025,253
07,Kronoberg,G,30,2,2025,358
07,Kronoberg,G,31,1,2025,274
07,Kronoberg,G,31,2,2025,365
07,Kronoberg,G,32,1,2025,312
07,Kronoberg,G,32,2,2025,420
07,Kronoberg,G,33,1,2025,397
07,Kronoberg,G,33,2,2025,506
07,Kronoberg,G,34,1,2025,457
07,Kronoberg,G,34,2,2025,592
07,Kronoberg,G,35,1,2025,489
07,Kronoberg,G,35,2,2025,604
07,Kronoberg,G,36,1,2025,528
07,Kronoberg,G,36,2,2025,623
07,Kronoberg,G,37,1,2025,547
07,Kronoberg,G,37,2,2025,646
07,Kronoberg,G,38,1,2025,559
07,Kronoberg,G,38,2,2025,622
07,Kronoberg,G,39,1,2025,623
07,Kronoberg,G,39,2,2025,632
07,Kronoberg,G,40,1,2025,616
07,Kronoberg,G,40,2,2025,618
07,Kronoberg,G,41,1,2025,596
07,Kronoberg,G,41,2,2025,590
07,Kronoberg,G,42,1,2025,577
07,Kronoberg,G,42,2,2025,618
07,Kronoberg,G,43,1,2025,621
07,Kronoberg,G,43,2,2025,629
07,Kronoberg,G,44,1,2025,612
07,Kronoberg,G,44,2,2025,620
07,Kronoberg,G,45,1,2025,605
07,Kronoberg,G,45,2,2025,699
07,Kronoberg,G,46,1,2025,655
07,Kronoberg,G,46,2,2025,661
07,Kronoberg,G,47,1,2025,618
07,Kronoberg,G,47,2,2025,623
07,Kronoberg,G,48,1,2025,655
07,Kronoberg,G,48,2,2025,628
07,Kronoberg,G,49,1,2025,674
07,Kronoberg,G,49,2,2025,613
07,Kronoberg,G,50,1,2025,675
07,Kronoberg,G,50,2,2025,673
07,Kronoberg,G,51,1,2025,696
07,Kronoberg,G,51,2,2025,622
07,Kronoberg,G,52,1,2025,673
07,Kronoberg,G,52,2,2025,671
07,Kronoberg,G,53,1,2025,651
07,Kronoberg,G,53,2,2025,661
07,Kronoberg,G,54,1,2025,631
07,Kronoberg,G,54,2,2025,679
07,Kronoberg,G,55,1,2025,647
07,Kronoberg,G,55,2,2025,658
07,Kronoberg,G,56,1,2025,653
07,Kronoberg,G,56,2,2025,682
07,Kronoberg,G,57,1,2025,734
07,Kronoberg,G,57,2,2025,695
07,Kronoberg,G,58,1,2025,710
07,Kronoberg,G,58,2,2025,677
07,Kronoberg,G,59,1,2025,713
07,Kronoberg,G,59,2,2025,670
07,Kronoberg,G,60,1,2025,707
07,Kronoberg,G,60,2,2025,670
07,Kronoberg,G,61,1,2025,688
07,Kronoberg,G,61,2,2025,655
07,Kronoberg,G,62,1,2025,639
07,Kronoberg,G,62,2,2025,616
07,Kronoberg,G,63,1,2025,633
07,Kronoberg,G,63,2,2025,562
07,Kronoberg,G,64,1,2025,585
07,Kronoberg,G,64,2,2025,588
07,Kronoberg,G,65,1,2025,580
07,Kronoberg,G,65,2,2025,558
07,Kronoberg,G,66,1,2025,583
07,Kronoberg,G,66,2,2025,592
07,Kronoberg,G,67,1,2025,563
07,Kronoberg,G,67,2,2025,602
07,Kronoberg,G,68,1,2025,602
07,Kronoberg,G,68,2,2025,583
07,Kronoberg,G,69,1,2025,636
07,Kronoberg,G,69,2,2025,630
07,Kronoberg,G,70,1,2025,582
07,Kronoberg,G,70,2,2025,593
07,Kronoberg,G,71,1,2025,599
07,Kronoberg,G,71,2,2025,607
07,Kronoberg,G,72,1,2025,619
07,Kronoberg,G,72,2,2025,561
07,Kronoberg,G,73,1,2025,610
07,Kronoberg,G,73,2,2025,606
07,Kronoberg,G,74,1,2025,630
07,Kronoberg,G,74,2,2025,581
07,Kronoberg,G,75,1,2025,639
07,Kronoberg,G,75,2,2025,556
07,Kronoberg,G,76,1,2025,648
07,Kronoberg,G,76,2,2025,572
07,Kronoberg,G,77,1,2025,640
07,Kronoberg,G,77,2,2025,547
07,Kronoberg,G,78,1,2025,633
07,Kronoberg,G,78,2,2025,509
07,Kronoberg,G,79,1,2025,595
07,Kronoberg,G,79,2,2025,511
07,Kronoberg,G,80,1,2025,588
07,Kronoberg,G,80,2,2025,455
07,Kronoberg,G,81,1,2025,500
07,Kronoberg,G,81,2,2025,413
07,Kronoberg,G,82,1,2025,461
07,Kronoberg,G,82,2,2025,360
07,Kronoberg,G,83,1,2025,420
07,Kronoberg,G,83,2,2025,245
07,Kronoberg,G,84,1,2025,332
07,Kronoberg,G,84,2,2025,209
07,Kronoberg,G,85,1,2025,277
07,Kronoberg,G,85,2,2025,190
07,Kronoberg,G,86,1,2025,240
07,Kronoberg,G,86,2,2025,147
07,Kronoberg,G,87,1,2025,202
07,Kronoberg,G,87,2,2025,132
07,Kronoberg,G,88,1,2025,212
07,Kronoberg,G,88,2,2025,105
07,Kronoberg,G,89,1,2025,147
07,Kronoberg,G,89,2,2025,72
07,Kronoberg,G,90,1,2025,109
07,Kronoberg,G,90,2,2025,53
07,Kronoberg,G,91,1,2025,90
07,Kronoberg,G,91,2,2025,44
07,Kronoberg,G,92,1,2025,62
07,Kronoberg,G,92,2,2025,25
07,Kronoberg,G,93,1,2025,38
07,Kronoberg,G,93,2,2025,16
07,Kronoberg,G,94,1,2025,28
07,Kronoberg,G,94,2,2025,12
07,Kronoberg,G,95,1,2025,27
07,Kronoberg,G,95,2,2025,4
07,Kronoberg,G,96,1,2025,10
07,Kronoberg,G,96,2,2025,0
07,Kronoberg,G,97,1,2025,3
07,Kronoberg,G,97,2,2025,0
07,Kronoberg,G,98,1,2025,8
07,Kronoberg,G,98,2,2025,3
07,Kronoberg,G,99,1,2025,0
07,Kronoberg,G,99,2,2025,0
07,Kronoberg,G,100+1,1,2025,3
07,Kronoberg,G,100+1,2,2025,0
07,Kronoberg,ÄNKL,0,1,2025,0
07,Kronoberg,ÄNKL,0,2,2025,0
07,Kronoberg,ÄNKL,1,1,2025,0
07,Kronoberg,ÄNKL,1,2,2025,0
07,Kronoberg,ÄNKL,2,1,2025,0
07,Kronoberg,ÄNKL,2,2,2025,0
07,Kronoberg,ÄNKL,3,1,2025,0
07,Kronoberg,ÄNKL,3,2,2025,0
07,Kronoberg,ÄNKL,4,1,2025,0
07,Kronoberg,ÄNKL,4,2,2025,0
07,Kronoberg,ÄNKL,5,1,2025,0
07,Kronoberg,ÄNKL,5,2,2025,0
07,Kronoberg,ÄNKL,6,1,2025,0
07,Kronoberg,ÄNKL,6,2,2025,0
07,Kronoberg,ÄNKL,7,1,2025,0
07,Kronoberg,ÄNKL,7,2,2025,0
07,Kronoberg,ÄNKL,8,1,2025,0
07,Kronoberg,ÄNKL,8,2,2025,0
07,Kronoberg,ÄNKL,9,1,2025,0
07,Kronoberg,ÄNKL,9,2,2025,0
07,Kronoberg,ÄNKL,10,1,2025,0
07,Kronoberg,ÄNKL,10,2,2025,0
07,Kronoberg,ÄNKL,11,1,2025,0
07,Kronoberg,ÄNKL,11,2,2025,0
07,Kronoberg,ÄNKL,12,1,2025,0
07,Kronoberg,ÄNKL,12,2,2025,0
07,Kronoberg,ÄNKL,13,1,2025,0
07,Kronoberg,ÄNKL,13,2,2025,0
07,Kronoberg,ÄNKL,14,1,2025,0
07,Kronoberg,ÄNKL,14,2,2025,0
07,Kronoberg,ÄNKL,15,1,2025,0
07,Kronoberg,ÄNKL,15,2,2025,0
07,Kronoberg,ÄNKL,16,1,2025,0
07,Kronoberg,ÄNKL,16,2,2025,0
07,Kronoberg,ÄNKL,17,1,2025,0
07,Kronoberg,ÄNKL,17,2,2025,0
07,Kronoberg,ÄNKL,18,1,2025,0
07,Kronoberg,ÄNKL,18,2,2025,0
07,Kronoberg,ÄNKL,19,1,2025,0
07,Kronoberg,ÄNKL,19,2,2025,0
07,Kronoberg,ÄNKL,20,1,2025,0
07,Kronoberg,ÄNKL,20,2,2025,0
07,Kronoberg,ÄNKL,21,1,2025,0
07,Kronoberg,ÄNKL,21,2,2025,0
07,Kronoberg,ÄNKL,22,1,2025,0
07,Kronoberg,ÄNKL,22,2,2025,0
07,Kronoberg,ÄNKL,23,1,2025,0
07,Kronoberg,ÄNKL,23,2,2025,0
07,Kronoberg,ÄNKL,24,1,2025,0
07,Kronoberg,ÄNKL,24,2,2025,0
07,Kronoberg,ÄNKL,25,1,2025,0
07,Kronoberg,ÄNKL,25,2,2025,0
07,Kronoberg,ÄNKL,26,1,2025,0
07,Kronoberg,ÄNKL,26,2,2025,0
07,Kronoberg,ÄNKL,27,1,2025,0
07,Kronoberg,ÄNKL,27,2,2025,0
07,Kronoberg,ÄNKL,28,1,2025,0
07,Kronoberg,ÄNKL,28,2,2025,3
07,Kronoberg,ÄNKL,29,1,2025,0
07,Kronoberg,ÄNKL,29,2,2025,0
07,Kronoberg,ÄNKL,30,1,2025,0
07,Kronoberg,ÄNKL,30,2,2025,0
07,Kronoberg,ÄNKL,31,1,2025,0
07,Kronoberg,ÄNKL,31,2,2025,0
07,Kronoberg,ÄNKL,32,1,2025,0
07,Kronoberg,ÄNKL,32,2,2025,3
07,Kronoberg,ÄNKL,33,1,2025,0
07,Kronoberg,ÄNKL,33,2,2025,0
07,Kronoberg,ÄNKL,34,1,2025,0
07,Kronoberg,ÄNKL,34,2,2025,0
07,Kronoberg,ÄNKL,35,1,2025,0
07,Kronoberg,ÄNKL,35,2,2025,0
07,Kronoberg,ÄNKL,36,1,2025,3
07,Kronoberg,ÄNKL,36,2,2025,0
07,Kronoberg,ÄNKL,37,1,2025,0
07,Kronoberg,ÄNKL,37,2,2025,7
07,Kronoberg,ÄNKL,38,1,2025,0
07,Kronoberg,ÄNKL,38,2,2025,8
07,Kronoberg,ÄNKL,39,1,2025,3
07,Kronoberg,ÄNKL,39,2,2025,7
07,Kronoberg,ÄNKL,40,1,2025,0
07,Kronoberg,ÄNKL,40,2,2025,3
07,Kronoberg,ÄNKL,41,1,2025,3
07,Kronoberg,ÄNKL,41,2,2025,8
07,Kronoberg,ÄNKL,42,1,2025,0
07,Kronoberg,ÄNKL,42,2,2025,7
07,Kronoberg,ÄNKL,43,1,2025,5
07,Kronoberg,ÄNKL,43,2,2025,12
07,Kronoberg,ÄNKL,44,1,2025,3
07,Kronoberg,ÄNKL,44,2,2025,4
07,Kronoberg,ÄNKL,45,1,2025,3
07,Kronoberg,ÄNKL,45,2,2025,11
07,Kronoberg,ÄNKL,46,1,2025,0
07,Kronoberg,ÄNKL,46,2,2025,12
07,Kronoberg,ÄNKL,47,1,2025,0
07,Kronoberg,ÄNKL,47,2,2025,7
07,Kronoberg,ÄNKL,48,1,2025,6
07,Kronoberg,ÄNKL,48,2,2025,10
07,Kronoberg,ÄNKL,49,1,2025,0
07,Kronoberg,ÄNKL,49,2,2025,9
07,Kronoberg,ÄNKL,50,1,2025,4
07,Kronoberg,ÄNKL,50,2,2025,12
07,Kronoberg,ÄNKL,51,1,2025,8
07,Kronoberg,ÄNKL,51,2,2025,12
07,Kronoberg,ÄNKL,52,1,2025,0
07,Kronoberg,ÄNKL,52,2,2025,13
07,Kronoberg,ÄNKL,53,1,2025,8
07,Kronoberg,ÄNKL,53,2,2025,20
07,Kronoberg,ÄNKL,54,1,2025,8
07,Kronoberg,ÄNKL,54,2,2025,21
07,Kronoberg,ÄNKL,55,1,2025,5
07,Kronoberg,ÄNKL,55,2,2025,27
07,Kronoberg,ÄNKL,56,1,2025,11
07,Kronoberg,ÄNKL,56,2,2025,32
07,Kronoberg,ÄNKL,57,1,2025,11
07,Kronoberg,ÄNKL,57,2,2025,21
07,Kronoberg,ÄNKL,58,1,2025,17
07,Kronoberg,ÄNKL,58,2,2025,30
07,Kronoberg,ÄNKL,59,1,2025,16
07,Kronoberg,ÄNKL,59,2,2025,32
07,Kronoberg,ÄNKL,60,1,2025,13
07,Kronoberg,ÄNKL,60,2,2025,39
07,Kronoberg,ÄNKL,61,1,2025,13
07,Kronoberg,ÄNKL,61,2,2025,44
07,Kronoberg,ÄNKL,62,1,2025,7
07,Kronoberg,ÄNKL,62,2,2025,42
07,Kronoberg,ÄNKL,63,1,2025,12
07,Kronoberg,ÄNKL,63,2,2025,53
07,Kronoberg,ÄNKL,64,1,2025,23
07,Kronoberg,ÄNKL,64,2,2025,48
07,Kronoberg,ÄNKL,65,1,2025,20
07,Kronoberg,ÄNKL,65,2,2025,57
07,Kronoberg,ÄNKL,66,1,2025,29
07,Kronoberg,ÄNKL,66,2,2025,79
07,Kronoberg,ÄNKL,67,1,2025,22
07,Kronoberg,ÄNKL,67,2,2025,54
07,Kronoberg,ÄNKL,68,1,2025,28
07,Kronoberg,ÄNKL,68,2,2025,76
07,Kronoberg,ÄNKL,69,1,2025,33
07,Kronoberg,ÄNKL,69,2,2025,98
07,Kronoberg,ÄNKL,70,1,2025,42
07,Kronoberg,ÄNKL,70,2,2025,114
07,Kronoberg,ÄNKL,71,1,2025,41
07,Kronoberg,ÄNKL,71,2,2025,106
07,Kronoberg,ÄNKL,72,1,2025,46
07,Kronoberg,ÄNKL,72,2,2025,133
07,Kronoberg,ÄNKL,73,1,2025,43
07,Kronoberg,ÄNKL,73,2,2025,120
07,Kronoberg,ÄNKL,74,1,2025,63
07,Kronoberg,ÄNKL,74,2,2025,153
07,Kronoberg,ÄNKL,75,1,2025,59
07,Kronoberg,ÄNKL,75,2,2025,187
07,Kronoberg,ÄNKL,76,1,2025,64
07,Kronoberg,ÄNKL,76,2,2025,166
07,Kronoberg,ÄNKL,77,1,2025,80
07,Kronoberg,ÄNKL,77,2,2025,193
07,Kronoberg,ÄNKL,78,1,2025,87
07,Kronoberg,ÄNKL,78,2,2025,224
07,Kronoberg,ÄNKL,79,1,2025,95
07,Kronoberg,ÄNKL,79,2,2025,245
07,Kronoberg,ÄNKL,80,1,2025,103
07,Kronoberg,ÄNKL,80,2,2025,284
07,Kronoberg,ÄNKL,81,1,2025,105
07,Kronoberg,ÄNKL,81,2,2025,266
07,Kronoberg,ÄNKL,82,1,2025,126
07,Kronoberg,ÄNKL,82,2,2025,276
07,Kronoberg,ÄNKL,83,1,2025,118
07,Kronoberg,ÄNKL,83,2,2025,293
07,Kronoberg,ÄNKL,84,1,2025,106
07,Kronoberg,ÄNKL,84,2,2025,245
07,Kronoberg,ÄNKL,85,1,2025,111
07,Kronoberg,ÄNKL,85,2,2025,262
07,Kronoberg,ÄNKL,86,1,2025,104
07,Kronoberg,ÄNKL,86,2,2025,267
07,Kronoberg,ÄNKL,87,1,2025,84
07,Kronoberg,ÄNKL,87,2,2025,254
07,Kronoberg,ÄNKL,88,1,2025,79
07,Kronoberg,ÄNKL,88,2,2025,250
07,Kronoberg,ÄNKL,89,1,2025,78
07,Kronoberg,ÄNKL,89,2,2025,242
07,Kronoberg,ÄNKL,90,1,2025,66
07,Kronoberg,ÄNKL,90,2,2025,215
07,Kronoberg,ÄNKL,91,1,2025,72
07,Kronoberg,ÄNKL,91,2,2025,187
07,Kronoberg,ÄNKL,92,1,2025,43
07,Kronoberg,ÄNKL,92,2,2025,185
07,Kronoberg,ÄNKL,93,1,2025,48
07,Kronoberg,ÄNKL,93,2,2025,168
07,Kronoberg,ÄNKL,94,1,2025,37
07,Kronoberg,ÄNKL,94,2,2025,119
07,Kronoberg,ÄNKL,95,1,2025,29
07,Kronoberg,ÄNKL,95,2,2025,140
07,Kronoberg,ÄNKL,96,1,2025,17
07,Kronoberg,ÄNKL,96,2,2025,89
07,Kronoberg,ÄNKL,97,1,2025,16
07,Kronoberg,ÄNKL,97,2,2025,58
07,Kronoberg,ÄNKL,98,1,2025,6
07,Kronoberg,ÄNKL,98,2,2025,44
07,Kronoberg,ÄNKL,99,1,2025,4
07,Kronoberg,ÄNKL,99,2,2025,31
07,Kronoberg,ÄNKL,100+1,1,2025,3
07,Kronoberg,ÄNKL,100+1,2,2025,48
07,Kronoberg,SK,0,1,2025,0
07,Kronoberg,SK,0,2,2025,0
07,Kronoberg,SK,1,1,2025,0
07,Kronoberg,SK,1,2,2025,0
07,Kronoberg,SK,2,1,2025,0
07,Kronoberg,SK,2,2,2025,0
07,Kronoberg,SK,3,1,2025,0
07,Kronoberg,SK,3,2,2025,0
07,Kronoberg,SK,4,1,2025,0
07,Kronoberg,SK,4,2,2025,0
07,Kronoberg,SK,5,1,2025,0
07,Kronoberg,SK,5,2,2025,0
07,Kronoberg,SK,6,1,2025,0
07,Kronoberg,SK,6,2,2025,0
07,Kronoberg,SK,7,1,2025,0
07,Kronoberg,SK,7,2,2025,0
07,Kronoberg,SK,8,1,2025,0
07,Kronoberg,SK,8,2,2025,0
07,Kronoberg,SK,9,1,2025,0
07,Kronoberg,SK,9,2,2025,0
07,Kronoberg,SK,10,1,2025,0
07,Kronoberg,SK,10,2,2025,0
07,Kronoberg,SK,11,1,2025,0
07,Kronoberg,SK,11,2,2025,0
07,Kronoberg,SK,12,1,2025,0
07,Kronoberg,SK,12,2,2025,0
07,Kronoberg,SK,13,1,2025,0
07,Kronoberg,SK,13,2,2025,0
07,Kronoberg,SK,14,1,2025,0
07,Kronoberg,SK,14,2,2025,0
07,Kronoberg,SK,15,1,2025,0
07,Kronoberg,SK,15,2,2025,0
07,Kronoberg,SK,16,1,2025,0
07,Kronoberg,SK,16,2,2025,0
07,Kronoberg,SK,17,1,2025,0
07,Kronoberg,SK,17,2,2025,0
07,Kronoberg,SK,18,1,2025,0
07,Kronoberg,SK,18,2,2025,0
07,Kronoberg,SK,19,1,2025,0
07,Kronoberg,SK,19,2,2025,0
07,Kronoberg,SK,20,1,2025,0
07,Kronoberg,SK,20,2,2025,0
07,Kronoberg,SK,21,1,2025,0
07,Kronoberg,SK,21,2,2025,0
07,Kronoberg,SK,22,1,2025,0
07,Kronoberg,SK,22,2,2025,5
07,Kronoberg,SK,23,1,2025,0
07,Kronoberg,SK,23,2,2025,5
07,Kronoberg,SK,24,1,2025,5
07,Kronoberg,SK,24,2,2025,5
07,Kronoberg,SK,25,1,2025,4
07,Kronoberg,SK,25,2,2025,7
07,Kronoberg,SK,26,1,2025,3
07,Kronoberg,SK,26,2,2025,13
07,Kronoberg,SK,27,1,2025,5
07,Kronoberg,SK,27,2,2025,17
07,Kronoberg,SK,28,1,2025,10
07,Kronoberg,SK,28,2,2025,25
07,Kronoberg,SK,29,1,2025,13
07,Kronoberg,SK,29,2,2025,33
07,Kronoberg,SK,30,1,2025,15
07,Kronoberg,SK,30,2,2025,23
07,Kronoberg,SK,31,1,2025,7
07,Kronoberg,SK,31,2,2025,42
07,Kronoberg,SK,32,1,2025,32
07,Kronoberg,SK,32,2,2025,50
07,Kronoberg,SK,33,1,2025,43
07,Kronoberg,SK,33,2,2025,76
07,Kronoberg,SK,34,1,2025,52
07,Kronoberg,SK,34,2,2025,81
07,Kronoberg,SK,35,1,2025,73
07,Kronoberg,SK,35,2,2025,98
07,Kronoberg,SK,36,1,2025,64
07,Kronoberg,SK,36,2,2025,96
07,Kronoberg,SK,37,1,2025,70
07,Kronoberg,SK,37,2,2025,95
07,Kronoberg,SK,38,1,2025,74
07,Kronoberg,SK,38,2,2025,120
07,Kronoberg,SK,39,1,2025,81
07,Kronoberg,SK,39,2,2025,155
07,Kronoberg,SK,40,1,2025,95
07,Kronoberg,SK,40,2,2025,143
07,Kronoberg,SK,41,1,2025,109
07,Kronoberg,SK,41,2,2025,137
07,Kronoberg,SK,42,1,2025,113
07,Kronoberg,SK,42,2,2025,150
07,Kronoberg,SK,43,1,2025,119
07,Kronoberg,SK,43,2,2025,155
07,Kronoberg,SK,44,1,2025,119
07,Kronoberg,SK,44,2,2025,157
07,Kronoberg,SK,45,1,2025,142
07,Kronoberg,SK,45,2,2025,203
07,Kronoberg,SK,46,1,2025,141
07,Kronoberg,SK,46,2,2025,182
07,Kronoberg,SK,47,1,2025,148
07,Kronoberg,SK,47,2,2025,179
07,Kronoberg,SK,48,1,2025,154
07,Kronoberg,SK,48,2,2025,182
07,Kronoberg,SK,49,1,2025,133
07,Kronoberg,SK,49,2,2025,207
07,Kronoberg,SK,50,1,2025,181
07,Kronoberg,SK,50,2,2025,210
07,Kronoberg,SK,51,1,2025,188
07,Kronoberg,SK,51,2,2025,215
07,Kronoberg,SK,52,1,2025,143
07,Kronoberg,SK,52,2,2025,192
07,Kronoberg,SK,53,1,2025,181
07,Kronoberg,SK,53,2,2025,184
07,Kronoberg,SK,54,1,2025,188
07,Kronoberg,SK,54,2,2025,216
07,Kronoberg,SK,55,1,2025,194
07,Kronoberg,SK,55,2,2025,195
07,Kronoberg,SK,56,1,2025,169
07,Kronoberg,SK,56,2,2025,205
07,Kronoberg,SK,57,1,2025,185
07,Kronoberg,SK,57,2,2025,220
07,Kronoberg,SK,58,1,2025,220
07,Kronoberg,SK,58,2,2025,278
07,Kronoberg,SK,59,1,2025,192
07,Kronoberg,SK,59,2,2025,230
07,Kronoberg,SK,60,1,2025,210
07,Kronoberg,SK,60,2,2025,244
07,Kronoberg,SK,61,1,2025,193
07,Kronoberg,SK,61,2,2025,262
07,Kronoberg,SK,62,1,2025,188
07,Kronoberg,SK,62,2,2025,235
07,Kronoberg,SK,63,1,2025,204
07,Kronoberg,SK,63,2,2025,201
07,Kronoberg,SK,64,1,2025,175
07,Kronoberg,SK,64,2,2025,197
07,Kronoberg,SK,65,1,2025,203
07,Kronoberg,SK,65,2,2025,195
07,Kronoberg,SK,66,1,2025,190
07,Kronoberg,SK,66,2,2025,196
07,Kronoberg,SK,67,1,2025,198
07,Kronoberg,SK,67,2,2025,188
07,Kronoberg,SK,68,1,2025,154
07,Kronoberg,SK,68,2,2025,178
07,Kronoberg,SK,69,1,2025,163
07,Kronoberg,SK,69,2,2025,204
07,Kronoberg,SK,70,1,2025,151
07,Kronoberg,SK,70,2,2025,196
07,Kronoberg,SK,71,1,2025,159
07,Kronoberg,SK,71,2,2025,175
07,Kronoberg,SK,72,1,2025,158
07,Kronoberg,SK,72,2,2025,185
07,Kronoberg,SK,73,1,2025,153
07,Kronoberg,SK,73,2,2025,203
07,Kronoberg,SK,74,1,2025,193
07,Kronoberg,SK,74,2,2025,166
07,Kronoberg,SK,75,1,2025,147
07,Kronoberg,SK,75,2,2025,189
07,Kronoberg,SK,76,1,2025,141
07,Kronoberg,SK,76,2,2025,183
07,Kronoberg,SK,77,1,2025,163
07,Kronoberg,SK,77,2,2025,203
07,Kronoberg,SK,78,1,2025,145
07,Kronoberg,SK,78,2,2025,167
07,Kronoberg,SK,79,1,2025,157
07,Kronoberg,SK,79,2,2025,189
07,Kronoberg,SK,80,1,2025,129
07,Kronoberg,SK,80,2,2025,163
07,Kronoberg,SK,81,1,2025,144
07,Kronoberg,SK,81,2,2025,160
07,Kronoberg,SK,82,1,2025,100
07,Kronoberg,SK,82,2,2025,146
07,Kronoberg,SK,83,1,2025,82
07,Kronoberg,SK,83,2,2025,124
07,Kronoberg,SK,84,1,2025,69
07,Kronoberg,SK,84,2,2025,92
07,Kronoberg,SK,85,1,2025,53
07,Kronoberg,SK,85,2,2025,81
07,Kronoberg,SK,86,1,2025,58
07,Kronoberg,SK,86,2,2025,78
07,Kronoberg,SK,87,1,2025,42
07,Kronoberg,SK,87,2,2025,72
07,Kronoberg,SK,88,1,2025,29
07,Kronoberg,SK,88,2,2025,58
07,Kronoberg,SK,89,1,2025,27
07,Kronoberg,SK,89,2,2025,51
07,Kronoberg,SK,90,1,2025,21
07,Kronoberg,SK,90,2,2025,34
07,Kronoberg,SK,91,1,2025,20
07,Kronoberg,SK,91,2,2025,30
07,Kronoberg,SK,92,1,2025,9
07,Kronoberg,SK,92,2,2025,22
07,Kronoberg,SK,93,1,2025,14
07,Kronoberg,SK,93,2,2025,16
07,Kronoberg,SK,94,1,2025,4
07,Kronoberg,SK,94,2,2025,15
07,Kronoberg,SK,95,1,2025,4
07,Kronoberg,SK,95,2,2025,17
07,Kronoberg,SK,96,1,2025,3
07,Kronoberg,SK,96,2,2025,8
07,Kronoberg,SK,97,1,2025,3
07,Kronoberg,SK,97,2,2025,4
07,Kronoberg,SK,98,1,2025,3
07,Kronoberg,SK,98,2,2025,3
07,Kronoberg,SK,99,1,2025,3
07,Kronoberg,SK,99,2,2025,4
07,Kronoberg,SK,100+1,1,2025,0
07,Kronoberg,SK,100+1,2,2025,4
08,Kalmar,OG,0,1,2025,985
08,Kalmar,OG,0,2,2025,934
08,Kalmar,OG,1,1,2025,1106
08,Kalmar,OG,1,2,2025,964
08,Kalmar,OG,2,1,2025,1133
08,Kalmar,OG,2,2,2025,1046
08,Kalmar,OG,3,1,2025,1161
08,Kalmar,OG,3,2,2025,1113
08,Kalmar,OG,4,1,2025,1295
08,Kalmar,OG,4,2,2025,1262
08,Kalmar,OG,5,1,2025,1350
08,Kalmar,OG,5,2,2025,1270
08,Kalmar,OG,6,1,2025,1302
08,Kalmar,OG,6,2,2025,1226
08,Kalmar,OG,7,1,2025,1376
08,Kalmar,OG,7,2,2025,1307
08,Kalmar,OG,8,1,2025,1333
08,Kalmar,OG,8,2,2025,1355
08,Kalmar,OG,9,1,2025,1419
08,Kalmar,OG,9,2,2025,1324
08,Kalmar,OG,10,1,2025,1426
08,Kalmar,OG,10,2,2025,1386
08,Kalmar,OG,11,1,2025,1459
08,Kalmar,OG,11,2,2025,1362
08,Kalmar,OG,12,1,2025,1447
08,Kalmar,OG,12,2,2025,1338
08,Kalmar,OG,13,1,2025,1467
08,Kalmar,OG,13,2,2025,1440
08,Kalmar,OG,14,1,2025,1408
08,Kalmar,OG,14,2,2025,1312
08,Kalmar,OG,15,1,2025,1511
08,Kalmar,OG,15,2,2025,1415
08,Kalmar,OG,16,1,2025,1366
08,Kalmar,OG,16,2,2025,1423
08,Kalmar,OG,17,1,2025,1460
08,Kalmar,OG,17,2,2025,1313
08,Kalmar,OG,18,1,2025,1463
08,Kalmar,OG,18,2,2025,1326
08,Kalmar,OG,19,1,2025,1380
08,Kalmar,OG,19,2,2025,1311
08,Kalmar,OG,20,1,2025,1292
08,Kalmar,OG,20,2,2025,1204
08,Kalmar,OG,21,1,2025,1250
08,Kalmar,OG,21,2,2025,1150
08,Kalmar,OG,22,1,2025,1219
08,Kalmar,OG,22,2,2025,1020
08,Kalmar,OG,23,1,2025,1166
08,Kalmar,OG,23,2,2025,1006
08,Kalmar,OG,24,1,2025,1150
08,Kalmar,OG,24,2,2025,946
08,Kalmar,OG,25,1,2025,1224
08,Kalmar,OG,25,2,2025,959
08,Kalmar,OG,26,1,2025,1216
08,Kalmar,OG,26,2,2025,882
08,Kalmar,OG,27,1,2025,1043
08,Kalmar,OG,27,2,2025,907
08,Kalmar,OG,28,1,2025,1009
08,Kalmar,OG,28,2,2025,851
08,Kalmar,OG,29,1,2025,1108
08,Kalmar,OG,29,2,2025,857
08,Kalmar,OG,30,1,2025,1149
08,Kalmar,OG,30,2,2025,894
08,Kalmar,OG,31,1,2025,1154
08,Kalmar,OG,31,2,2025,888
08,Kalmar,OG,32,1,2025,1211
08,Kalmar,OG,32,2,2025,983
08,Kalmar,OG,33,1,2025,1248
08,Kalmar,OG,33,2,2025,935
08,Kalmar,OG,34,1,2025,1190
08,Kalmar,OG,34,2,2025,882
08,Kalmar,OG,35,1,2025,1197
08,Kalmar,OG,35,2,2025,864
08,Kalmar,OG,36,1,2025,1042
08,Kalmar,OG,36,2,2025,777
08,Kalmar,OG,37,1,2025,924
08,Kalmar,OG,37,2,2025,772
08,Kalmar,OG,38,1,2025,824
08,Kalmar,OG,38,2,2025,719
08,Kalmar,OG,39,1,2025,812
08,Kalmar,OG,39,2,2025,550
08,Kalmar,OG,40,1,2025,771
08,Kalmar,OG,40,2,2025,577
08,Kalmar,OG,41,1,2025,674
08,Kalmar,OG,41,2,2025,564
08,Kalmar,OG,42,1,2025,679
08,Kalmar,OG,42,2,2025,480
08,Kalmar,OG,43,1,2025,627
08,Kalmar,OG,43,2,2025,456
08,Kalmar,OG,44,1,2025,618
08,Kalmar,OG,44,2,2025,473
08,Kalmar,OG,45,1,2025,561
08,Kalmar,OG,45,2,2025,429
08,Kalmar,OG,46,1,2025,578
08,Kalmar,OG,46,2,2025,399
08,Kalmar,OG,47,1,2025,509
08,Kalmar,OG,47,2,2025,438
08,Kalmar,OG,48,1,2025,558
08,Kalmar,OG,48,2,2025,389
08,Kalmar,OG,49,1,2025,532
08,Kalmar,OG,49,2,2025,382
08,Kalmar,OG,50,1,2025,526
08,Kalmar,OG,50,2,2025,398
08,Kalmar,OG,51,1,2025,518
08,Kalmar,OG,51,2,2025,405
08,Kalmar,OG,52,1,2025,567
08,Kalmar,OG,52,2,2025,433
08,Kalmar,OG,53,1,2025,512
08,Kalmar,OG,53,2,2025,445
08,Kalmar,OG,54,1,2025,521
08,Kalmar,OG,54,2,2025,399
08,Kalmar,OG,55,1,2025,542
08,Kalmar,OG,55,2,2025,416
08,Kalmar,OG,56,1,2025,495
08,Kalmar,OG,56,2,2025,412
08,Kalmar,OG,57,1,2025,504
08,Kalmar,OG,57,2,2025,450
08,Kalmar,OG,58,1,2025,548
08,Kalmar,OG,58,2,2025,429
08,Kalmar,OG,59,1,2025,589
08,Kalmar,OG,59,2,2025,424
08,Kalmar,OG,60,1,2025,543
08,Kalmar,OG,60,2,2025,428
08,Kalmar,OG,61,1,2025,557
08,Kalmar,OG,61,2,2025,417
08,Kalmar,OG,62,1,2025,460
08,Kalmar,OG,62,2,2025,377
08,Kalmar,OG,63,1,2025,461
08,Kalmar,OG,63,2,2025,353
08,Kalmar,OG,64,1,2025,425
08,Kalmar,OG,64,2,2025,351
08,Kalmar,OG,65,1,2025,429
08,Kalmar,OG,65,2,2025,267
08,Kalmar,OG,66,1,2025,435
08,Kalmar,OG,66,2,2025,299
08,Kalmar,OG,67,1,2025,384
08,Kalmar,OG,67,2,2025,300
08,Kalmar,OG,68,1,2025,335
08,Kalmar,OG,68,2,2025,269
08,Kalmar,OG,69,1,2025,355
08,Kalmar,OG,69,2,2025,274
08,Kalmar,OG,70,1,2025,380
08,Kalmar,OG,70,2,2025,255
08,Kalmar,OG,71,1,2025,300
08,Kalmar,OG,71,2,2025,249
08,Kalmar,OG,72,1,2025,329
08,Kalmar,OG,72,2,2025,196
08,Kalmar,OG,73,1,2025,303
08,Kalmar,OG,73,2,2025,183
08,Kalmar,OG,74,1,2025,280
08,Kalmar,OG,74,2,2025,179
08,Kalmar,OG,75,1,2025,234
08,Kalmar,OG,75,2,2025,177
08,Kalmar,OG,76,1,2025,227
08,Kalmar,OG,76,2,2025,174
08,Kalmar,OG,77,1,2025,191
08,Kalmar,OG,77,2,2025,143
08,Kalmar,OG,78,1,2025,212
08,Kalmar,OG,78,2,2025,142
08,Kalmar,OG,79,1,2025,180
08,Kalmar,OG,79,2,2025,113
08,Kalmar,OG,80,1,2025,156
08,Kalmar,OG,80,2,2025,84
08,Kalmar,OG,81,1,2025,145
08,Kalmar,OG,81,2,2025,76
08,Kalmar,OG,82,1,2025,103
08,Kalmar,OG,82,2,2025,70
08,Kalmar,OG,83,1,2025,94
08,Kalmar,OG,83,2,2025,68
08,Kalmar,OG,84,1,2025,67
08,Kalmar,OG,84,2,2025,37
08,Kalmar,OG,85,1,2025,55
08,Kalmar,OG,85,2,2025,37
08,Kalmar,OG,86,1,2025,43
08,Kalmar,OG,86,2,2025,38
08,Kalmar,OG,87,1,2025,50
08,Kalmar,OG,87,2,2025,41
08,Kalmar,OG,88,1,2025,32
08,Kalmar,OG,88,2,2025,24
08,Kalmar,OG,89,1,2025,22
08,Kalmar,OG,89,2,2025,41
08,Kalmar,OG,90,1,2025,23
08,Kalmar,OG,90,2,2025,16
08,Kalmar,OG,91,1,2025,10
08,Kalmar,OG,91,2,2025,12
08,Kalmar,OG,92,1,2025,11
08,Kalmar,OG,92,2,2025,13
08,Kalmar,OG,93,1,2025,7
08,Kalmar,OG,93,2,2025,5
08,Kalmar,OG,94,1,2025,5
08,Kalmar,OG,94,2,2025,3
08,Kalmar,OG,95,1,2025,3
08,Kalmar,OG,95,2,2025,0
08,Kalmar,OG,96,1,2025,0
08,Kalmar,OG,96,2,2025,5
08,Kalmar,OG,97,1,2025,3
08,Kalmar,OG,97,2,2025,4
08,Kalmar,OG,98,1,2025,0
08,Kalmar,OG,98,2,2025,3
08,Kalmar,OG,99,1,2025,0
08,Kalmar,OG,99,2,2025,0
08,Kalmar,OG,100+1,1,2025,0
08,Kalmar,OG,100+1,2,2025,3
08,Kalmar,G,0,1,2025,0
08,Kalmar,G,0,2,2025,0
08,Kalmar,G,1,1,2025,0
08,Kalmar,G,1,2,2025,0
08,Kalmar,G,2,1,2025,0
08,Kalmar,G,2,2,2025,0
08,Kalmar,G,3,1,2025,0
08,Kalmar,G,3,2,2025,0
08,Kalmar,G,4,1,2025,0
08,Kalmar,G,4,2,2025,0
08,Kalmar,G,5,1,2025,0
08,Kalmar,G,5,2,2025,0
08,Kalmar,G,6,1,2025,0
08,Kalmar,G,6,2,2025,0
08,Kalmar,G,7,1,2025,0
08,Kalmar,G,7,2,2025,0
08,Kalmar,G,8,1,2025,0
08,Kalmar,G,8,2,2025,0
08,Kalmar,G,9,1,2025,0
08,Kalmar,G,9,2,2025,0
08,Kalmar,G,10,1,2025,0
08,Kalmar,G,10,2,2025,0
08,Kalmar,G,11,1,2025,0
08,Kalmar,G,11,2,2025,0
08,Kalmar,G,12,1,2025,0
08,Kalmar,G,12,2,2025,0
08,Kalmar,G,13,1,2025,0
08,Kalmar,G,13,2,2025,0
08,Kalmar,G,14,1,2025,0
08,Kalmar,G,14,2,2025,0
08,Kalmar,G,15,1,2025,0
08,Kalmar,G,15,2,2025,0
08,Kalmar,G,16,1,2025,0
08,Kalmar,G,16,2,2025,0
08,Kalmar,G,17,1,2025,0
08,Kalmar,G,17,2,2025,0
08,Kalmar,G,18,1,2025,0
08,Kalmar,G,18,2,2025,0
08,Kalmar,G,19,1,2025,0
08,Kalmar,G,19,2,2025,5
08,Kalmar,G,20,1,2025,0
08,Kalmar,G,20,2,2025,13
08,Kalmar,G,21,1,2025,6
08,Kalmar,G,21,2,2025,24
08,Kalmar,G,22,1,2025,7
08,Kalmar,G,22,2,2025,43
08,Kalmar,G,23,1,2025,13
08,Kalmar,G,23,2,2025,70
08,Kalmar,G,24,1,2025,38
08,Kalmar,G,24,2,2025,86
08,Kalmar,G,25,1,2025,57
08,Kalmar,G,25,2,2025,109
08,Kalmar,G,26,1,2025,129
08,Kalmar,G,26,2,2025,157
08,Kalmar,G,27,1,2025,112
08,Kalmar,G,27,2,2025,156
08,Kalmar,G,28,1,2025,126
08,Kalmar,G,28,2,2025,211
08,Kalmar,G,29,1,2025,153
08,Kalmar,G,29,2,2025,281
08,Kalmar,G,30,1,2025,219
08,Kalmar,G,30,2,2025,301
08,Kalmar,G,31,1,2025,268
08,Kalmar,G,31,2,2025,368
08,Kalmar,G,32,1,2025,332
08,Kalmar,G,32,2,2025,471
08,Kalmar,G,33,1,2025,369
08,Kalmar,G,33,2,2025,511
08,Kalmar,G,34,1,2025,448
08,Kalmar,G,34,2,2025,557
08,Kalmar,G,35,1,2025,511
08,Kalmar,G,35,2,2025,645
08,Kalmar,G,36,1,2025,500
08,Kalmar,G,36,2,2025,644
08,Kalmar,G,37,1,2025,571
08,Kalmar,G,37,2,2025,616
08,Kalmar,G,38,1,2025,554
08,Kalmar,G,38,2,2025,573
08,Kalmar,G,39,1,2025,588
08,Kalmar,G,39,2,2025,636
08,Kalmar,G,40,1,2025,603
08,Kalmar,G,40,2,2025,633
08,Kalmar,G,41,1,2025,567
08,Kalmar,G,41,2,2025,682
08,Kalmar,G,42,1,2025,606
08,Kalmar,G,42,2,2025,614
08,Kalmar,G,43,1,2025,638
08,Kalmar,G,43,2,2025,659
08,Kalmar,G,44,1,2025,591
08,Kalmar,G,44,2,2025,664
08,Kalmar,G,45,1,2025,623
08,Kalmar,G,45,2,2025,660
08,Kalmar,G,46,1,2025,685
08,Kalmar,G,46,2,2025,672
08,Kalmar,G,47,1,2025,616
08,Kalmar,G,47,2,2025,662
08,Kalmar,G,48,1,2025,649
08,Kalmar,G,48,2,2025,691
08,Kalmar,G,49,1,2025,680
08,Kalmar,G,49,2,2025,686
08,Kalmar,G,50,1,2025,721
08,Kalmar,G,50,2,2025,757
08,Kalmar,G,51,1,2025,773
08,Kalmar,G,51,2,2025,746
08,Kalmar,G,52,1,2025,739
08,Kalmar,G,52,2,2025,756
08,Kalmar,G,53,1,2025,767
08,Kalmar,G,53,2,2025,755
08,Kalmar,G,54,1,2025,750
08,Kalmar,G,54,2,2025,843
08,Kalmar,G,55,1,2025,770
08,Kalmar,G,55,2,2025,780
08,Kalmar,G,56,1,2025,747
08,Kalmar,G,56,2,2025,778
08,Kalmar,G,57,1,2025,810
08,Kalmar,G,57,2,2025,842
08,Kalmar,G,58,1,2025,878
08,Kalmar,G,58,2,2025,865
08,Kalmar,G,59,1,2025,883
08,Kalmar,G,59,2,2025,897
08,Kalmar,G,60,1,2025,887
08,Kalmar,G,60,2,2025,858
08,Kalmar,G,61,1,2025,872
08,Kalmar,G,61,2,2025,899
08,Kalmar,G,62,1,2025,850
08,Kalmar,G,62,2,2025,833
08,Kalmar,G,63,1,2025,793
08,Kalmar,G,63,2,2025,869
08,Kalmar,G,64,1,2025,793
08,Kalmar,G,64,2,2025,784
08,Kalmar,G,65,1,2025,841
08,Kalmar,G,65,2,2025,819
08,Kalmar,G,66,1,2025,787
08,Kalmar,G,66,2,2025,843
08,Kalmar,G,67,1,2025,810
08,Kalmar,G,67,2,2025,811
08,Kalmar,G,68,1,2025,777
08,Kalmar,G,68,2,2025,823
08,Kalmar,G,69,1,2025,857
08,Kalmar,G,69,2,2025,941
08,Kalmar,G,70,1,2025,858
08,Kalmar,G,70,2,2025,844
08,Kalmar,G,71,1,2025,887
08,Kalmar,G,71,2,2025,805
08,Kalmar,G,72,1,2025,878
08,Kalmar,G,72,2,2025,800
08,Kalmar,G,73,1,2025,851
08,Kalmar,G,73,2,2025,831
08,Kalmar,G,74,1,2025,839
08,Kalmar,G,74,2,2025,792
08,Kalmar,G,75,1,2025,855
08,Kalmar,G,75,2,2025,732
08,Kalmar,G,76,1,2025,866
08,Kalmar,G,76,2,2025,781
08,Kalmar,G,77,1,2025,890
08,Kalmar,G,77,2,2025,785
08,Kalmar,G,78,1,2025,873
08,Kalmar,G,78,2,2025,733
08,Kalmar,G,79,1,2025,873
08,Kalmar,G,79,2,2025,714
08,Kalmar,G,80,1,2025,773
08,Kalmar,G,80,2,2025,580
08,Kalmar,G,81,1,2025,717
08,Kalmar,G,81,2,2025,539
08,Kalmar,G,82,1,2025,610
08,Kalmar,G,82,2,2025,463
08,Kalmar,G,83,1,2025,574
08,Kalmar,G,83,2,2025,365
08,Kalmar,G,84,1,2025,446
08,Kalmar,G,84,2,2025,300
08,Kalmar,G,85,1,2025,384
08,Kalmar,G,85,2,2025,234
08,Kalmar,G,86,1,2025,335
08,Kalmar,G,86,2,2025,199
08,Kalmar,G,87,1,2025,267
08,Kalmar,G,87,2,2025,155
08,Kalmar,G,88,1,2025,202
08,Kalmar,G,88,2,2025,112
08,Kalmar,G,89,1,2025,185
08,Kalmar,G,89,2,2025,99
08,Kalmar,G,90,1,2025,150
08,Kalmar,G,90,2,2025,80
08,Kalmar,G,91,1,2025,81
08,Kalmar,G,91,2,2025,41
08,Kalmar,G,92,1,2025,81
08,Kalmar,G,92,2,2025,24
08,Kalmar,G,93,1,2025,55
08,Kalmar,G,93,2,2025,22
08,Kalmar,G,94,1,2025,49
08,Kalmar,G,94,2,2025,13
08,Kalmar,G,95,1,2025,21
08,Kalmar,G,95,2,2025,0
08,Kalmar,G,96,1,2025,10
08,Kalmar,G,96,2,2025,3
08,Kalmar,G,97,1,2025,3
08,Kalmar,G,97,2,2025,3
08,Kalmar,G,98,1,2025,3
08,Kalmar,G,98,2,2025,0
08,Kalmar,G,99,1,2025,3
08,Kalmar,G,99,2,2025,0
08,Kalmar,G,100+1,1,2025,6
08,Kalmar,G,100+1,2,2025,0
08,Kalmar,ÄNKL,0,1,2025,0
08,Kalmar,ÄNKL,0,2,2025,0
08,Kalmar,ÄNKL,1,1,2025,0
08,Kalmar,ÄNKL,1,2,2025,0
08,Kalmar,ÄNKL,2,1,2025,0
08,Kalmar,ÄNKL,2,2,2025,0
08,Kalmar,ÄNKL,3,1,2025,0
08,Kalmar,ÄNKL,3,2,2025,0
08,Kalmar,ÄNKL,4,1,2025,0
08,Kalmar,ÄNKL,4,2,2025,0
08,Kalmar,ÄNKL,5,1,2025,0
08,Kalmar,ÄNKL,5,2,2025,0
08,Kalmar,ÄNKL,6,1,2025,0
08,Kalmar,ÄNKL,6,2,2025,0
08,Kalmar,ÄNKL,7,1,2025,0
08,Kalmar,ÄNKL,7,2,2025,0
08,Kalmar,ÄNKL,8,1,2025,0
08,Kalmar,ÄNKL,8,2,2025,0
08,Kalmar,ÄNKL,9,1,2025,0
08,Kalmar,ÄNKL,9,2,2025,0
08,Kalmar,ÄNKL,10,1,2025,0
08,Kalmar,ÄNKL,10,2,2025,0
08,Kalmar,ÄNKL,11,1,2025,0
08,Kalmar,ÄNKL,11,2,2025,0
08,Kalmar,ÄNKL,12,1,2025,0
08,Kalmar,ÄNKL,12,2,2025,0
08,Kalmar,ÄNKL,13,1,2025,0
08,Kalmar,ÄNKL,13,2,2025,0
08,Kalmar,ÄNKL,14,1,2025,0
08,Kalmar,ÄNKL,14,2,2025,0
08,Kalmar,ÄNKL,15,1,2025,0
08,Kalmar,ÄNKL,15,2,2025,0
08,Kalmar,ÄNKL,16,1,2025,0
08,Kalmar,ÄNKL,16,2,2025,0
08,Kalmar,ÄNKL,17,1,2025,0
08,Kalmar,ÄNKL,17,2,2025,0
08,Kalmar,ÄNKL,18,1,2025,0
08,Kalmar,ÄNKL,18,2,2025,0
08,Kalmar,ÄNKL,19,1,2025,0
08,Kalmar,ÄNKL,19,2,2025,0
08,Kalmar,ÄNKL,20,1,2025,0
08,Kalmar,ÄNKL,20,2,2025,0
08,Kalmar,ÄNKL,21,1,2025,0
08,Kalmar,ÄNKL,21,2,2025,0
08,Kalmar,ÄNKL,22,1,2025,0
08,Kalmar,ÄNKL,22,2,2025,0
08,Kalmar,ÄNKL,23,1,2025,0
08,Kalmar,ÄNKL,23,2,2025,0
08,Kalmar,ÄNKL,24,1,2025,0
08,Kalmar,ÄNKL,24,2,2025,0
08,Kalmar,ÄNKL,25,1,2025,0
08,Kalmar,ÄNKL,25,2,2025,0
08,Kalmar,ÄNKL,26,1,2025,0
08,Kalmar,ÄNKL,26,2,2025,0
08,Kalmar,ÄNKL,27,1,2025,0
08,Kalmar,ÄNKL,27,2,2025,0
08,Kalmar,ÄNKL,28,1,2025,0
08,Kalmar,ÄNKL,28,2,2025,0
08,Kalmar,ÄNKL,29,1,2025,0
08,Kalmar,ÄNKL,29,2,2025,0
08,Kalmar,ÄNKL,30,1,2025,0
08,Kalmar,ÄNKL,30,2,2025,0
08,Kalmar,ÄNKL,31,1,2025,0
08,Kalmar,ÄNKL,31,2,2025,0
08,Kalmar,ÄNKL,32,1,2025,0
08,Kalmar,ÄNKL,32,2,2025,3
08,Kalmar,ÄNKL,33,1,2025,0
08,Kalmar,ÄNKL,33,2,2025,4
08,Kalmar,ÄNKL,34,1,2025,0
08,Kalmar,ÄNKL,34,2,2025,3
08,Kalmar,ÄNKL,35,1,2025,0
08,Kalmar,ÄNKL,35,2,2025,0
08,Kalmar,ÄNKL,36,1,2025,0
08,Kalmar,ÄNKL,36,2,2025,0
08,Kalmar,ÄNKL,37,1,2025,0
08,Kalmar,ÄNKL,37,2,2025,4
08,Kalmar,ÄNKL,38,1,2025,3
08,Kalmar,ÄNKL,38,2,2025,4
08,Kalmar,ÄNKL,39,1,2025,4
08,Kalmar,ÄNKL,39,2,2025,0
08,Kalmar,ÄNKL,40,1,2025,3
08,Kalmar,ÄNKL,40,2,2025,9
08,Kalmar,ÄNKL,41,1,2025,4
08,Kalmar,ÄNKL,41,2,2025,8
08,Kalmar,ÄNKL,42,1,2025,0
08,Kalmar,ÄNKL,42,2,2025,9
08,Kalmar,ÄNKL,43,1,2025,3
08,Kalmar,ÄNKL,43,2,2025,15
08,Kalmar,ÄNKL,44,1,2025,5
08,Kalmar,ÄNKL,44,2,2025,6
08,Kalmar,ÄNKL,45,1,2025,8
08,Kalmar,ÄNKL,45,2,2025,12
08,Kalmar,ÄNKL,46,1,2025,7
08,Kalmar,ÄNKL,46,2,2025,8
08,Kalmar,ÄNKL,47,1,2025,4
08,Kalmar,ÄNKL,47,2,2025,6
08,Kalmar,ÄNKL,48,1,2025,3
08,Kalmar,ÄNKL,48,2,2025,14
08,Kalmar,ÄNKL,49,1,2025,4
08,Kalmar,ÄNKL,49,2,2025,20
08,Kalmar,ÄNKL,50,1,2025,6
08,Kalmar,ÄNKL,50,2,2025,23
08,Kalmar,ÄNKL,51,1,2025,0
08,Kalmar,ÄNKL,51,2,2025,18
08,Kalmar,ÄNKL,52,1,2025,3
08,Kalmar,ÄNKL,52,2,2025,23
08,Kalmar,ÄNKL,53,1,2025,14
08,Kalmar,ÄNKL,53,2,2025,19
08,Kalmar,ÄNKL,54,1,2025,8
08,Kalmar,ÄNKL,54,2,2025,35
08,Kalmar,ÄNKL,55,1,2025,8
08,Kalmar,ÄNKL,55,2,2025,22
08,Kalmar,ÄNKL,56,1,2025,17
08,Kalmar,ÄNKL,56,2,2025,39
08,Kalmar,ÄNKL,57,1,2025,7
08,Kalmar,ÄNKL,57,2,2025,26
08,Kalmar,ÄNKL,58,1,2025,14
08,Kalmar,ÄNKL,58,2,2025,38
08,Kalmar,ÄNKL,59,1,2025,12
08,Kalmar,ÄNKL,59,2,2025,42
08,Kalmar,ÄNKL,60,1,2025,14
08,Kalmar,ÄNKL,60,2,2025,51
08,Kalmar,ÄNKL,61,1,2025,22
08,Kalmar,ÄNKL,61,2,2025,42
08,Kalmar,ÄNKL,62,1,2025,26
08,Kalmar,ÄNKL,62,2,2025,71
08,Kalmar,ÄNKL,63,1,2025,18
08,Kalmar,ÄNKL,63,2,2025,82
08,Kalmar,ÄNKL,64,1,2025,25
08,Kalmar,ÄNKL,64,2,2025,64
08,Kalmar,ÄNKL,65,1,2025,26
08,Kalmar,ÄNKL,65,2,2025,82
08,Kalmar,ÄNKL,66,1,2025,30
08,Kalmar,ÄNKL,66,2,2025,99
08,Kalmar,ÄNKL,67,1,2025,38
08,Kalmar,ÄNKL,67,2,2025,109
08,Kalmar,ÄNKL,68,1,2025,50
08,Kalmar,ÄNKL,68,2,2025,123
08,Kalmar,ÄNKL,69,1,2025,42
08,Kalmar,ÄNKL,69,2,2025,133
08,Kalmar,ÄNKL,70,1,2025,59
08,Kalmar,ÄNKL,70,2,2025,162
08,Kalmar,ÄNKL,71,1,2025,57
08,Kalmar,ÄNKL,71,2,2025,170
08,Kalmar,ÄNKL,72,1,2025,53
08,Kalmar,ÄNKL,72,2,2025,177
08,Kalmar,ÄNKL,73,1,2025,76
08,Kalmar,ÄNKL,73,2,2025,196
08,Kalmar,ÄNKL,74,1,2025,70
08,Kalmar,ÄNKL,74,2,2025,217
08,Kalmar,ÄNKL,75,1,2025,99
08,Kalmar,ÄNKL,75,2,2025,235
08,Kalmar,ÄNKL,76,1,2025,97
08,Kalmar,ÄNKL,76,2,2025,284
08,Kalmar,ÄNKL,77,1,2025,132
08,Kalmar,ÄNKL,77,2,2025,341
08,Kalmar,ÄNKL,78,1,2025,151
08,Kalmar,ÄNKL,78,2,2025,328
08,Kalmar,ÄNKL,79,1,2025,176
08,Kalmar,ÄNKL,79,2,2025,383
08,Kalmar,ÄNKL,80,1,2025,160
08,Kalmar,ÄNKL,80,2,2025,443
08,Kalmar,ÄNKL,81,1,2025,157
08,Kalmar,ÄNKL,81,2,2025,433
08,Kalmar,ÄNKL,82,1,2025,170
08,Kalmar,ÄNKL,82,2,2025,493
08,Kalmar,ÄNKL,83,1,2025,136
08,Kalmar,ÄNKL,83,2,2025,446
08,Kalmar,ÄNKL,84,1,2025,140
08,Kalmar,ÄNKL,84,2,2025,419
08,Kalmar,ÄNKL,85,1,2025,119
08,Kalmar,ÄNKL,85,2,2025,418
08,Kalmar,ÄNKL,86,1,2025,141
08,Kalmar,ÄNKL,86,2,2025,482
08,Kalmar,ÄNKL,87,1,2025,138
08,Kalmar,ÄNKL,87,2,2025,402
08,Kalmar,ÄNKL,88,1,2025,127
08,Kalmar,ÄNKL,88,2,2025,355
08,Kalmar,ÄNKL,89,1,2025,100
08,Kalmar,ÄNKL,89,2,2025,358
08,Kalmar,ÄNKL,90,1,2025,96
08,Kalmar,ÄNKL,90,2,2025,327
08,Kalmar,ÄNKL,91,1,2025,83
08,Kalmar,ÄNKL,91,2,2025,290
08,Kalmar,ÄNKL,92,1,2025,67
08,Kalmar,ÄNKL,92,2,2025,233
08,Kalmar,ÄNKL,93,1,2025,72
08,Kalmar,ÄNKL,93,2,2025,205
08,Kalmar,ÄNKL,94,1,2025,43
08,Kalmar,ÄNKL,94,2,2025,169
08,Kalmar,ÄNKL,95,1,2025,41
08,Kalmar,ÄNKL,95,2,2025,138
08,Kalmar,ÄNKL,96,1,2025,22
08,Kalmar,ÄNKL,96,2,2025,84
08,Kalmar,ÄNKL,97,1,2025,13
08,Kalmar,ÄNKL,97,2,2025,78
08,Kalmar,ÄNKL,98,1,2025,11
08,Kalmar,ÄNKL,98,2,2025,53
08,Kalmar,ÄNKL,99,1,2025,8
08,Kalmar,ÄNKL,99,2,2025,41
08,Kalmar,ÄNKL,100+1,1,2025,16
08,Kalmar,ÄNKL,100+1,2,2025,56
08,Kalmar,SK,0,1,2025,0
08,Kalmar,SK,0,2,2025,0
08,Kalmar,SK,1,1,2025,0
08,Kalmar,SK,1,2,2025,0
08,Kalmar,SK,2,1,2025,0
08,Kalmar,SK,2,2,2025,0
08,Kalmar,SK,3,1,2025,0
08,Kalmar,SK,3,2,2025,0
08,Kalmar,SK,4,1,2025,0
08,Kalmar,SK,4,2,2025,0
08,Kalmar,SK,5,1,2025,0
08,Kalmar,SK,5,2,2025,0
08,Kalmar,SK,6,1,2025,0
08,Kalmar,SK,6,2,2025,0
08,Kalmar,SK,7,1,2025,0
08,Kalmar,SK,7,2,2025,0
08,Kalmar,SK,8,1,2025,0
08,Kalmar,SK,8,2,2025,0
08,Kalmar,SK,9,1,2025,0
08,Kalmar,SK,9,2,2025,0
08,Kalmar,SK,10,1,2025,0
08,Kalmar,SK,10,2,2025,0
08,Kalmar,SK,11,1,2025,0
08,Kalmar,SK,11,2,2025,0
08,Kalmar,SK,12,1,2025,0
08,Kalmar,SK,12,2,2025,0
08,Kalmar,SK,13,1,2025,0
08,Kalmar,SK,13,2,2025,0
08,Kalmar,SK,14,1,2025,0
08,Kalmar,SK,14,2,2025,0
08,Kalmar,SK,15,1,2025,0
08,Kalmar,SK,15,2,2025,0
08,Kalmar,SK,16,1,2025,0
08,Kalmar,SK,16,2,2025,0
08,Kalmar,SK,17,1,2025,0
08,Kalmar,SK,17,2,2025,0
08,Kalmar,SK,18,1,2025,0
08,Kalmar,SK,18,2,2025,0
08,Kalmar,SK,19,1,2025,0
08,Kalmar,SK,19,2,2025,0
08,Kalmar,SK,20,1,2025,0
08,Kalmar,SK,20,2,2025,0
08,Kalmar,SK,21,1,2025,0
08,Kalmar,SK,21,2,2025,0
08,Kalmar,SK,22,1,2025,0
08,Kalmar,SK,22,2,2025,0
08,Kalmar,SK,23,1,2025,0
08,Kalmar,SK,23,2,2025,3
08,Kalmar,SK,24,1,2025,0
08,Kalmar,SK,24,2,2025,5
08,Kalmar,SK,25,1,2025,3
08,Kalmar,SK,25,2,2025,11
08,Kalmar,SK,26,1,2025,0
08,Kalmar,SK,26,2,2025,14
08,Kalmar,SK,27,1,2025,6
08,Kalmar,SK,27,2,2025,17
08,Kalmar,SK,28,1,2025,9
08,Kalmar,SK,28,2,2025,11
08,Kalmar,SK,29,1,2025,15
08,Kalmar,SK,29,2,2025,23
08,Kalmar,SK,30,1,2025,19
08,Kalmar,SK,30,2,2025,36
08,Kalmar,SK,31,1,2025,20
08,Kalmar,SK,31,2,2025,46
08,Kalmar,SK,32,1,2025,36
08,Kalmar,SK,32,2,2025,50
08,Kalmar,SK,33,1,2025,35
08,Kalmar,SK,33,2,2025,66
08,Kalmar,SK,34,1,2025,48
08,Kalmar,SK,34,2,2025,90
08,Kalmar,SK,35,1,2025,61
08,Kalmar,SK,35,2,2025,112
08,Kalmar,SK,36,1,2025,83
08,Kalmar,SK,36,2,2025,98
08,Kalmar,SK,37,1,2025,77
08,Kalmar,SK,37,2,2025,118
08,Kalmar,SK,38,1,2025,82
08,Kalmar,SK,38,2,2025,124
08,Kalmar,SK,39,1,2025,97
08,Kalmar,SK,39,2,2025,156
08,Kalmar,SK,40,1,2025,97
08,Kalmar,SK,40,2,2025,165
08,Kalmar,SK,41,1,2025,117
08,Kalmar,SK,41,2,2025,177
08,Kalmar,SK,42,1,2025,108
08,Kalmar,SK,42,2,2025,163
08,Kalmar,SK,43,1,2025,108
08,Kalmar,SK,43,2,2025,188
08,Kalmar,SK,44,1,2025,138
08,Kalmar,SK,44,2,2025,182
08,Kalmar,SK,45,1,2025,146
08,Kalmar,SK,45,2,2025,175
08,Kalmar,SK,46,1,2025,163
08,Kalmar,SK,46,2,2025,212
08,Kalmar,SK,47,1,2025,172
08,Kalmar,SK,47,2,2025,203
08,Kalmar,SK,48,1,2025,186
08,Kalmar,SK,48,2,2025,209
08,Kalmar,SK,49,1,2025,184
08,Kalmar,SK,49,2,2025,236
08,Kalmar,SK,50,1,2025,187
08,Kalmar,SK,50,2,2025,238
08,Kalmar,SK,51,1,2025,196
08,Kalmar,SK,51,2,2025,227
08,Kalmar,SK,52,1,2025,222
08,Kalmar,SK,52,2,2025,249
08,Kalmar,SK,53,1,2025,236
08,Kalmar,SK,53,2,2025,287
08,Kalmar,SK,54,1,2025,236
08,Kalmar,SK,54,2,2025,251
08,Kalmar,SK,55,1,2025,232
08,Kalmar,SK,55,2,2025,290
08,Kalmar,SK,56,1,2025,241
08,Kalmar,SK,56,2,2025,296
08,Kalmar,SK,57,1,2025,266
08,Kalmar,SK,57,2,2025,295
08,Kalmar,SK,58,1,2025,289
08,Kalmar,SK,58,2,2025,318
08,Kalmar,SK,59,1,2025,301
08,Kalmar,SK,59,2,2025,311
08,Kalmar,SK,60,1,2025,297
08,Kalmar,SK,60,2,2025,329
08,Kalmar,SK,61,1,2025,292
08,Kalmar,SK,61,2,2025,332
08,Kalmar,SK,62,1,2025,294
08,Kalmar,SK,62,2,2025,332
08,Kalmar,SK,63,1,2025,271
08,Kalmar,SK,63,2,2025,285
08,Kalmar,SK,64,1,2025,238
08,Kalmar,SK,64,2,2025,289
08,Kalmar,SK,65,1,2025,237
08,Kalmar,SK,65,2,2025,317
08,Kalmar,SK,66,1,2025,273
08,Kalmar,SK,66,2,2025,301
08,Kalmar,SK,67,1,2025,267
08,Kalmar,SK,67,2,2025,271
08,Kalmar,SK,68,1,2025,269
08,Kalmar,SK,68,2,2025,304
08,Kalmar,SK,69,1,2025,257
08,Kalmar,SK,69,2,2025,294
08,Kalmar,SK,70,1,2025,262
08,Kalmar,SK,70,2,2025,296
08,Kalmar,SK,71,1,2025,255
08,Kalmar,SK,71,2,2025,299
08,Kalmar,SK,72,1,2025,267
08,Kalmar,SK,72,2,2025,276
08,Kalmar,SK,73,1,2025,259
08,Kalmar,SK,73,2,2025,271
08,Kalmar,SK,74,1,2025,249
08,Kalmar,SK,74,2,2025,325
08,Kalmar,SK,75,1,2025,254
08,Kalmar,SK,75,2,2025,285
08,Kalmar,SK,76,1,2025,239
08,Kalmar,SK,76,2,2025,307
08,Kalmar,SK,77,1,2025,253
08,Kalmar,SK,77,2,2025,282
08,Kalmar,SK,78,1,2025,237
08,Kalmar,SK,78,2,2025,309
08,Kalmar,SK,79,1,2025,225
08,Kalmar,SK,79,2,2025,281
08,Kalmar,SK,80,1,2025,229
08,Kalmar,SK,80,2,2025,284
08,Kalmar,SK,81,1,2025,184
08,Kalmar,SK,81,2,2025,237
08,Kalmar,SK,82,1,2025,164
08,Kalmar,SK,82,2,2025,201
08,Kalmar,SK,83,1,2025,155
08,Kalmar,SK,83,2,2025,186
08,Kalmar,SK,84,1,2025,106
08,Kalmar,SK,84,2,2025,161
08,Kalmar,SK,85,1,2025,84
08,Kalmar,SK,85,2,2025,137
08,Kalmar,SK,86,1,2025,93
08,Kalmar,SK,86,2,2025,121
08,Kalmar,SK,87,1,2025,50
08,Kalmar,SK,87,2,2025,108
08,Kalmar,SK,88,1,2025,58
08,Kalmar,SK,88,2,2025,101
08,Kalmar,SK,89,1,2025,47
08,Kalmar,SK,89,2,2025,67
08,Kalmar,SK,90,1,2025,34
08,Kalmar,SK,90,2,2025,46
08,Kalmar,SK,91,1,2025,27
08,Kalmar,SK,91,2,2025,41
08,Kalmar,SK,92,1,2025,18
08,Kalmar,SK,92,2,2025,27
08,Kalmar,SK,93,1,2025,16
08,Kalmar,SK,93,2,2025,20
08,Kalmar,SK,94,1,2025,5
08,Kalmar,SK,94,2,2025,24
08,Kalmar,SK,95,1,2025,3
08,Kalmar,SK,95,2,2025,15
08,Kalmar,SK,96,1,2025,6
08,Kalmar,SK,96,2,2025,8
08,Kalmar,SK,97,1,2025,0
08,Kalmar,SK,97,2,2025,5
08,Kalmar,SK,98,1,2025,0
08,Kalmar,SK,98,2,2025,6
08,Kalmar,SK,99,1,2025,0
08,Kalmar,SK,99,2,2025,6
08,Kalmar,SK,100+1,1,2025,0
08,Kalmar,SK,100+1,2,2025,8
09,Gotland,OG,0,1,2025,225
09,Gotland,OG,0,2,2025,238
09,Gotland,OG,1,1,2025,227
09,Gotland,OG,1,2,2025,189
09,Gotland,OG,2,1,2025,232
09,Gotland,OG,2,2,2025,252
09,Gotland,OG,3,1,2025,246
09,Gotland,OG,3,2,2025,247
09,Gotland,OG,4,1,2025,302
09,Gotland,OG,4,2,2025,268
09,Gotland,OG,5,1,2025,267
09,Gotland,OG,5,2,2025,279
09,Gotland,OG,6,1,2025,318
09,Gotland,OG,6,2,2025,282
09,Gotland,OG,7,1,2025,306
09,Gotland,OG,7,2,2025,312
09,Gotland,OG,8,1,2025,365
09,Gotland,OG,8,2,2025,301
09,Gotland,OG,9,1,2025,324
09,Gotland,OG,9,2,2025,354
09,Gotland,OG,10,1,2025,330
09,Gotland,OG,10,2,2025,279
09,Gotland,OG,11,1,2025,370
09,Gotland,OG,11,2,2025,322
09,Gotland,OG,12,1,2025,351
09,Gotland,OG,12,2,2025,323
09,Gotland,OG,13,1,2025,346
09,Gotland,OG,13,2,2025,345
09,Gotland,OG,14,1,2025,334
09,Gotland,OG,14,2,2025,351
09,Gotland,OG,15,1,2025,356
09,Gotland,OG,15,2,2025,376
09,Gotland,OG,16,1,2025,371
09,Gotland,OG,16,2,2025,348
09,Gotland,OG,17,1,2025,351
09,Gotland,OG,17,2,2025,324
09,Gotland,OG,18,1,2025,327
09,Gotland,OG,18,2,2025,285
09,Gotland,OG,19,1,2025,355
09,Gotland,OG,19,2,2025,343
09,Gotland,OG,20,1,2025,372
09,Gotland,OG,20,2,2025,337
09,Gotland,OG,21,1,2025,357
09,Gotland,OG,21,2,2025,297
09,Gotland,OG,22,1,2025,295
09,Gotland,OG,22,2,2025,284
09,Gotland,OG,23,1,2025,330
09,Gotland,OG,23,2,2025,256
09,Gotland,OG,24,1,2025,269
09,Gotland,OG,24,2,2025,233
09,Gotland,OG,25,1,2025,281
09,Gotland,OG,25,2,2025,219
09,Gotland,OG,26,1,2025,301
09,Gotland,OG,26,2,2025,230
09,Gotland,OG,27,1,2025,245
09,Gotland,OG,27,2,2025,172
09,Gotland,OG,28,1,2025,281
09,Gotland,OG,28,2,2025,216
09,Gotland,OG,29,1,2025,265
09,Gotland,OG,29,2,2025,228
09,Gotland,OG,30,1,2025,252
09,Gotland,OG,30,2,2025,248
09,Gotland,OG,31,1,2025,296
09,Gotland,OG,31,2,2025,249
09,Gotland,OG,32,1,2025,326
09,Gotland,OG,32,2,2025,263
09,Gotland,OG,33,1,2025,308
09,Gotland,OG,33,2,2025,247
09,Gotland,OG,34,1,2025,306
09,Gotland,OG,34,2,2025,231
09,Gotland,OG,35,1,2025,313
09,Gotland,OG,35,2,2025,274
09,Gotland,OG,36,1,2025,269
09,Gotland,OG,36,2,2025,235
09,Gotland,OG,37,1,2025,245
09,Gotland,OG,37,2,2025,216
09,Gotland,OG,38,1,2025,203
09,Gotland,OG,38,2,2025,183
09,Gotland,OG,39,1,2025,190
09,Gotland,OG,39,2,2025,169
09,Gotland,OG,40,1,2025,161
09,Gotland,OG,40,2,2025,175
09,Gotland,OG,41,1,2025,176
09,Gotland,OG,41,2,2025,157
09,Gotland,OG,42,1,2025,171
09,Gotland,OG,42,2,2025,131
09,Gotland,OG,43,1,2025,172
09,Gotland,OG,43,2,2025,166
09,Gotland,OG,44,1,2025,170
09,Gotland,OG,44,2,2025,137
09,Gotland,OG,45,1,2025,169
09,Gotland,OG,45,2,2025,131
09,Gotland,OG,46,1,2025,132
09,Gotland,OG,46,2,2025,157
09,Gotland,OG,47,1,2025,128
09,Gotland,OG,47,2,2025,109
09,Gotland,OG,48,1,2025,160
09,Gotland,OG,48,2,2025,132
09,Gotland,OG,49,1,2025,130
09,Gotland,OG,49,2,2025,111
09,Gotland,OG,50,1,2025,175
09,Gotland,OG,50,2,2025,131
09,Gotland,OG,51,1,2025,151
09,Gotland,OG,51,2,2025,131
09,Gotland,OG,52,1,2025,149
09,Gotland,OG,52,2,2025,113
09,Gotland,OG,53,1,2025,125
09,Gotland,OG,53,2,2025,155
09,Gotland,OG,54,1,2025,147
09,Gotland,OG,54,2,2025,113
09,Gotland,OG,55,1,2025,109
09,Gotland,OG,55,2,2025,126
09,Gotland,OG,56,1,2025,127
09,Gotland,OG,56,2,2025,120
09,Gotland,OG,57,1,2025,126
09,Gotland,OG,57,2,2025,109
09,Gotland,OG,58,1,2025,142
09,Gotland,OG,58,2,2025,156
09,Gotland,OG,59,1,2025,144
09,Gotland,OG,59,2,2025,142
09,Gotland,OG,60,1,2025,141
09,Gotland,OG,60,2,2025,129
09,Gotland,OG,61,1,2025,154
09,Gotland,OG,61,2,2025,125
09,Gotland,OG,62,1,2025,140
09,Gotland,OG,62,2,2025,123
09,Gotland,OG,63,1,2025,134
09,Gotland,OG,63,2,2025,107
09,Gotland,OG,64,1,2025,103
09,Gotland,OG,64,2,2025,120
09,Gotland,OG,65,1,2025,115
09,Gotland,OG,65,2,2025,96
09,Gotland,OG,66,1,2025,110
09,Gotland,OG,66,2,2025,100
09,Gotland,OG,67,1,2025,119
09,Gotland,OG,67,2,2025,104
09,Gotland,OG,68,1,2025,110
09,Gotland,OG,68,2,2025,81
09,Gotland,OG,69,1,2025,116
09,Gotland,OG,69,2,2025,89
09,Gotland,OG,70,1,2025,115
09,Gotland,OG,70,2,2025,93
09,Gotland,OG,71,1,2025,85
09,Gotland,OG,71,2,2025,85
09,Gotland,OG,72,1,2025,92
09,Gotland,OG,72,2,2025,73
09,Gotland,OG,73,1,2025,101
09,Gotland,OG,73,2,2025,62
09,Gotland,OG,74,1,2025,80
09,Gotland,OG,74,2,2025,58
09,Gotland,OG,75,1,2025,89
09,Gotland,OG,75,2,2025,59
09,Gotland,OG,76,1,2025,70
09,Gotland,OG,76,2,2025,47
09,Gotland,OG,77,1,2025,51
09,Gotland,OG,77,2,2025,48
09,Gotland,OG,78,1,2025,56
09,Gotland,OG,78,2,2025,40
09,Gotland,OG,79,1,2025,48
09,Gotland,OG,79,2,2025,50
09,Gotland,OG,80,1,2025,51
09,Gotland,OG,80,2,2025,37
09,Gotland,OG,81,1,2025,30
09,Gotland,OG,81,2,2025,29
09,Gotland,OG,82,1,2025,36
09,Gotland,OG,82,2,2025,32
09,Gotland,OG,83,1,2025,25
09,Gotland,OG,83,2,2025,25
09,Gotland,OG,84,1,2025,19
09,Gotland,OG,84,2,2025,19
09,Gotland,OG,85,1,2025,21
09,Gotland,OG,85,2,2025,15
09,Gotland,OG,86,1,2025,9
09,Gotland,OG,86,2,2025,14
09,Gotland,OG,87,1,2025,11
09,Gotland,OG,87,2,2025,14
09,Gotland,OG,88,1,2025,6
09,Gotland,OG,88,2,2025,7
09,Gotland,OG,89,1,2025,3
09,Gotland,OG,89,2,2025,7
09,Gotland,OG,90,1,2025,11
09,Gotland,OG,90,2,2025,6
09,Gotland,OG,91,1,2025,4
09,Gotland,OG,91,2,2025,7
09,Gotland,OG,92,1,2025,3
09,Gotland,OG,92,2,2025,4
09,Gotland,OG,93,1,2025,0
09,Gotland,OG,93,2,2025,3
09,Gotland,OG,94,1,2025,0
09,Gotland,OG,94,2,2025,0
09,Gotland,OG,95,1,2025,0
09,Gotland,OG,95,2,2025,3
09,Gotland,OG,96,1,2025,0
09,Gotland,OG,96,2,2025,0
09,Gotland,OG,97,1,2025,0
09,Gotland,OG,97,2,2025,0
09,Gotland,OG,98,1,2025,0
09,Gotland,OG,98,2,2025,0
09,Gotland,OG,99,1,2025,0
09,Gotland,OG,99,2,2025,0
09,Gotland,OG,100+1,1,2025,0
09,Gotland,OG,100+1,2,2025,0
09,Gotland,G,0,1,2025,0
09,Gotland,G,0,2,2025,0
09,Gotland,G,1,1,2025,0
09,Gotland,G,1,2,2025,0
09,Gotland,G,2,1,2025,0
09,Gotland,G,2,2,2025,0
09,Gotland,G,3,1,2025,0
09,Gotland,G,3,2,2025,0
09,Gotland,G,4,1,2025,0
09,Gotland,G,4,2,2025,0
09,Gotland,G,5,1,2025,0
09,Gotland,G,5,2,2025,0
09,Gotland,G,6,1,2025,0
09,Gotland,G,6,2,2025,0
09,Gotland,G,7,1,2025,0
09,Gotland,G,7,2,2025,0
09,Gotland,G,8,1,2025,0
09,Gotland,G,8,2,2025,0
09,Gotland,G,9,1,2025,0
09,Gotland,G,9,2,2025,0
09,Gotland,G,10,1,2025,0
09,Gotland,G,10,2,2025,0
09,Gotland,G,11,1,2025,0
09,Gotland,G,11,2,2025,0
09,Gotland,G,12,1,2025,0
09,Gotland,G,12,2,2025,0
09,Gotland,G,13,1,2025,0
09,Gotland,G,13,2,2025,0
09,Gotland,G,14,1,2025,0
09,Gotland,G,14,2,2025,0
09,Gotland,G,15,1,2025,0
09,Gotland,G,15,2,2025,0
09,Gotland,G,16,1,2025,0
09,Gotland,G,16,2,2025,0
09,Gotland,G,17,1,2025,0
09,Gotland,G,17,2,2025,0
09,Gotland,G,18,1,2025,0
09,Gotland,G,18,2,2025,3
09,Gotland,G,19,1,2025,0
09,Gotland,G,19,2,2025,0
09,Gotland,G,20,1,2025,0
09,Gotland,G,20,2,2025,3
09,Gotland,G,21,1,2025,3
09,Gotland,G,21,2,2025,0
09,Gotland,G,22,1,2025,0
09,Gotland,G,22,2,2025,9
09,Gotland,G,23,1,2025,6
09,Gotland,G,23,2,2025,5
09,Gotland,G,24,1,2025,9
09,Gotland,G,24,2,2025,10
09,Gotland,G,25,1,2025,5
09,Gotland,G,25,2,2025,9
09,Gotland,G,26,1,2025,27
09,Gotland,G,26,2,2025,25
09,Gotland,G,27,1,2025,11
09,Gotland,G,27,2,2025,22
09,Gotland,G,28,1,2025,22
09,Gotland,G,28,2,2025,39
09,Gotland,G,29,1,2025,24
09,Gotland,G,29,2,2025,35
09,Gotland,G,30,1,2025,43
09,Gotland,G,30,2,2025,63
09,Gotland,G,31,1,2025,44
09,Gotland,G,31,2,2025,58
09,Gotland,G,32,1,2025,59
09,Gotland,G,32,2,2025,62
09,Gotland,G,33,1,2025,63
09,Gotland,G,33,2,2025,85
09,Gotland,G,34,1,2025,68
09,Gotland,G,34,2,2025,104
09,Gotland,G,35,1,2025,112
09,Gotland,G,35,2,2025,122
09,Gotland,G,36,1,2025,90
09,Gotland,G,36,2,2025,129
09,Gotland,G,37,1,2025,125
09,Gotland,G,37,2,2025,158
09,Gotland,G,38,1,2025,112
09,Gotland,G,38,2,2025,149
09,Gotland,G,39,1,2025,115
09,Gotland,G,39,2,2025,142
09,Gotland,G,40,1,2025,135
09,Gotland,G,40,2,2025,145
09,Gotland,G,41,1,2025,130
09,Gotland,G,41,2,2025,129
09,Gotland,G,42,1,2025,135
09,Gotland,G,42,2,2025,146
09,Gotland,G,43,1,2025,126
09,Gotland,G,43,2,2025,138
09,Gotland,G,44,1,2025,139
09,Gotland,G,44,2,2025,183
09,Gotland,G,45,1,2025,155
09,Gotland,G,45,2,2025,148
09,Gotland,G,46,1,2025,130
09,Gotland,G,46,2,2025,171
09,Gotland,G,47,1,2025,159
09,Gotland,G,47,2,2025,155
09,Gotland,G,48,1,2025,127
09,Gotland,G,48,2,2025,156
09,Gotland,G,49,1,2025,147
09,Gotland,G,49,2,2025,165
09,Gotland,G,50,1,2025,165
09,Gotland,G,50,2,2025,143
09,Gotland,G,51,1,2025,184
09,Gotland,G,51,2,2025,188
09,Gotland,G,52,1,2025,171
09,Gotland,G,52,2,2025,174
09,Gotland,G,53,1,2025,180
09,Gotland,G,53,2,2025,197
09,Gotland,G,54,1,2025,172
09,Gotland,G,54,2,2025,198
09,Gotland,G,55,1,2025,177
09,Gotland,G,55,2,2025,183
09,Gotland,G,56,1,2025,178
09,Gotland,G,56,2,2025,179
09,Gotland,G,57,1,2025,201
09,Gotland,G,57,2,2025,173
09,Gotland,G,58,1,2025,215
09,Gotland,G,58,2,2025,222
09,Gotland,G,59,1,2025,215
09,Gotland,G,59,2,2025,209
09,Gotland,G,60,1,2025,209
09,Gotland,G,60,2,2025,217
09,Gotland,G,61,1,2025,202
09,Gotland,G,61,2,2025,198
09,Gotland,G,62,1,2025,206
09,Gotland,G,62,2,2025,214
09,Gotland,G,63,1,2025,197
09,Gotland,G,63,2,2025,225
09,Gotland,G,64,1,2025,176
09,Gotland,G,64,2,2025,206
09,Gotland,G,65,1,2025,167
09,Gotland,G,65,2,2025,208
09,Gotland,G,66,1,2025,200
09,Gotland,G,66,2,2025,186
09,Gotland,G,67,1,2025,204
09,Gotland,G,67,2,2025,204
09,Gotland,G,68,1,2025,219
09,Gotland,G,68,2,2025,190
09,Gotland,G,69,1,2025,208
09,Gotland,G,69,2,2025,226
09,Gotland,G,70,1,2025,212
09,Gotland,G,70,2,2025,204
09,Gotland,G,71,1,2025,212
09,Gotland,G,71,2,2025,199
09,Gotland,G,72,1,2025,200
09,Gotland,G,72,2,2025,217
09,Gotland,G,73,1,2025,219
09,Gotland,G,73,2,2025,196
09,Gotland,G,74,1,2025,195
09,Gotland,G,74,2,2025,200
09,Gotland,G,75,1,2025,219
09,Gotland,G,75,2,2025,202
09,Gotland,G,76,1,2025,217
09,Gotland,G,76,2,2025,160
09,Gotland,G,77,1,2025,211
09,Gotland,G,77,2,2025,177
09,Gotland,G,78,1,2025,232
09,Gotland,G,78,2,2025,162
09,Gotland,G,79,1,2025,190
09,Gotland,G,79,2,2025,206
09,Gotland,G,80,1,2025,205
09,Gotland,G,80,2,2025,164
09,Gotland,G,81,1,2025,167
09,Gotland,G,81,2,2025,115
09,Gotland,G,82,1,2025,170
09,Gotland,G,82,2,2025,123
09,Gotland,G,83,1,2025,148
09,Gotland,G,83,2,2025,96
09,Gotland,G,84,1,2025,103
09,Gotland,G,84,2,2025,70
09,Gotland,G,85,1,2025,99
09,Gotland,G,85,2,2025,65
09,Gotland,G,86,1,2025,106
09,Gotland,G,86,2,2025,51
09,Gotland,G,87,1,2025,49
09,Gotland,G,87,2,2025,40
09,Gotland,G,88,1,2025,70
09,Gotland,G,88,2,2025,34
09,Gotland,G,89,1,2025,59
09,Gotland,G,89,2,2025,25
09,Gotland,G,90,1,2025,38
09,Gotland,G,90,2,2025,18
09,Gotland,G,91,1,2025,23
09,Gotland,G,91,2,2025,8
09,Gotland,G,92,1,2025,13
09,Gotland,G,92,2,2025,5
09,Gotland,G,93,1,2025,12
09,Gotland,G,93,2,2025,3
09,Gotland,G,94,1,2025,7
09,Gotland,G,94,2,2025,4
09,Gotland,G,95,1,2025,7
09,Gotland,G,95,2,2025,0
09,Gotland,G,96,1,2025,0
09,Gotland,G,96,2,2025,6
09,Gotland,G,97,1,2025,3
09,Gotland,G,97,2,2025,0
09,Gotland,G,98,1,2025,0
09,Gotland,G,98,2,2025,0
09,Gotland,G,99,1,2025,0
09,Gotland,G,99,2,2025,0
09,Gotland,G,100+1,1,2025,0
09,Gotland,G,100+1,2,2025,0
09,Gotland,ÄNKL,0,1,2025,0
09,Gotland,ÄNKL,0,2,2025,0
09,Gotland,ÄNKL,1,1,2025,0
09,Gotland,ÄNKL,1,2,2025,0
09,Gotland,ÄNKL,2,1,2025,0
09,Gotland,ÄNKL,2,2,2025,0
09,Gotland,ÄNKL,3,1,2025,0
09,Gotland,ÄNKL,3,2,2025,0
09,Gotland,ÄNKL,4,1,2025,0
09,Gotland,ÄNKL,4,2,2025,0
09,Gotland,ÄNKL,5,1,2025,0
09,Gotland,ÄNKL,5,2,2025,0
09,Gotland,ÄNKL,6,1,2025,0
09,Gotland,ÄNKL,6,2,2025,0
09,Gotland,ÄNKL,7,1,2025,0
09,Gotland,ÄNKL,7,2,2025,0
09,Gotland,ÄNKL,8,1,2025,0
09,Gotland,ÄNKL,8,2,2025,0
09,Gotland,ÄNKL,9,1,2025,0
09,Gotland,ÄNKL,9,2,2025,0
09,Gotland,ÄNKL,10,1,2025,0
09,Gotland,ÄNKL,10,2,2025,0
09,Gotland,ÄNKL,11,1,2025,0
09,Gotland,ÄNKL,11,2,2025,0
09,Gotland,ÄNKL,12,1,2025,0
09,Gotland,ÄNKL,12,2,2025,0
09,Gotland,ÄNKL,13,1,2025,0
09,Gotland,ÄNKL,13,2,2025,0
09,Gotland,ÄNKL,14,1,2025,0
09,Gotland,ÄNKL,14,2,2025,0
09,Gotland,ÄNKL,15,1,2025,0
09,Gotland,ÄNKL,15,2,2025,0
09,Gotland,ÄNKL,16,1,2025,0
09,Gotland,ÄNKL,16,2,2025,0
09,Gotland,ÄNKL,17,1,2025,0
09,Gotland,ÄNKL,17,2,2025,0
09,Gotland,ÄNKL,18,1,2025,0
09,Gotland,ÄNKL,18,2,2025,0
09,Gotland,ÄNKL,19,1,2025,0
09,Gotland,ÄNKL,19,2,2025,0
09,Gotland,ÄNKL,20,1,2025,0
09,Gotland,ÄNKL,20,2,2025,0
09,Gotland,ÄNKL,21,1,2025,0
09,Gotland,ÄNKL,21,2,2025,0
09,Gotland,ÄNKL,22,1,2025,0
09,Gotland,ÄNKL,22,2,2025,0
09,Gotland,ÄNKL,23,1,2025,0
09,Gotland,ÄNKL,23,2,2025,0
09,Gotland,ÄNKL,24,1,2025,0
09,Gotland,ÄNKL,24,2,2025,0
09,Gotland,ÄNKL,25,1,2025,0
09,Gotland,ÄNKL,25,2,2025,0
09,Gotland,ÄNKL,26,1,2025,0
09,Gotland,ÄNKL,26,2,2025,0
09,Gotland,ÄNKL,27,1,2025,0
09,Gotland,ÄNKL,27,2,2025,0
09,Gotland,ÄNKL,28,1,2025,0
09,Gotland,ÄNKL,28,2,2025,0
09,Gotland,ÄNKL,29,1,2025,0
09,Gotland,ÄNKL,29,2,2025,3
09,Gotland,ÄNKL,30,1,2025,0
09,Gotland,ÄNKL,30,2,2025,0
09,Gotland,ÄNKL,31,1,2025,0
09,Gotland,ÄNKL,31,2,2025,0
09,Gotland,ÄNKL,32,1,2025,0
09,Gotland,ÄNKL,32,2,2025,0
09,Gotland,ÄNKL,33,1,2025,0
09,Gotland,ÄNKL,33,2,2025,0
09,Gotland,ÄNKL,34,1,2025,0
09,Gotland,ÄNKL,34,2,2025,0
09,Gotland,ÄNKL,35,1,2025,0
09,Gotland,ÄNKL,35,2,2025,0
09,Gotland,ÄNKL,36,1,2025,0
09,Gotland,ÄNKL,36,2,2025,0
09,Gotland,ÄNKL,37,1,2025,0
09,Gotland,ÄNKL,37,2,2025,3
09,Gotland,ÄNKL,38,1,2025,0
09,Gotland,ÄNKL,38,2,2025,0
09,Gotland,ÄNKL,39,1,2025,3
09,Gotland,ÄNKL,39,2,2025,0
09,Gotland,ÄNKL,40,1,2025,4
09,Gotland,ÄNKL,40,2,2025,0
09,Gotland,ÄNKL,41,1,2025,0
09,Gotland,ÄNKL,41,2,2025,0
09,Gotland,ÄNKL,42,1,2025,0
09,Gotland,ÄNKL,42,2,2025,0
09,Gotland,ÄNKL,43,1,2025,0
09,Gotland,ÄNKL,43,2,2025,0
09,Gotland,ÄNKL,44,1,2025,0
09,Gotland,ÄNKL,44,2,2025,3
09,Gotland,ÄNKL,45,1,2025,0
09,Gotland,ÄNKL,45,2,2025,3
09,Gotland,ÄNKL,46,1,2025,0
09,Gotland,ÄNKL,46,2,2025,4
09,Gotland,ÄNKL,47,1,2025,0
09,Gotland,ÄNKL,47,2,2025,3
09,Gotland,ÄNKL,48,1,2025,0
09,Gotland,ÄNKL,48,2,2025,3
09,Gotland,ÄNKL,49,1,2025,5
09,Gotland,ÄNKL,49,2,2025,0
09,Gotland,ÄNKL,50,1,2025,0
09,Gotland,ÄNKL,50,2,2025,0
09,Gotland,ÄNKL,51,1,2025,0
09,Gotland,ÄNKL,51,2,2025,3
09,Gotland,ÄNKL,52,1,2025,0
09,Gotland,ÄNKL,52,2,2025,4
09,Gotland,ÄNKL,53,1,2025,3
09,Gotland,ÄNKL,53,2,2025,7
09,Gotland,ÄNKL,54,1,2025,0
09,Gotland,ÄNKL,54,2,2025,0
09,Gotland,ÄNKL,55,1,2025,0
09,Gotland,ÄNKL,55,2,2025,7
09,Gotland,ÄNKL,56,1,2025,6
09,Gotland,ÄNKL,56,2,2025,5
09,Gotland,ÄNKL,57,1,2025,3
09,Gotland,ÄNKL,57,2,2025,7
09,Gotland,ÄNKL,58,1,2025,0
09,Gotland,ÄNKL,58,2,2025,9
09,Gotland,ÄNKL,59,1,2025,4
09,Gotland,ÄNKL,59,2,2025,9
09,Gotland,ÄNKL,60,1,2025,7
09,Gotland,ÄNKL,60,2,2025,12
09,Gotland,ÄNKL,61,1,2025,0
09,Gotland,ÄNKL,61,2,2025,11
09,Gotland,ÄNKL,62,1,2025,5
09,Gotland,ÄNKL,62,2,2025,9
09,Gotland,ÄNKL,63,1,2025,3
09,Gotland,ÄNKL,63,2,2025,23
09,Gotland,ÄNKL,64,1,2025,5
09,Gotland,ÄNKL,64,2,2025,13
09,Gotland,ÄNKL,65,1,2025,3
09,Gotland,ÄNKL,65,2,2025,21
09,Gotland,ÄNKL,66,1,2025,3
09,Gotland,ÄNKL,66,2,2025,19
09,Gotland,ÄNKL,67,1,2025,5
09,Gotland,ÄNKL,67,2,2025,25
09,Gotland,ÄNKL,68,1,2025,9
09,Gotland,ÄNKL,68,2,2025,32
09,Gotland,ÄNKL,69,1,2025,11
09,Gotland,ÄNKL,69,2,2025,31
09,Gotland,ÄNKL,70,1,2025,7
09,Gotland,ÄNKL,70,2,2025,31
09,Gotland,ÄNKL,71,1,2025,7
09,Gotland,ÄNKL,71,2,2025,46
09,Gotland,ÄNKL,72,1,2025,12
09,Gotland,ÄNKL,72,2,2025,47
09,Gotland,ÄNKL,73,1,2025,22
09,Gotland,ÄNKL,73,2,2025,56
09,Gotland,ÄNKL,74,1,2025,15
09,Gotland,ÄNKL,74,2,2025,56
09,Gotland,ÄNKL,75,1,2025,25
09,Gotland,ÄNKL,75,2,2025,51
09,Gotland,ÄNKL,76,1,2025,27
09,Gotland,ÄNKL,76,2,2025,53
09,Gotland,ÄNKL,77,1,2025,28
09,Gotland,ÄNKL,77,2,2025,74
09,Gotland,ÄNKL,78,1,2025,34
09,Gotland,ÄNKL,78,2,2025,77
09,Gotland,ÄNKL,79,1,2025,31
09,Gotland,ÄNKL,79,2,2025,90
09,Gotland,ÄNKL,80,1,2025,47
09,Gotland,ÄNKL,80,2,2025,94
09,Gotland,ÄNKL,81,1,2025,39
09,Gotland,ÄNKL,81,2,2025,115
09,Gotland,ÄNKL,82,1,2025,42
09,Gotland,ÄNKL,82,2,2025,102
09,Gotland,ÄNKL,83,1,2025,29
09,Gotland,ÄNKL,83,2,2025,110
09,Gotland,ÄNKL,84,1,2025,33
09,Gotland,ÄNKL,84,2,2025,98
09,Gotland,ÄNKL,85,1,2025,25
09,Gotland,ÄNKL,85,2,2025,97
09,Gotland,ÄNKL,86,1,2025,32
09,Gotland,ÄNKL,86,2,2025,92
09,Gotland,ÄNKL,87,1,2025,21
09,Gotland,ÄNKL,87,2,2025,86
09,Gotland,ÄNKL,88,1,2025,19
09,Gotland,ÄNKL,88,2,2025,83
09,Gotland,ÄNKL,89,1,2025,29
09,Gotland,ÄNKL,89,2,2025,70
09,Gotland,ÄNKL,90,1,2025,31
09,Gotland,ÄNKL,90,2,2025,82
09,Gotland,ÄNKL,91,1,2025,17
09,Gotland,ÄNKL,91,2,2025,69
09,Gotland,ÄNKL,92,1,2025,13
09,Gotland,ÄNKL,92,2,2025,68
09,Gotland,ÄNKL,93,1,2025,11
09,Gotland,ÄNKL,93,2,2025,58
09,Gotland,ÄNKL,94,1,2025,12
09,Gotland,ÄNKL,94,2,2025,47
09,Gotland,ÄNKL,95,1,2025,7
09,Gotland,ÄNKL,95,2,2025,30
09,Gotland,ÄNKL,96,1,2025,3
09,Gotland,ÄNKL,96,2,2025,23
09,Gotland,ÄNKL,97,1,2025,3
09,Gotland,ÄNKL,97,2,2025,21
09,Gotland,ÄNKL,98,1,2025,3
09,Gotland,ÄNKL,98,2,2025,17
09,Gotland,ÄNKL,99,1,2025,3
09,Gotland,ÄNKL,99,2,2025,8
09,Gotland,ÄNKL,100+1,1,2025,0
09,Gotland,ÄNKL,100+1,2,2025,10
09,Gotland,SK,0,1,2025,0
09,Gotland,SK,0,2,2025,0
09,Gotland,SK,1,1,2025,0
09,Gotland,SK,1,2,2025,0
09,Gotland,SK,2,1,2025,0
09,Gotland,SK,2,2,2025,0
09,Gotland,SK,3,1,2025,0
09,Gotland,SK,3,2,2025,0
09,Gotland,SK,4,1,2025,0
09,Gotland,SK,4,2,2025,0
09,Gotland,SK,5,1,2025,0
09,Gotland,SK,5,2,2025,0
09,Gotland,SK,6,1,2025,0
09,Gotland,SK,6,2,2025,0
09,Gotland,SK,7,1,2025,0
09,Gotland,SK,7,2,2025,0
09,Gotland,SK,8,1,2025,0
09,Gotland,SK,8,2,2025,0
09,Gotland,SK,9,1,2025,0
09,Gotland,SK,9,2,2025,0
09,Gotland,SK,10,1,2025,0
09,Gotland,SK,10,2,2025,0
09,Gotland,SK,11,1,2025,0
09,Gotland,SK,11,2,2025,0
09,Gotland,SK,12,1,2025,0
09,Gotland,SK,12,2,2025,0
09,Gotland,SK,13,1,2025,0
09,Gotland,SK,13,2,2025,0
09,Gotland,SK,14,1,2025,0
09,Gotland,SK,14,2,2025,0
09,Gotland,SK,15,1,2025,0
09,Gotland,SK,15,2,2025,0
09,Gotland,SK,16,1,2025,0
09,Gotland,SK,16,2,2025,0
09,Gotland,SK,17,1,2025,0
09,Gotland,SK,17,2,2025,0
09,Gotland,SK,18,1,2025,0
09,Gotland,SK,18,2,2025,0
09,Gotland,SK,19,1,2025,0
09,Gotland,SK,19,2,2025,0
09,Gotland,SK,20,1,2025,0
09,Gotland,SK,20,2,2025,0
09,Gotland,SK,21,1,2025,0
09,Gotland,SK,21,2,2025,0
09,Gotland,SK,22,1,2025,0
09,Gotland,SK,22,2,2025,0
09,Gotland,SK,23,1,2025,0
09,Gotland,SK,23,2,2025,0
09,Gotland,SK,24,1,2025,0
09,Gotland,SK,24,2,2025,0
09,Gotland,SK,25,1,2025,0
09,Gotland,SK,25,2,2025,0
09,Gotland,SK,26,1,2025,3
09,Gotland,SK,26,2,2025,0
09,Gotland,SK,27,1,2025,0
09,Gotland,SK,27,2,2025,4
09,Gotland,SK,28,1,2025,0
09,Gotland,SK,28,2,2025,0
09,Gotland,SK,29,1,2025,3
09,Gotland,SK,29,2,2025,3
09,Gotland,SK,30,1,2025,0
09,Gotland,SK,30,2,2025,4
09,Gotland,SK,31,1,2025,0
09,Gotland,SK,31,2,2025,4
09,Gotland,SK,32,1,2025,5
09,Gotland,SK,32,2,2025,11
09,Gotland,SK,33,1,2025,3
09,Gotland,SK,33,2,2025,9
09,Gotland,SK,34,1,2025,10
09,Gotland,SK,34,2,2025,8
09,Gotland,SK,35,1,2025,16
09,Gotland,SK,35,2,2025,18
09,Gotland,SK,36,1,2025,9
09,Gotland,SK,36,2,2025,14
09,Gotland,SK,37,1,2025,10
09,Gotland,SK,37,2,2025,23
09,Gotland,SK,38,1,2025,20
09,Gotland,SK,38,2,2025,24
09,Gotland,SK,39,1,2025,15
09,Gotland,SK,39,2,2025,32
09,Gotland,SK,40,1,2025,21
09,Gotland,SK,40,2,2025,28
09,Gotland,SK,41,1,2025,17
09,Gotland,SK,41,2,2025,31
09,Gotland,SK,42,1,2025,23
09,Gotland,SK,42,2,2025,40
09,Gotland,SK,43,1,2025,27
09,Gotland,SK,43,2,2025,37
09,Gotland,SK,44,1,2025,21
09,Gotland,SK,44,2,2025,37
09,Gotland,SK,45,1,2025,37
09,Gotland,SK,45,2,2025,54
09,Gotland,SK,46,1,2025,35
09,Gotland,SK,46,2,2025,45
09,Gotland,SK,47,1,2025,29
09,Gotland,SK,47,2,2025,48
09,Gotland,SK,48,1,2025,42
09,Gotland,SK,48,2,2025,52
09,Gotland,SK,49,1,2025,45
09,Gotland,SK,49,2,2025,46
09,Gotland,SK,50,1,2025,41
09,Gotland,SK,50,2,2025,49
09,Gotland,SK,51,1,2025,62
09,Gotland,SK,51,2,2025,61
09,Gotland,SK,52,1,2025,58
09,Gotland,SK,52,2,2025,65
09,Gotland,SK,53,1,2025,52
09,Gotland,SK,53,2,2025,67
09,Gotland,SK,54,1,2025,56
09,Gotland,SK,54,2,2025,79
09,Gotland,SK,55,1,2025,53
09,Gotland,SK,55,2,2025,42
09,Gotland,SK,56,1,2025,65
09,Gotland,SK,56,2,2025,67
09,Gotland,SK,57,1,2025,56
09,Gotland,SK,57,2,2025,84
09,Gotland,SK,58,1,2025,61
09,Gotland,SK,58,2,2025,92
09,Gotland,SK,59,1,2025,85
09,Gotland,SK,59,2,2025,86
09,Gotland,SK,60,1,2025,59
09,Gotland,SK,60,2,2025,96
09,Gotland,SK,61,1,2025,79
09,Gotland,SK,61,2,2025,121
09,Gotland,SK,62,1,2025,56
09,Gotland,SK,62,2,2025,82
09,Gotland,SK,63,1,2025,69
09,Gotland,SK,63,2,2025,76
09,Gotland,SK,64,1,2025,66
09,Gotland,SK,64,2,2025,92
09,Gotland,SK,65,1,2025,87
09,Gotland,SK,65,2,2025,91
09,Gotland,SK,66,1,2025,80
09,Gotland,SK,66,2,2025,81
09,Gotland,SK,67,1,2025,80
09,Gotland,SK,67,2,2025,81
09,Gotland,SK,68,1,2025,76
09,Gotland,SK,68,2,2025,88
09,Gotland,SK,69,1,2025,82
09,Gotland,SK,69,2,2025,91
09,Gotland,SK,70,1,2025,64
09,Gotland,SK,70,2,2025,88
09,Gotland,SK,71,1,2025,52
09,Gotland,SK,71,2,2025,77
09,Gotland,SK,72,1,2025,75
09,Gotland,SK,72,2,2025,86
09,Gotland,SK,73,1,2025,69
09,Gotland,SK,73,2,2025,71
09,Gotland,SK,74,1,2025,64
09,Gotland,SK,74,2,2025,80
09,Gotland,SK,75,1,2025,56
09,Gotland,SK,75,2,2025,78
09,Gotland,SK,76,1,2025,72
09,Gotland,SK,76,2,2025,94
09,Gotland,SK,77,1,2025,59
09,Gotland,SK,77,2,2025,83
09,Gotland,SK,78,1,2025,63
09,Gotland,SK,78,2,2025,77
09,Gotland,SK,79,1,2025,56
09,Gotland,SK,79,2,2025,77
09,Gotland,SK,80,1,2025,61
09,Gotland,SK,80,2,2025,76
09,Gotland,SK,81,1,2025,56
09,Gotland,SK,81,2,2025,79
09,Gotland,SK,82,1,2025,51
09,Gotland,SK,82,2,2025,54
09,Gotland,SK,83,1,2025,44
09,Gotland,SK,83,2,2025,52
09,Gotland,SK,84,1,2025,32
09,Gotland,SK,84,2,2025,49
09,Gotland,SK,85,1,2025,25
09,Gotland,SK,85,2,2025,40
09,Gotland,SK,86,1,2025,24
09,Gotland,SK,86,2,2025,42
09,Gotland,SK,87,1,2025,16
09,Gotland,SK,87,2,2025,32
09,Gotland,SK,88,1,2025,14
09,Gotland,SK,88,2,2025,14
09,Gotland,SK,89,1,2025,11
09,Gotland,SK,89,2,2025,22
09,Gotland,SK,90,1,2025,4
09,Gotland,SK,90,2,2025,20
09,Gotland,SK,91,1,2025,4
09,Gotland,SK,91,2,2025,11
09,Gotland,SK,92,1,2025,3
09,Gotland,SK,92,2,2025,10
09,Gotland,SK,93,1,2025,6
09,Gotland,SK,93,2,2025,4
09,Gotland,SK,94,1,2025,3
09,Gotland,SK,94,2,2025,8
09,Gotland,SK,95,1,2025,3
09,Gotland,SK,95,2,2025,8
09,Gotland,SK,96,1,2025,0
09,Gotland,SK,96,2,2025,0
09,Gotland,SK,97,1,2025,0
09,Gotland,SK,97,2,2025,0
09,Gotland,SK,98,1,2025,0
09,Gotland,SK,98,2,2025,0
09,Gotland,SK,99,1,2025,0
09,Gotland,SK,99,2,2025,0
09,Gotland,SK,100+1,1,2025,3
09,Gotland,SK,100+1,2,2025,0
10,Blekinge,OG,0,1,2025,634
10,Blekinge,OG,0,2,2025,595
10,Blekinge,OG,1,1,2025,625
10,Blekinge,OG,1,2,2025,570
10,Blekinge,OG,2,1,2025,664
10,Blekinge,OG,2,2,2025,662
10,Blekinge,OG,3,1,2025,701
10,Blekinge,OG,3,2,2025,728
10,Blekinge,OG,4,1,2025,814
10,Blekinge,OG,4,2,2025,753
10,Blekinge,OG,5,1,2025,818
10,Blekinge,OG,5,2,2025,733
10,Blekinge,OG,6,1,2025,830
10,Blekinge,OG,6,2,2025,780
10,Blekinge,OG,7,1,2025,847
10,Blekinge,OG,7,2,2025,834
10,Blekinge,OG,8,1,2025,863
10,Blekinge,OG,8,2,2025,774
10,Blekinge,OG,9,1,2025,893
10,Blekinge,OG,9,2,2025,864
10,Blekinge,OG,10,1,2025,890
10,Blekinge,OG,10,2,2025,860
10,Blekinge,OG,11,1,2025,918
10,Blekinge,OG,11,2,2025,904
10,Blekinge,OG,12,1,2025,932
10,Blekinge,OG,12,2,2025,858
10,Blekinge,OG,13,1,2025,929
10,Blekinge,OG,13,2,2025,888
10,Blekinge,OG,14,1,2025,935
10,Blekinge,OG,14,2,2025,945
10,Blekinge,OG,15,1,2025,989
10,Blekinge,OG,15,2,2025,906
10,Blekinge,OG,16,1,2025,997
10,Blekinge,OG,16,2,2025,899
10,Blekinge,OG,17,1,2025,940
10,Blekinge,OG,17,2,2025,878
10,Blekinge,OG,18,1,2025,946
10,Blekinge,OG,18,2,2025,892
10,Blekinge,OG,19,1,2025,1044
10,Blekinge,OG,19,2,2025,916
10,Blekinge,OG,20,1,2025,1136
10,Blekinge,OG,20,2,2025,882
10,Blekinge,OG,21,1,2025,1026
10,Blekinge,OG,21,2,2025,720
10,Blekinge,OG,22,1,2025,1006
10,Blekinge,OG,22,2,2025,689
10,Blekinge,OG,23,1,2025,971
10,Blekinge,OG,23,2,2025,709
10,Blekinge,OG,24,1,2025,905
10,Blekinge,OG,24,2,2025,617
10,Blekinge,OG,25,1,2025,951
10,Blekinge,OG,25,2,2025,606
10,Blekinge,OG,26,1,2025,860
10,Blekinge,OG,26,2,2025,545
10,Blekinge,OG,27,1,2025,772
10,Blekinge,OG,27,2,2025,547
10,Blekinge,OG,28,1,2025,729
10,Blekinge,OG,28,2,2025,534
10,Blekinge,OG,29,1,2025,702
10,Blekinge,OG,29,2,2025,529
10,Blekinge,OG,30,1,2025,760
10,Blekinge,OG,30,2,2025,528
10,Blekinge,OG,31,1,2025,739
10,Blekinge,OG,31,2,2025,551
10,Blekinge,OG,32,1,2025,775
10,Blekinge,OG,32,2,2025,544
10,Blekinge,OG,33,1,2025,721
10,Blekinge,OG,33,2,2025,570
10,Blekinge,OG,34,1,2025,766
10,Blekinge,OG,34,2,2025,575
10,Blekinge,OG,35,1,2025,723
10,Blekinge,OG,35,2,2025,561
10,Blekinge,OG,36,1,2025,638
10,Blekinge,OG,36,2,2025,427
10,Blekinge,OG,37,1,2025,604
10,Blekinge,OG,37,2,2025,410
10,Blekinge,OG,38,1,2025,522
10,Blekinge,OG,38,2,2025,367
10,Blekinge,OG,39,1,2025,496
10,Blekinge,OG,39,2,2025,358
10,Blekinge,OG,40,1,2025,448
10,Blekinge,OG,40,2,2025,323
10,Blekinge,OG,41,1,2025,425
10,Blekinge,OG,41,2,2025,316
10,Blekinge,OG,42,1,2025,410
10,Blekinge,OG,42,2,2025,293
10,Blekinge,OG,43,1,2025,384
10,Blekinge,OG,43,2,2025,279
10,Blekinge,OG,44,1,2025,356
10,Blekinge,OG,44,2,2025,256
10,Blekinge,OG,45,1,2025,386
10,Blekinge,OG,45,2,2025,238
10,Blekinge,OG,46,1,2025,325
10,Blekinge,OG,46,2,2025,279
10,Blekinge,OG,47,1,2025,347
10,Blekinge,OG,47,2,2025,245
10,Blekinge,OG,48,1,2025,340
10,Blekinge,OG,48,2,2025,270
10,Blekinge,OG,49,1,2025,364
10,Blekinge,OG,49,2,2025,267
10,Blekinge,OG,50,1,2025,358
10,Blekinge,OG,50,2,2025,280
10,Blekinge,OG,51,1,2025,330
10,Blekinge,OG,51,2,2025,248
10,Blekinge,OG,52,1,2025,306
10,Blekinge,OG,52,2,2025,279
10,Blekinge,OG,53,1,2025,325
10,Blekinge,OG,53,2,2025,270
10,Blekinge,OG,54,1,2025,317
10,Blekinge,OG,54,2,2025,292
10,Blekinge,OG,55,1,2025,357
10,Blekinge,OG,55,2,2025,256
10,Blekinge,OG,56,1,2025,316
10,Blekinge,OG,56,2,2025,249
10,Blekinge,OG,57,1,2025,360
10,Blekinge,OG,57,2,2025,209
10,Blekinge,OG,58,1,2025,389
10,Blekinge,OG,58,2,2025,254
10,Blekinge,OG,59,1,2025,359
10,Blekinge,OG,59,2,2025,279
10,Blekinge,OG,60,1,2025,346
10,Blekinge,OG,60,2,2025,267
10,Blekinge,OG,61,1,2025,315
10,Blekinge,OG,61,2,2025,225
10,Blekinge,OG,62,1,2025,273
10,Blekinge,OG,62,2,2025,219
10,Blekinge,OG,63,1,2025,280
10,Blekinge,OG,63,2,2025,209
10,Blekinge,OG,64,1,2025,254
10,Blekinge,OG,64,2,2025,175
10,Blekinge,OG,65,1,2025,252
10,Blekinge,OG,65,2,2025,155
10,Blekinge,OG,66,1,2025,240
10,Blekinge,OG,66,2,2025,155
10,Blekinge,OG,67,1,2025,220
10,Blekinge,OG,67,2,2025,167
10,Blekinge,OG,68,1,2025,209
10,Blekinge,OG,68,2,2025,143
10,Blekinge,OG,69,1,2025,210
10,Blekinge,OG,69,2,2025,144
10,Blekinge,OG,70,1,2025,181
10,Blekinge,OG,70,2,2025,142
10,Blekinge,OG,71,1,2025,160
10,Blekinge,OG,71,2,2025,122
10,Blekinge,OG,72,1,2025,140
10,Blekinge,OG,72,2,2025,99
10,Blekinge,OG,73,1,2025,145
10,Blekinge,OG,73,2,2025,110
10,Blekinge,OG,74,1,2025,142
10,Blekinge,OG,74,2,2025,104
10,Blekinge,OG,75,1,2025,136
10,Blekinge,OG,75,2,2025,99
10,Blekinge,OG,76,1,2025,115
10,Blekinge,OG,76,2,2025,76
10,Blekinge,OG,77,1,2025,112
10,Blekinge,OG,77,2,2025,98
10,Blekinge,OG,78,1,2025,112
10,Blekinge,OG,78,2,2025,75
10,Blekinge,OG,79,1,2025,96
10,Blekinge,OG,79,2,2025,82
10,Blekinge,OG,80,1,2025,89
10,Blekinge,OG,80,2,2025,68
10,Blekinge,OG,81,1,2025,76
10,Blekinge,OG,81,2,2025,45
10,Blekinge,OG,82,1,2025,59
10,Blekinge,OG,82,2,2025,46
10,Blekinge,OG,83,1,2025,49
10,Blekinge,OG,83,2,2025,32
10,Blekinge,OG,84,1,2025,34
10,Blekinge,OG,84,2,2025,23
10,Blekinge,OG,85,1,2025,35
10,Blekinge,OG,85,2,2025,24
10,Blekinge,OG,86,1,2025,26
10,Blekinge,OG,86,2,2025,18
10,Blekinge,OG,87,1,2025,21
10,Blekinge,OG,87,2,2025,15
10,Blekinge,OG,88,1,2025,22
10,Blekinge,OG,88,2,2025,16
10,Blekinge,OG,89,1,2025,9
10,Blekinge,OG,89,2,2025,11
10,Blekinge,OG,90,1,2025,10
10,Blekinge,OG,90,2,2025,11
10,Blekinge,OG,91,1,2025,6
10,Blekinge,OG,91,2,2025,12
10,Blekinge,OG,92,1,2025,6
10,Blekinge,OG,92,2,2025,7
10,Blekinge,OG,93,1,2025,6
10,Blekinge,OG,93,2,2025,7
10,Blekinge,OG,94,1,2025,9
10,Blekinge,OG,94,2,2025,0
10,Blekinge,OG,95,1,2025,3
10,Blekinge,OG,95,2,2025,5
10,Blekinge,OG,96,1,2025,3
10,Blekinge,OG,96,2,2025,3
10,Blekinge,OG,97,1,2025,0
10,Blekinge,OG,97,2,2025,0
10,Blekinge,OG,98,1,2025,3
10,Blekinge,OG,98,2,2025,0
10,Blekinge,OG,99,1,2025,0
10,Blekinge,OG,99,2,2025,3
10,Blekinge,OG,100+1,1,2025,0
10,Blekinge,OG,100+1,2,2025,3
10,Blekinge,G,0,1,2025,0
10,Blekinge,G,0,2,2025,0
10,Blekinge,G,1,1,2025,0
10,Blekinge,G,1,2,2025,0
10,Blekinge,G,2,1,2025,0
10,Blekinge,G,2,2,2025,0
10,Blekinge,G,3,1,2025,0
10,Blekinge,G,3,2,2025,0
10,Blekinge,G,4,1,2025,0
10,Blekinge,G,4,2,2025,0
10,Blekinge,G,5,1,2025,0
10,Blekinge,G,5,2,2025,0
10,Blekinge,G,6,1,2025,0
10,Blekinge,G,6,2,2025,0
10,Blekinge,G,7,1,2025,0
10,Blekinge,G,7,2,2025,0
10,Blekinge,G,8,1,2025,0
10,Blekinge,G,8,2,2025,0
10,Blekinge,G,9,1,2025,0
10,Blekinge,G,9,2,2025,0
10,Blekinge,G,10,1,2025,0
10,Blekinge,G,10,2,2025,0
10,Blekinge,G,11,1,2025,0
10,Blekinge,G,11,2,2025,0
10,Blekinge,G,12,1,2025,0
10,Blekinge,G,12,2,2025,0
10,Blekinge,G,13,1,2025,0
10,Blekinge,G,13,2,2025,0
10,Blekinge,G,14,1,2025,0
10,Blekinge,G,14,2,2025,0
10,Blekinge,G,15,1,2025,0
10,Blekinge,G,15,2,2025,0
10,Blekinge,G,16,1,2025,0
10,Blekinge,G,16,2,2025,0
10,Blekinge,G,17,1,2025,0
10,Blekinge,G,17,2,2025,0
10,Blekinge,G,18,1,2025,3
10,Blekinge,G,18,2,2025,3
10,Blekinge,G,19,1,2025,0
10,Blekinge,G,19,2,2025,3
10,Blekinge,G,20,1,2025,0
10,Blekinge,G,20,2,2025,8
10,Blekinge,G,21,1,2025,3
10,Blekinge,G,21,2,2025,13
10,Blekinge,G,22,1,2025,0
10,Blekinge,G,22,2,2025,29
10,Blekinge,G,23,1,2025,14
10,Blekinge,G,23,2,2025,35
10,Blekinge,G,24,1,2025,15
10,Blekinge,G,24,2,2025,56
10,Blekinge,G,25,1,2025,45
10,Blekinge,G,25,2,2025,67
10,Blekinge,G,26,1,2025,69
10,Blekinge,G,26,2,2025,73
10,Blekinge,G,27,1,2025,47
10,Blekinge,G,27,2,2025,130
10,Blekinge,G,28,1,2025,79
10,Blekinge,G,28,2,2025,126
10,Blekinge,G,29,1,2025,106
10,Blekinge,G,29,2,2025,165
10,Blekinge,G,30,1,2025,137
10,Blekinge,G,30,2,2025,205
10,Blekinge,G,31,1,2025,158
10,Blekinge,G,31,2,2025,259
10,Blekinge,G,32,1,2025,206
10,Blekinge,G,32,2,2025,307
10,Blekinge,G,33,1,2025,268
10,Blekinge,G,33,2,2025,344
10,Blekinge,G,34,1,2025,298
10,Blekinge,G,34,2,2025,365
10,Blekinge,G,35,1,2025,307
10,Blekinge,G,35,2,2025,387
10,Blekinge,G,36,1,2025,310
10,Blekinge,G,36,2,2025,400
10,Blekinge,G,37,1,2025,359
10,Blekinge,G,37,2,2025,400
10,Blekinge,G,38,1,2025,353
10,Blekinge,G,38,2,2025,423
10,Blekinge,G,39,1,2025,363
10,Blekinge,G,39,2,2025,475
10,Blekinge,G,40,1,2025,413
10,Blekinge,G,40,2,2025,417
10,Blekinge,G,41,1,2025,432
10,Blekinge,G,41,2,2025,400
10,Blekinge,G,42,1,2025,418
10,Blekinge,G,42,2,2025,424
10,Blekinge,G,43,1,2025,397
10,Blekinge,G,43,2,2025,435
10,Blekinge,G,44,1,2025,433
10,Blekinge,G,44,2,2025,424
10,Blekinge,G,45,1,2025,433
10,Blekinge,G,45,2,2025,462
10,Blekinge,G,46,1,2025,422
10,Blekinge,G,46,2,2025,499
10,Blekinge,G,47,1,2025,442
10,Blekinge,G,47,2,2025,480
10,Blekinge,G,48,1,2025,484
10,Blekinge,G,48,2,2025,472
10,Blekinge,G,49,1,2025,460
10,Blekinge,G,49,2,2025,497
10,Blekinge,G,50,1,2025,458
10,Blekinge,G,50,2,2025,506
10,Blekinge,G,51,1,2025,484
10,Blekinge,G,51,2,2025,488
10,Blekinge,G,52,1,2025,552
10,Blekinge,G,52,2,2025,555
10,Blekinge,G,53,1,2025,494
10,Blekinge,G,53,2,2025,534
10,Blekinge,G,54,1,2025,510
10,Blekinge,G,54,2,2025,534
10,Blekinge,G,55,1,2025,544
10,Blekinge,G,55,2,2025,492
10,Blekinge,G,56,1,2025,544
10,Blekinge,G,56,2,2025,524
10,Blekinge,G,57,1,2025,576
10,Blekinge,G,57,2,2025,514
10,Blekinge,G,58,1,2025,560
10,Blekinge,G,58,2,2025,538
10,Blekinge,G,59,1,2025,605
10,Blekinge,G,59,2,2025,553
10,Blekinge,G,60,1,2025,558
10,Blekinge,G,60,2,2025,556
10,Blekinge,G,61,1,2025,548
10,Blekinge,G,61,2,2025,594
10,Blekinge,G,62,1,2025,498
10,Blekinge,G,62,2,2025,514
10,Blekinge,G,63,1,2025,492
10,Blekinge,G,63,2,2025,480
10,Blekinge,G,64,1,2025,459
10,Blekinge,G,64,2,2025,462
10,Blekinge,G,65,1,2025,483
10,Blekinge,G,65,2,2025,449
10,Blekinge,G,66,1,2025,496
10,Blekinge,G,66,2,2025,465
10,Blekinge,G,67,1,2025,498
10,Blekinge,G,67,2,2025,469
10,Blekinge,G,68,1,2025,486
10,Blekinge,G,68,2,2025,507
10,Blekinge,G,69,1,2025,477
10,Blekinge,G,69,2,2025,484
10,Blekinge,G,70,1,2025,494
10,Blekinge,G,70,2,2025,493
10,Blekinge,G,71,1,2025,564
10,Blekinge,G,71,2,2025,533
10,Blekinge,G,72,1,2025,469
10,Blekinge,G,72,2,2025,472
10,Blekinge,G,73,1,2025,487
10,Blekinge,G,73,2,2025,514
10,Blekinge,G,74,1,2025,506
10,Blekinge,G,74,2,2025,464
10,Blekinge,G,75,1,2025,514
10,Blekinge,G,75,2,2025,482
10,Blekinge,G,76,1,2025,541
10,Blekinge,G,76,2,2025,450
10,Blekinge,G,77,1,2025,520
10,Blekinge,G,77,2,2025,452
10,Blekinge,G,78,1,2025,497
10,Blekinge,G,78,2,2025,418
10,Blekinge,G,79,1,2025,484
10,Blekinge,G,79,2,2025,439
10,Blekinge,G,80,1,2025,479
10,Blekinge,G,80,2,2025,405
10,Blekinge,G,81,1,2025,483
10,Blekinge,G,81,2,2025,341
10,Blekinge,G,82,1,2025,405
10,Blekinge,G,82,2,2025,321
10,Blekinge,G,83,1,2025,401
10,Blekinge,G,83,2,2025,253
10,Blekinge,G,84,1,2025,274
10,Blekinge,G,84,2,2025,198
10,Blekinge,G,85,1,2025,241
10,Blekinge,G,85,2,2025,170
10,Blekinge,G,86,1,2025,199
10,Blekinge,G,86,2,2025,145
10,Blekinge,G,87,1,2025,186
10,Blekinge,G,87,2,2025,117
10,Blekinge,G,88,1,2025,136
10,Blekinge,G,88,2,2025,74
10,Blekinge,G,89,1,2025,119
10,Blekinge,G,89,2,2025,65
10,Blekinge,G,90,1,2025,91
10,Blekinge,G,90,2,2025,41
10,Blekinge,G,91,1,2025,70
10,Blekinge,G,91,2,2025,32
10,Blekinge,G,92,1,2025,51
10,Blekinge,G,92,2,2025,16
10,Blekinge,G,93,1,2025,45
10,Blekinge,G,93,2,2025,9
10,Blekinge,G,94,1,2025,11
10,Blekinge,G,94,2,2025,7
10,Blekinge,G,95,1,2025,12
10,Blekinge,G,95,2,2025,5
10,Blekinge,G,96,1,2025,5
10,Blekinge,G,96,2,2025,3
10,Blekinge,G,97,1,2025,4
10,Blekinge,G,97,2,2025,0
10,Blekinge,G,98,1,2025,9
10,Blekinge,G,98,2,2025,0
10,Blekinge,G,99,1,2025,0
10,Blekinge,G,99,2,2025,0
10,Blekinge,G,100+1,1,2025,0
10,Blekinge,G,100+1,2,2025,0
10,Blekinge,ÄNKL,0,1,2025,0
10,Blekinge,ÄNKL,0,2,2025,0
10,Blekinge,ÄNKL,1,1,2025,0
10,Blekinge,ÄNKL,1,2,2025,0
10,Blekinge,ÄNKL,2,1,2025,0
10,Blekinge,ÄNKL,2,2,2025,0
10,Blekinge,ÄNKL,3,1,2025,0
10,Blekinge,ÄNKL,3,2,2025,0
10,Blekinge,ÄNKL,4,1,2025,0
10,Blekinge,ÄNKL,4,2,2025,0
10,Blekinge,ÄNKL,5,1,2025,0
10,Blekinge,ÄNKL,5,2,2025,0
10,Blekinge,ÄNKL,6,1,2025,0
10,Blekinge,ÄNKL,6,2,2025,0
10,Blekinge,ÄNKL,7,1,2025,0
10,Blekinge,ÄNKL,7,2,2025,0
10,Blekinge,ÄNKL,8,1,2025,0
10,Blekinge,ÄNKL,8,2,2025,0
10,Blekinge,ÄNKL,9,1,2025,0
10,Blekinge,ÄNKL,9,2,2025,0
10,Blekinge,ÄNKL,10,1,2025,0
10,Blekinge,ÄNKL,10,2,2025,0
10,Blekinge,ÄNKL,11,1,2025,0
10,Blekinge,ÄNKL,11,2,2025,0
10,Blekinge,ÄNKL,12,1,2025,0
10,Blekinge,ÄNKL,12,2,2025,0
10,Blekinge,ÄNKL,13,1,2025,0
10,Blekinge,ÄNKL,13,2,2025,0
10,Blekinge,ÄNKL,14,1,2025,0
10,Blekinge,ÄNKL,14,2,2025,0
10,Blekinge,ÄNKL,15,1,2025,0
10,Blekinge,ÄNKL,15,2,2025,0
10,Blekinge,ÄNKL,16,1,2025,0
10,Blekinge,ÄNKL,16,2,2025,0
10,Blekinge,ÄNKL,17,1,2025,0
10,Blekinge,ÄNKL,17,2,2025,0
10,Blekinge,ÄNKL,18,1,2025,0
10,Blekinge,ÄNKL,18,2,2025,0
10,Blekinge,ÄNKL,19,1,2025,0
10,Blekinge,ÄNKL,19,2,2025,0
10,Blekinge,ÄNKL,20,1,2025,0
10,Blekinge,ÄNKL,20,2,2025,0
10,Blekinge,ÄNKL,21,1,2025,0
10,Blekinge,ÄNKL,21,2,2025,0
10,Blekinge,ÄNKL,22,1,2025,0
10,Blekinge,ÄNKL,22,2,2025,0
10,Blekinge,ÄNKL,23,1,2025,0
10,Blekinge,ÄNKL,23,2,2025,0
10,Blekinge,ÄNKL,24,1,2025,0
10,Blekinge,ÄNKL,24,2,2025,0
10,Blekinge,ÄNKL,25,1,2025,0
10,Blekinge,ÄNKL,25,2,2025,0
10,Blekinge,ÄNKL,26,1,2025,0
10,Blekinge,ÄNKL,26,2,2025,0
10,Blekinge,ÄNKL,27,1,2025,0
10,Blekinge,ÄNKL,27,2,2025,0
10,Blekinge,ÄNKL,28,1,2025,0
10,Blekinge,ÄNKL,28,2,2025,0
10,Blekinge,ÄNKL,29,1,2025,0
10,Blekinge,ÄNKL,29,2,2025,0
10,Blekinge,ÄNKL,30,1,2025,0
10,Blekinge,ÄNKL,30,2,2025,0
10,Blekinge,ÄNKL,31,1,2025,0
10,Blekinge,ÄNKL,31,2,2025,0
10,Blekinge,ÄNKL,32,1,2025,0
10,Blekinge,ÄNKL,32,2,2025,0
10,Blekinge,ÄNKL,33,1,2025,0
10,Blekinge,ÄNKL,33,2,2025,0
10,Blekinge,ÄNKL,34,1,2025,3
10,Blekinge,ÄNKL,34,2,2025,7
10,Blekinge,ÄNKL,35,1,2025,0
10,Blekinge,ÄNKL,35,2,2025,3
10,Blekinge,ÄNKL,36,1,2025,0
10,Blekinge,ÄNKL,36,2,2025,3
10,Blekinge,ÄNKL,37,1,2025,0
10,Blekinge,ÄNKL,37,2,2025,3
10,Blekinge,ÄNKL,38,1,2025,0
10,Blekinge,ÄNKL,38,2,2025,4
10,Blekinge,ÄNKL,39,1,2025,0
10,Blekinge,ÄNKL,39,2,2025,6
10,Blekinge,ÄNKL,40,1,2025,0
10,Blekinge,ÄNKL,40,2,2025,3
10,Blekinge,ÄNKL,41,1,2025,3
10,Blekinge,ÄNKL,41,2,2025,4
10,Blekinge,ÄNKL,42,1,2025,0
10,Blekinge,ÄNKL,42,2,2025,5
10,Blekinge,ÄNKL,43,1,2025,0
10,Blekinge,ÄNKL,43,2,2025,6
10,Blekinge,ÄNKL,44,1,2025,3
10,Blekinge,ÄNKL,44,2,2025,11
10,Blekinge,ÄNKL,45,1,2025,3
10,Blekinge,ÄNKL,45,2,2025,8
10,Blekinge,ÄNKL,46,1,2025,3
10,Blekinge,ÄNKL,46,2,2025,3
10,Blekinge,ÄNKL,47,1,2025,0
10,Blekinge,ÄNKL,47,2,2025,6
10,Blekinge,ÄNKL,48,1,2025,0
10,Blekinge,ÄNKL,48,2,2025,8
10,Blekinge,ÄNKL,49,1,2025,0
10,Blekinge,ÄNKL,49,2,2025,11
10,Blekinge,ÄNKL,50,1,2025,0
10,Blekinge,ÄNKL,50,2,2025,6
10,Blekinge,ÄNKL,51,1,2025,4
10,Blekinge,ÄNKL,51,2,2025,20
10,Blekinge,ÄNKL,52,1,2025,8
10,Blekinge,ÄNKL,52,2,2025,11
10,Blekinge,ÄNKL,53,1,2025,4
10,Blekinge,ÄNKL,53,2,2025,20
10,Blekinge,ÄNKL,54,1,2025,3
10,Blekinge,ÄNKL,54,2,2025,10
10,Blekinge,ÄNKL,55,1,2025,4
10,Blekinge,ÄNKL,55,2,2025,15
10,Blekinge,ÄNKL,56,1,2025,12
10,Blekinge,ÄNKL,56,2,2025,20
10,Blekinge,ÄNKL,57,1,2025,3
10,Blekinge,ÄNKL,57,2,2025,21
10,Blekinge,ÄNKL,58,1,2025,3
10,Blekinge,ÄNKL,58,2,2025,20
10,Blekinge,ÄNKL,59,1,2025,9
10,Blekinge,ÄNKL,59,2,2025,29
10,Blekinge,ÄNKL,60,1,2025,12
10,Blekinge,ÄNKL,60,2,2025,30
10,Blekinge,ÄNKL,61,1,2025,16
10,Blekinge,ÄNKL,61,2,2025,40
10,Blekinge,ÄNKL,62,1,2025,13
10,Blekinge,ÄNKL,62,2,2025,37
10,Blekinge,ÄNKL,63,1,2025,15
10,Blekinge,ÄNKL,63,2,2025,43
10,Blekinge,ÄNKL,64,1,2025,11
10,Blekinge,ÄNKL,64,2,2025,39
10,Blekinge,ÄNKL,65,1,2025,17
10,Blekinge,ÄNKL,65,2,2025,51
10,Blekinge,ÄNKL,66,1,2025,28
10,Blekinge,ÄNKL,66,2,2025,51
10,Blekinge,ÄNKL,67,1,2025,16
10,Blekinge,ÄNKL,67,2,2025,77
10,Blekinge,ÄNKL,68,1,2025,25
10,Blekinge,ÄNKL,68,2,2025,76
10,Blekinge,ÄNKL,69,1,2025,32
10,Blekinge,ÄNKL,69,2,2025,71
10,Blekinge,ÄNKL,70,1,2025,33
10,Blekinge,ÄNKL,70,2,2025,88
10,Blekinge,ÄNKL,71,1,2025,33
10,Blekinge,ÄNKL,71,2,2025,104
10,Blekinge,ÄNKL,72,1,2025,31
10,Blekinge,ÄNKL,72,2,2025,114
10,Blekinge,ÄNKL,73,1,2025,43
10,Blekinge,ÄNKL,73,2,2025,150
10,Blekinge,ÄNKL,74,1,2025,54
10,Blekinge,ÄNKL,74,2,2025,140
10,Blekinge,ÄNKL,75,1,2025,76
10,Blekinge,ÄNKL,75,2,2025,163
10,Blekinge,ÄNKL,76,1,2025,72
10,Blekinge,ÄNKL,76,2,2025,173
10,Blekinge,ÄNKL,77,1,2025,82
10,Blekinge,ÄNKL,77,2,2025,213
10,Blekinge,ÄNKL,78,1,2025,80
10,Blekinge,ÄNKL,78,2,2025,221
10,Blekinge,ÄNKL,79,1,2025,111
10,Blekinge,ÄNKL,79,2,2025,235
10,Blekinge,ÄNKL,80,1,2025,107
10,Blekinge,ÄNKL,80,2,2025,261
10,Blekinge,ÄNKL,81,1,2025,101
10,Blekinge,ÄNKL,81,2,2025,266
10,Blekinge,ÄNKL,82,1,2025,101
10,Blekinge,ÄNKL,82,2,2025,270
10,Blekinge,ÄNKL,83,1,2025,87
10,Blekinge,ÄNKL,83,2,2025,252
10,Blekinge,ÄNKL,84,1,2025,93
10,Blekinge,ÄNKL,84,2,2025,255
10,Blekinge,ÄNKL,85,1,2025,75
10,Blekinge,ÄNKL,85,2,2025,263
10,Blekinge,ÄNKL,86,1,2025,89
10,Blekinge,ÄNKL,86,2,2025,272
10,Blekinge,ÄNKL,87,1,2025,82
10,Blekinge,ÄNKL,87,2,2025,270
10,Blekinge,ÄNKL,88,1,2025,84
10,Blekinge,ÄNKL,88,2,2025,244
10,Blekinge,ÄNKL,89,1,2025,64
10,Blekinge,ÄNKL,89,2,2025,238
10,Blekinge,ÄNKL,90,1,2025,64
10,Blekinge,ÄNKL,90,2,2025,192
10,Blekinge,ÄNKL,91,1,2025,43
10,Blekinge,ÄNKL,91,2,2025,162
10,Blekinge,ÄNKL,92,1,2025,29
10,Blekinge,ÄNKL,92,2,2025,150
10,Blekinge,ÄNKL,93,1,2025,42
10,Blekinge,ÄNKL,93,2,2025,125
10,Blekinge,ÄNKL,94,1,2025,28
10,Blekinge,ÄNKL,94,2,2025,100
10,Blekinge,ÄNKL,95,1,2025,24
10,Blekinge,ÄNKL,95,2,2025,88
10,Blekinge,ÄNKL,96,1,2025,14
10,Blekinge,ÄNKL,96,2,2025,51
10,Blekinge,ÄNKL,97,1,2025,11
10,Blekinge,ÄNKL,97,2,2025,39
10,Blekinge,ÄNKL,98,1,2025,9
10,Blekinge,ÄNKL,98,2,2025,35
10,Blekinge,ÄNKL,99,1,2025,6
10,Blekinge,ÄNKL,99,2,2025,19
10,Blekinge,ÄNKL,100+1,1,2025,7
10,Blekinge,ÄNKL,100+1,2,2025,44
10,Blekinge,SK,0,1,2025,0
10,Blekinge,SK,0,2,2025,0
10,Blekinge,SK,1,1,2025,0
10,Blekinge,SK,1,2,2025,0
10,Blekinge,SK,2,1,2025,0
10,Blekinge,SK,2,2,2025,0
10,Blekinge,SK,3,1,2025,0
10,Blekinge,SK,3,2,2025,0
10,Blekinge,SK,4,1,2025,0
10,Blekinge,SK,4,2,2025,0
10,Blekinge,SK,5,1,2025,0
10,Blekinge,SK,5,2,2025,0
10,Blekinge,SK,6,1,2025,0
10,Blekinge,SK,6,2,2025,0
10,Blekinge,SK,7,1,2025,0
10,Blekinge,SK,7,2,2025,0
10,Blekinge,SK,8,1,2025,0
10,Blekinge,SK,8,2,2025,0
10,Blekinge,SK,9,1,2025,0
10,Blekinge,SK,9,2,2025,0
10,Blekinge,SK,10,1,2025,0
10,Blekinge,SK,10,2,2025,0
10,Blekinge,SK,11,1,2025,0
10,Blekinge,SK,11,2,2025,0
10,Blekinge,SK,12,1,2025,0
10,Blekinge,SK,12,2,2025,0
10,Blekinge,SK,13,1,2025,0
10,Blekinge,SK,13,2,2025,0
10,Blekinge,SK,14,1,2025,0
10,Blekinge,SK,14,2,2025,0
10,Blekinge,SK,15,1,2025,0
10,Blekinge,SK,15,2,2025,0
10,Blekinge,SK,16,1,2025,0
10,Blekinge,SK,16,2,2025,0
10,Blekinge,SK,17,1,2025,0
10,Blekinge,SK,17,2,2025,0
10,Blekinge,SK,18,1,2025,0
10,Blekinge,SK,18,2,2025,0
10,Blekinge,SK,19,1,2025,0
10,Blekinge,SK,19,2,2025,0
10,Blekinge,SK,20,1,2025,3
10,Blekinge,SK,20,2,2025,0
10,Blekinge,SK,21,1,2025,0
10,Blekinge,SK,21,2,2025,0
10,Blekinge,SK,22,1,2025,0
10,Blekinge,SK,22,2,2025,4
10,Blekinge,SK,23,1,2025,0
10,Blekinge,SK,23,2,2025,0
10,Blekinge,SK,24,1,2025,0
10,Blekinge,SK,24,2,2025,0
10,Blekinge,SK,25,1,2025,3
10,Blekinge,SK,25,2,2025,6
10,Blekinge,SK,26,1,2025,0
10,Blekinge,SK,26,2,2025,8
10,Blekinge,SK,27,1,2025,5
10,Blekinge,SK,27,2,2025,16
10,Blekinge,SK,28,1,2025,3
10,Blekinge,SK,28,2,2025,11
10,Blekinge,SK,29,1,2025,10
10,Blekinge,SK,29,2,2025,25
10,Blekinge,SK,30,1,2025,18
10,Blekinge,SK,30,2,2025,18
10,Blekinge,SK,31,1,2025,15
10,Blekinge,SK,31,2,2025,22
10,Blekinge,SK,32,1,2025,16
10,Blekinge,SK,32,2,2025,27
10,Blekinge,SK,33,1,2025,34
10,Blekinge,SK,33,2,2025,51
10,Blekinge,SK,34,1,2025,28
10,Blekinge,SK,34,2,2025,59
10,Blekinge,SK,35,1,2025,38
10,Blekinge,SK,35,2,2025,66
10,Blekinge,SK,36,1,2025,49
10,Blekinge,SK,36,2,2025,73
10,Blekinge,SK,37,1,2025,56
10,Blekinge,SK,37,2,2025,84
10,Blekinge,SK,38,1,2025,61
10,Blekinge,SK,38,2,2025,94
10,Blekinge,SK,39,1,2025,78
10,Blekinge,SK,39,2,2025,94
10,Blekinge,SK,40,1,2025,74
10,Blekinge,SK,40,2,2025,115
10,Blekinge,SK,41,1,2025,77
10,Blekinge,SK,41,2,2025,112
10,Blekinge,SK,42,1,2025,87
10,Blekinge,SK,42,2,2025,145
10,Blekinge,SK,43,1,2025,92
10,Blekinge,SK,43,2,2025,133
10,Blekinge,SK,44,1,2025,99
10,Blekinge,SK,44,2,2025,128
10,Blekinge,SK,45,1,2025,124
10,Blekinge,SK,45,2,2025,130
10,Blekinge,SK,46,1,2025,86
10,Blekinge,SK,46,2,2025,150
10,Blekinge,SK,47,1,2025,106
10,Blekinge,SK,47,2,2025,118
10,Blekinge,SK,48,1,2025,116
10,Blekinge,SK,48,2,2025,158
10,Blekinge,SK,49,1,2025,135
10,Blekinge,SK,49,2,2025,137
10,Blekinge,SK,50,1,2025,118
10,Blekinge,SK,50,2,2025,170
10,Blekinge,SK,51,1,2025,153
10,Blekinge,SK,51,2,2025,182
10,Blekinge,SK,52,1,2025,144
10,Blekinge,SK,52,2,2025,185
10,Blekinge,SK,53,1,2025,161
10,Blekinge,SK,53,2,2025,184
10,Blekinge,SK,54,1,2025,173
10,Blekinge,SK,54,2,2025,202
10,Blekinge,SK,55,1,2025,165
10,Blekinge,SK,55,2,2025,228
10,Blekinge,SK,56,1,2025,169
10,Blekinge,SK,56,2,2025,191
10,Blekinge,SK,57,1,2025,195
10,Blekinge,SK,57,2,2025,189
10,Blekinge,SK,58,1,2025,188
10,Blekinge,SK,58,2,2025,202
10,Blekinge,SK,59,1,2025,189
10,Blekinge,SK,59,2,2025,228
10,Blekinge,SK,60,1,2025,191
10,Blekinge,SK,60,2,2025,236
10,Blekinge,SK,61,1,2025,196
10,Blekinge,SK,61,2,2025,232
10,Blekinge,SK,62,1,2025,207
10,Blekinge,SK,62,2,2025,209
10,Blekinge,SK,63,1,2025,174
10,Blekinge,SK,63,2,2025,198
10,Blekinge,SK,64,1,2025,176
10,Blekinge,SK,64,2,2025,209
10,Blekinge,SK,65,1,2025,171
10,Blekinge,SK,65,2,2025,201
10,Blekinge,SK,66,1,2025,178
10,Blekinge,SK,66,2,2025,179
10,Blekinge,SK,67,1,2025,169
10,Blekinge,SK,67,2,2025,197
10,Blekinge,SK,68,1,2025,161
10,Blekinge,SK,68,2,2025,197
10,Blekinge,SK,69,1,2025,162
10,Blekinge,SK,69,2,2025,174
10,Blekinge,SK,70,1,2025,139
10,Blekinge,SK,70,2,2025,176
10,Blekinge,SK,71,1,2025,166
10,Blekinge,SK,71,2,2025,159
10,Blekinge,SK,72,1,2025,144
10,Blekinge,SK,72,2,2025,153
10,Blekinge,SK,73,1,2025,138
10,Blekinge,SK,73,2,2025,177
10,Blekinge,SK,74,1,2025,148
10,Blekinge,SK,74,2,2025,181
10,Blekinge,SK,75,1,2025,125
10,Blekinge,SK,75,2,2025,168
10,Blekinge,SK,76,1,2025,124
10,Blekinge,SK,76,2,2025,186
10,Blekinge,SK,77,1,2025,124
10,Blekinge,SK,77,2,2025,156
10,Blekinge,SK,78,1,2025,140
10,Blekinge,SK,78,2,2025,188
10,Blekinge,SK,79,1,2025,143
10,Blekinge,SK,79,2,2025,176
10,Blekinge,SK,80,1,2025,119
10,Blekinge,SK,80,2,2025,140
10,Blekinge,SK,81,1,2025,120
10,Blekinge,SK,81,2,2025,154
10,Blekinge,SK,82,1,2025,115
10,Blekinge,SK,82,2,2025,150
10,Blekinge,SK,83,1,2025,95
10,Blekinge,SK,83,2,2025,102
10,Blekinge,SK,84,1,2025,64
10,Blekinge,SK,84,2,2025,88
10,Blekinge,SK,85,1,2025,66
10,Blekinge,SK,85,2,2025,108
10,Blekinge,SK,86,1,2025,48
10,Blekinge,SK,86,2,2025,85
10,Blekinge,SK,87,1,2025,42
10,Blekinge,SK,87,2,2025,66
10,Blekinge,SK,88,1,2025,35
10,Blekinge,SK,88,2,2025,61
10,Blekinge,SK,89,1,2025,27
10,Blekinge,SK,89,2,2025,43
10,Blekinge,SK,90,1,2025,18
10,Blekinge,SK,90,2,2025,30
10,Blekinge,SK,91,1,2025,14
10,Blekinge,SK,91,2,2025,25
10,Blekinge,SK,92,1,2025,14
10,Blekinge,SK,92,2,2025,18
10,Blekinge,SK,93,1,2025,12
10,Blekinge,SK,93,2,2025,27
10,Blekinge,SK,94,1,2025,5
10,Blekinge,SK,94,2,2025,14
10,Blekinge,SK,95,1,2025,5
10,Blekinge,SK,95,2,2025,10
10,Blekinge,SK,96,1,2025,0
10,Blekinge,SK,96,2,2025,8
10,Blekinge,SK,97,1,2025,0
10,Blekinge,SK,97,2,2025,4
10,Blekinge,SK,98,1,2025,3
10,Blekinge,SK,98,2,2025,4
10,Blekinge,SK,99,1,2025,0
10,Blekinge,SK,99,2,2025,3
10,Blekinge,SK,100+1,1,2025,0
10,Blekinge,SK,100+1,2,2025,0
12,Skåne,OG,0,1,2025,7006
12,Skåne,OG,0,2,2025,6523
12,Skåne,OG,1,1,2025,7044
12,Skåne,OG,1,2,2025,6783
12,Skåne,OG,2,1,2025,7236
12,Skåne,OG,2,2,2025,6959
12,Skåne,OG,3,1,2025,7613
12,Skåne,OG,3,2,2025,7160
12,Skåne,OG,4,1,2025,8178
12,Skåne,OG,4,2,2025,7867
12,Skåne,OG,5,1,2025,8244
12,Skåne,OG,5,2,2025,7795
12,Skåne,OG,6,1,2025,8332
12,Skåne,OG,6,2,2025,7933
12,Skåne,OG,7,1,2025,8602
12,Skåne,OG,7,2,2025,8079
12,Skåne,OG,8,1,2025,8590
12,Skåne,OG,8,2,2025,8075
12,Skåne,OG,9,1,2025,8835
12,Skåne,OG,9,2,2025,8411
12,Skåne,OG,10,1,2025,8827
12,Skåne,OG,10,2,2025,8187
12,Skåne,OG,11,1,2025,9045
12,Skåne,OG,11,2,2025,8396
12,Skåne,OG,12,1,2025,8892
12,Skåne,OG,12,2,2025,8480
12,Skåne,OG,13,1,2025,9043
12,Skåne,OG,13,2,2025,8591
12,Skåne,OG,14,1,2025,8938
12,Skåne,OG,14,2,2025,8520
12,Skåne,OG,15,1,2025,9145
12,Skåne,OG,15,2,2025,8853
12,Skåne,OG,16,1,2025,9128
12,Skåne,OG,16,2,2025,8519
12,Skåne,OG,17,1,2025,8943
12,Skåne,OG,17,2,2025,8527
12,Skåne,OG,18,1,2025,8728
12,Skåne,OG,18,2,2025,8351
12,Skåne,OG,19,1,2025,8721
12,Skåne,OG,19,2,2025,8295
12,Skåne,OG,20,1,2025,8538
12,Skåne,OG,20,2,2025,8090
12,Skåne,OG,21,1,2025,8464
12,Skåne,OG,21,2,2025,8403
12,Skåne,OG,22,1,2025,8507
12,Skåne,OG,22,2,2025,8368
12,Skåne,OG,23,1,2025,8292
12,Skåne,OG,23,2,2025,8122
12,Skåne,OG,24,1,2025,8045
12,Skåne,OG,24,2,2025,7569
12,Skåne,OG,25,1,2025,7870
12,Skåne,OG,25,2,2025,7394
12,Skåne,OG,26,1,2025,7992
12,Skåne,OG,26,2,2025,6776
12,Skåne,OG,27,1,2025,7562
12,Skåne,OG,27,2,2025,6490
12,Skåne,OG,28,1,2025,7121
12,Skåne,OG,28,2,2025,6347
12,Skåne,OG,29,1,2025,7089
12,Skåne,OG,29,2,2025,6141
12,Skåne,OG,30,1,2025,7225
12,Skåne,OG,30,2,2025,6196
12,Skåne,OG,31,1,2025,7245
12,Skåne,OG,31,2,2025,6145
12,Skåne,OG,32,1,2025,7103
12,Skåne,OG,32,2,2025,6010
12,Skåne,OG,33,1,2025,7193
12,Skåne,OG,33,2,2025,5834
12,Skåne,OG,34,1,2025,6811
12,Skåne,OG,34,2,2025,5510
12,Skåne,OG,35,1,2025,6431
12,Skåne,OG,35,2,2025,5448
12,Skåne,OG,36,1,2025,5994
12,Skåne,OG,36,2,2025,4803
12,Skåne,OG,37,1,2025,5432
12,Skåne,OG,37,2,2025,4378
12,Skåne,OG,38,1,2025,4968
12,Skåne,OG,38,2,2025,3937
12,Skåne,OG,39,1,2025,4654
12,Skåne,OG,39,2,2025,3789
12,Skåne,OG,40,1,2025,4230
12,Skåne,OG,40,2,2025,3361
12,Skåne,OG,41,1,2025,3938
12,Skåne,OG,41,2,2025,3203
12,Skåne,OG,42,1,2025,3694
12,Skåne,OG,42,2,2025,2833
12,Skåne,OG,43,1,2025,3449
12,Skåne,OG,43,2,2025,2919
12,Skåne,OG,44,1,2025,3356
12,Skåne,OG,44,2,2025,2630
12,Skåne,OG,45,1,2025,3153
12,Skåne,OG,45,2,2025,2639
12,Skåne,OG,46,1,2025,3060
12,Skåne,OG,46,2,2025,2559
12,Skåne,OG,47,1,2025,2918
12,Skåne,OG,47,2,2025,2357
12,Skåne,OG,48,1,2025,2785
12,Skåne,OG,48,2,2025,2295
12,Skåne,OG,49,1,2025,2745
12,Skåne,OG,49,2,2025,2258
12,Skåne,OG,50,1,2025,2821
12,Skåne,OG,50,2,2025,2260
12,Skåne,OG,51,1,2025,2691
12,Skåne,OG,51,2,2025,2264
12,Skåne,OG,52,1,2025,2691
12,Skåne,OG,52,2,2025,2030
12,Skåne,OG,53,1,2025,2568
12,Skåne,OG,53,2,2025,2135
12,Skåne,OG,54,1,2025,2476
12,Skåne,OG,54,2,2025,2002
12,Skåne,OG,55,1,2025,2366
12,Skåne,OG,55,2,2025,1977
12,Skåne,OG,56,1,2025,2283
12,Skåne,OG,56,2,2025,1866
12,Skåne,OG,57,1,2025,2392
12,Skåne,OG,57,2,2025,1963
12,Skåne,OG,58,1,2025,2457
12,Skåne,OG,58,2,2025,2059
12,Skåne,OG,59,1,2025,2358
12,Skåne,OG,59,2,2025,1987
12,Skåne,OG,60,1,2025,2256
12,Skåne,OG,60,2,2025,1939
12,Skåne,OG,61,1,2025,2209
12,Skåne,OG,61,2,2025,1847
12,Skåne,OG,62,1,2025,2013
12,Skåne,OG,62,2,2025,1624
12,Skåne,OG,63,1,2025,1780
12,Skåne,OG,63,2,2025,1501
12,Skåne,OG,64,1,2025,1741
12,Skåne,OG,64,2,2025,1383
12,Skåne,OG,65,1,2025,1582
12,Skåne,OG,65,2,2025,1340
12,Skåne,OG,66,1,2025,1497
12,Skåne,OG,66,2,2025,1261
12,Skåne,OG,67,1,2025,1452
12,Skåne,OG,67,2,2025,1159
12,Skåne,OG,68,1,2025,1341
12,Skåne,OG,68,2,2025,1077
12,Skåne,OG,69,1,2025,1241
12,Skåne,OG,69,2,2025,1048
12,Skåne,OG,70,1,2025,1196
12,Skåne,OG,70,2,2025,929
12,Skåne,OG,71,1,2025,1023
12,Skåne,OG,71,2,2025,909
12,Skåne,OG,72,1,2025,1079
12,Skåne,OG,72,2,2025,833
12,Skåne,OG,73,1,2025,988
12,Skåne,OG,73,2,2025,785
12,Skåne,OG,74,1,2025,930
12,Skåne,OG,74,2,2025,773
12,Skåne,OG,75,1,2025,842
12,Skåne,OG,75,2,2025,683
12,Skåne,OG,76,1,2025,749
12,Skåne,OG,76,2,2025,672
12,Skåne,OG,77,1,2025,670
12,Skåne,OG,77,2,2025,563
12,Skåne,OG,78,1,2025,692
12,Skåne,OG,78,2,2025,512
12,Skåne,OG,79,1,2025,582
12,Skåne,OG,79,2,2025,458
12,Skåne,OG,80,1,2025,500
12,Skåne,OG,80,2,2025,398
12,Skåne,OG,81,1,2025,448
12,Skåne,OG,81,2,2025,390
12,Skåne,OG,82,1,2025,396
12,Skåne,OG,82,2,2025,347
12,Skåne,OG,83,1,2025,310
12,Skåne,OG,83,2,2025,249
12,Skåne,OG,84,1,2025,244
12,Skåne,OG,84,2,2025,194
12,Skåne,OG,85,1,2025,185
12,Skåne,OG,85,2,2025,186
12,Skåne,OG,86,1,2025,151
12,Skåne,OG,86,2,2025,153
12,Skåne,OG,87,1,2025,124
12,Skåne,OG,87,2,2025,165
12,Skåne,OG,88,1,2025,87
12,Skåne,OG,88,2,2025,129
12,Skåne,OG,89,1,2025,80
12,Skåne,OG,89,2,2025,94
12,Skåne,OG,90,1,2025,53
12,Skåne,OG,90,2,2025,91
12,Skåne,OG,91,1,2025,45
12,Skåne,OG,91,2,2025,63
12,Skåne,OG,92,1,2025,33
12,Skåne,OG,92,2,2025,55
12,Skåne,OG,93,1,2025,21
12,Skåne,OG,93,2,2025,38
12,Skåne,OG,94,1,2025,10
12,Skåne,OG,94,2,2025,34
12,Skåne,OG,95,1,2025,17
12,Skåne,OG,95,2,2025,30
12,Skåne,OG,96,1,2025,10
12,Skåne,OG,96,2,2025,22
12,Skåne,OG,97,1,2025,7
12,Skåne,OG,97,2,2025,16
12,Skåne,OG,98,1,2025,3
12,Skåne,OG,98,2,2025,14
12,Skåne,OG,99,1,2025,3
12,Skåne,OG,99,2,2025,7
12,Skåne,OG,100+1,1,2025,4
12,Skåne,OG,100+1,2,2025,18
12,Skåne,G,0,1,2025,0
12,Skåne,G,0,2,2025,0
12,Skåne,G,1,1,2025,0
12,Skåne,G,1,2,2025,0
12,Skåne,G,2,1,2025,0
12,Skåne,G,2,2,2025,0
12,Skåne,G,3,1,2025,0
12,Skåne,G,3,2,2025,0
12,Skåne,G,4,1,2025,0
12,Skåne,G,4,2,2025,0
12,Skåne,G,5,1,2025,0
12,Skåne,G,5,2,2025,0
12,Skåne,G,6,1,2025,0
12,Skåne,G,6,2,2025,0
12,Skåne,G,7,1,2025,0
12,Skåne,G,7,2,2025,0
12,Skåne,G,8,1,2025,0
12,Skåne,G,8,2,2025,0
12,Skåne,G,9,1,2025,0
12,Skåne,G,9,2,2025,0
12,Skåne,G,10,1,2025,0
12,Skåne,G,10,2,2025,0
12,Skåne,G,11,1,2025,0
12,Skåne,G,11,2,2025,0
12,Skåne,G,12,1,2025,0
12,Skåne,G,12,2,2025,0
12,Skåne,G,13,1,2025,0
12,Skåne,G,13,2,2025,0
12,Skåne,G,14,1,2025,0
12,Skåne,G,14,2,2025,0
12,Skåne,G,15,1,2025,0
12,Skåne,G,15,2,2025,0
12,Skåne,G,16,1,2025,0
12,Skåne,G,16,2,2025,0
12,Skåne,G,17,1,2025,0
12,Skåne,G,17,2,2025,0
12,Skåne,G,18,1,2025,3
12,Skåne,G,18,2,2025,6
12,Skåne,G,19,1,2025,9
12,Skåne,G,19,2,2025,37
12,Skåne,G,20,1,2025,25
12,Skåne,G,20,2,2025,83
12,Skåne,G,21,1,2025,44
12,Skåne,G,21,2,2025,159
12,Skåne,G,22,1,2025,96
12,Skåne,G,22,2,2025,329
12,Skåne,G,23,1,2025,149
12,Skåne,G,23,2,2025,488
12,Skåne,G,24,1,2025,276
12,Skåne,G,24,2,2025,683
12,Skåne,G,25,1,2025,441
12,Skåne,G,25,2,2025,874
12,Skåne,G,26,1,2025,687
12,Skåne,G,26,2,2025,1108
12,Skåne,G,27,1,2025,765
12,Skåne,G,27,2,2025,1423
12,Skåne,G,28,1,2025,980
12,Skåne,G,28,2,2025,1803
12,Skåne,G,29,1,2025,1366
12,Skåne,G,29,2,2025,2183
12,Skåne,G,30,1,2025,1736
12,Skåne,G,30,2,2025,2596
12,Skåne,G,31,1,2025,2149
12,Skåne,G,31,2,2025,3047
12,Skåne,G,32,1,2025,2512
12,Skåne,G,32,2,2025,3540
12,Skåne,G,33,1,2025,2944
12,Skåne,G,33,2,2025,3825
12,Skåne,G,34,1,2025,3369
12,Skåne,G,34,2,2025,4134
12,Skåne,G,35,1,2025,3759
12,Skåne,G,35,2,2025,4505
12,Skåne,G,36,1,2025,4088
12,Skåne,G,36,2,2025,4741
12,Skåne,G,37,1,2025,4258
12,Skåne,G,37,2,2025,4915
12,Skåne,G,38,1,2025,4213
12,Skåne,G,38,2,2025,4770
12,Skåne,G,39,1,2025,4405
12,Skåne,G,39,2,2025,4831
12,Skåne,G,40,1,2025,4525
12,Skåne,G,40,2,2025,4911
12,Skåne,G,41,1,2025,4714
12,Skåne,G,41,2,2025,4771
12,Skåne,G,42,1,2025,4652
12,Skåne,G,42,2,2025,4806
12,Skåne,G,43,1,2025,4658
12,Skåne,G,43,2,2025,4793
12,Skåne,G,44,1,2025,4649
12,Skåne,G,44,2,2025,4908
12,Skåne,G,45,1,2025,4801
12,Skåne,G,45,2,2025,4904
12,Skåne,G,46,1,2025,4998
12,Skåne,G,46,2,2025,4903
12,Skåne,G,47,1,2025,4828
12,Skåne,G,47,2,2025,4655
12,Skåne,G,48,1,2025,4720
12,Skåne,G,48,2,2025,4810
12,Skåne,G,49,1,2025,4880
12,Skåne,G,49,2,2025,4635
12,Skåne,G,50,1,2025,4896
12,Skåne,G,50,2,2025,4903
12,Skåne,G,51,1,2025,5120
12,Skåne,G,51,2,2025,4902
12,Skåne,G,52,1,2025,4886
12,Skåne,G,52,2,2025,4803
12,Skåne,G,53,1,2025,4885
12,Skåne,G,53,2,2025,4722
12,Skåne,G,54,1,2025,5037
12,Skåne,G,54,2,2025,4736
12,Skåne,G,55,1,2025,4776
12,Skåne,G,55,2,2025,4633
12,Skåne,G,56,1,2025,4654
12,Skåne,G,56,2,2025,4497
12,Skåne,G,57,1,2025,4697
12,Skåne,G,57,2,2025,4573
12,Skåne,G,58,1,2025,4961
12,Skåne,G,58,2,2025,4683
12,Skåne,G,59,1,2025,4904
12,Skåne,G,59,2,2025,4638
12,Skåne,G,60,1,2025,4996
12,Skåne,G,60,2,2025,4607
12,Skåne,G,61,1,2025,4745
12,Skåne,G,61,2,2025,4529
12,Skåne,G,62,1,2025,4580
12,Skåne,G,62,2,2025,4309
12,Skåne,G,63,1,2025,4268
12,Skåne,G,63,2,2025,3960
12,Skåne,G,64,1,2025,4156
12,Skåne,G,64,2,2025,3909
12,Skåne,G,65,1,2025,4025
12,Skåne,G,65,2,2025,3728
12,Skåne,G,66,1,2025,4034
12,Skåne,G,66,2,2025,3769
12,Skåne,G,67,1,2025,3889
12,Skåne,G,67,2,2025,3732
12,Skåne,G,68,1,2025,3958
12,Skåne,G,68,2,2025,3678
12,Skåne,G,69,1,2025,3990
12,Skåne,G,69,2,2025,3557
12,Skåne,G,70,1,2025,3882
12,Skåne,G,70,2,2025,3654
12,Skåne,G,71,1,2025,3675
12,Skåne,G,71,2,2025,3509
12,Skåne,G,72,1,2025,3858
12,Skåne,G,72,2,2025,3466
12,Skåne,G,73,1,2025,3751
12,Skåne,G,73,2,2025,3401
12,Skåne,G,74,1,2025,3705
12,Skåne,G,74,2,2025,3416
12,Skåne,G,75,1,2025,3802
12,Skåne,G,75,2,2025,3372
12,Skåne,G,76,1,2025,3803
12,Skåne,G,76,2,2025,3312
12,Skåne,G,77,1,2025,3792
12,Skåne,G,77,2,2025,3332
12,Skåne,G,78,1,2025,3709
12,Skåne,G,78,2,2025,3185
12,Skåne,G,79,1,2025,3650
12,Skåne,G,79,2,2025,2952
12,Skåne,G,80,1,2025,3501
12,Skåne,G,80,2,2025,2704
12,Skåne,G,81,1,2025,3217
12,Skåne,G,81,2,2025,2515
12,Skåne,G,82,1,2025,2855
12,Skåne,G,82,2,2025,2183
12,Skåne,G,83,1,2025,2516
12,Skåne,G,83,2,2025,1764
12,Skåne,G,84,1,2025,1934
12,Skåne,G,84,2,2025,1312
12,Skåne,G,85,1,2025,1622
12,Skåne,G,85,2,2025,1088
12,Skåne,G,86,1,2025,1476
12,Skåne,G,86,2,2025,870
12,Skåne,G,87,1,2025,1198
12,Skåne,G,87,2,2025,763
12,Skåne,G,88,1,2025,993
12,Skåne,G,88,2,2025,553
12,Skåne,G,89,1,2025,786
12,Skåne,G,89,2,2025,395
12,Skåne,G,90,1,2025,603
12,Skåne,G,90,2,2025,274
12,Skåne,G,91,1,2025,441
12,Skåne,G,91,2,2025,212
12,Skåne,G,92,1,2025,308
12,Skåne,G,92,2,2025,131
12,Skåne,G,93,1,2025,244
12,Skåne,G,93,2,2025,87
12,Skåne,G,94,1,2025,163
12,Skåne,G,94,2,2025,53
12,Skåne,G,95,1,2025,109
12,Skåne,G,95,2,2025,33
12,Skåne,G,96,1,2025,68
12,Skåne,G,96,2,2025,22
12,Skåne,G,97,1,2025,40
12,Skåne,G,97,2,2025,14
12,Skåne,G,98,1,2025,15
12,Skåne,G,98,2,2025,0
12,Skåne,G,99,1,2025,13
12,Skåne,G,99,2,2025,4
12,Skåne,G,100+1,1,2025,11
12,Skåne,G,100+1,2,2025,3
12,Skåne,ÄNKL,0,1,2025,0
12,Skåne,ÄNKL,0,2,2025,0
12,Skåne,ÄNKL,1,1,2025,0
12,Skåne,ÄNKL,1,2,2025,0
12,Skåne,ÄNKL,2,1,2025,0
12,Skåne,ÄNKL,2,2,2025,0
12,Skåne,ÄNKL,3,1,2025,0
12,Skåne,ÄNKL,3,2,2025,0
12,Skåne,ÄNKL,4,1,2025,0
12,Skåne,ÄNKL,4,2,2025,0
12,Skåne,ÄNKL,5,1,2025,0
12,Skåne,ÄNKL,5,2,2025,0
12,Skåne,ÄNKL,6,1,2025,0
12,Skåne,ÄNKL,6,2,2025,0
12,Skåne,ÄNKL,7,1,2025,0
12,Skåne,ÄNKL,7,2,2025,0
12,Skåne,ÄNKL,8,1,2025,0
12,Skåne,ÄNKL,8,2,2025,0
12,Skåne,ÄNKL,9,1,2025,0
12,Skåne,ÄNKL,9,2,2025,0
12,Skåne,ÄNKL,10,1,2025,0
12,Skåne,ÄNKL,10,2,2025,0
12,Skåne,ÄNKL,11,1,2025,0
12,Skåne,ÄNKL,11,2,2025,0
12,Skåne,ÄNKL,12,1,2025,0
12,Skåne,ÄNKL,12,2,2025,0
12,Skåne,ÄNKL,13,1,2025,0
12,Skåne,ÄNKL,13,2,2025,0
12,Skåne,ÄNKL,14,1,2025,0
12,Skåne,ÄNKL,14,2,2025,0
12,Skåne,ÄNKL,15,1,2025,0
12,Skåne,ÄNKL,15,2,2025,0
12,Skåne,ÄNKL,16,1,2025,0
12,Skåne,ÄNKL,16,2,2025,0
12,Skåne,ÄNKL,17,1,2025,0
12,Skåne,ÄNKL,17,2,2025,0
12,Skåne,ÄNKL,18,1,2025,0
12,Skåne,ÄNKL,18,2,2025,0
12,Skåne,ÄNKL,19,1,2025,0
12,Skåne,ÄNKL,19,2,2025,0
12,Skåne,ÄNKL,20,1,2025,0
12,Skåne,ÄNKL,20,2,2025,0
12,Skåne,ÄNKL,21,1,2025,0
12,Skåne,ÄNKL,21,2,2025,0
12,Skåne,ÄNKL,22,1,2025,0
12,Skåne,ÄNKL,22,2,2025,0
12,Skåne,ÄNKL,23,1,2025,0
12,Skåne,ÄNKL,23,2,2025,0
12,Skåne,ÄNKL,24,1,2025,0
12,Skåne,ÄNKL,24,2,2025,3
12,Skåne,ÄNKL,25,1,2025,0
12,Skåne,ÄNKL,25,2,2025,0
12,Skåne,ÄNKL,26,1,2025,0
12,Skåne,ÄNKL,26,2,2025,0
12,Skåne,ÄNKL,27,1,2025,0
12,Skåne,ÄNKL,27,2,2025,4
12,Skåne,ÄNKL,28,1,2025,0
12,Skåne,ÄNKL,28,2,2025,8
12,Skåne,ÄNKL,29,1,2025,0
12,Skåne,ÄNKL,29,2,2025,4
12,Skåne,ÄNKL,30,1,2025,0
12,Skåne,ÄNKL,30,2,2025,7
12,Skåne,ÄNKL,31,1,2025,3
12,Skåne,ÄNKL,31,2,2025,4
12,Skåne,ÄNKL,32,1,2025,3
12,Skåne,ÄNKL,32,2,2025,10
12,Skåne,ÄNKL,33,1,2025,3
12,Skåne,ÄNKL,33,2,2025,8
12,Skåne,ÄNKL,34,1,2025,3
12,Skåne,ÄNKL,34,2,2025,7
12,Skåne,ÄNKL,35,1,2025,3
12,Skåne,ÄNKL,35,2,2025,21
12,Skåne,ÄNKL,36,1,2025,3
12,Skåne,ÄNKL,36,2,2025,22
12,Skåne,ÄNKL,37,1,2025,7
12,Skåne,ÄNKL,37,2,2025,19
12,Skåne,ÄNKL,38,1,2025,3
12,Skåne,ÄNKL,38,2,2025,30
12,Skåne,ÄNKL,39,1,2025,9
12,Skåne,ÄNKL,39,2,2025,27
12,Skåne,ÄNKL,40,1,2025,8
12,Skåne,ÄNKL,40,2,2025,36
12,Skåne,ÄNKL,41,1,2025,11
12,Skåne,ÄNKL,41,2,2025,31
12,Skåne,ÄNKL,42,1,2025,13
12,Skåne,ÄNKL,42,2,2025,48
12,Skåne,ÄNKL,43,1,2025,20
12,Skåne,ÄNKL,43,2,2025,52
12,Skåne,ÄNKL,44,1,2025,14
12,Skåne,ÄNKL,44,2,2025,59
12,Skåne,ÄNKL,45,1,2025,18
12,Skåne,ÄNKL,45,2,2025,62
12,Skåne,ÄNKL,46,1,2025,23
12,Skåne,ÄNKL,46,2,2025,60
12,Skåne,ÄNKL,47,1,2025,19
12,Skåne,ÄNKL,47,2,2025,66
12,Skåne,ÄNKL,48,1,2025,31
12,Skåne,ÄNKL,48,2,2025,76
12,Skåne,ÄNKL,49,1,2025,33
12,Skåne,ÄNKL,49,2,2025,110
12,Skåne,ÄNKL,50,1,2025,41
12,Skåne,ÄNKL,50,2,2025,107
12,Skåne,ÄNKL,51,1,2025,29
12,Skåne,ÄNKL,51,2,2025,99
12,Skåne,ÄNKL,52,1,2025,42
12,Skåne,ÄNKL,52,2,2025,128
12,Skåne,ÄNKL,53,1,2025,43
12,Skåne,ÄNKL,53,2,2025,148
12,Skåne,ÄNKL,54,1,2025,55
12,Skåne,ÄNKL,54,2,2025,151
12,Skåne,ÄNKL,55,1,2025,50
12,Skåne,ÄNKL,55,2,2025,182
12,Skåne,ÄNKL,56,1,2025,60
12,Skåne,ÄNKL,56,2,2025,188
12,Skåne,ÄNKL,57,1,2025,70
12,Skåne,ÄNKL,57,2,2025,194
12,Skåne,ÄNKL,58,1,2025,61
12,Skåne,ÄNKL,58,2,2025,214
12,Skåne,ÄNKL,59,1,2025,99
12,Skåne,ÄNKL,59,2,2025,273
12,Skåne,ÄNKL,60,1,2025,84
12,Skåne,ÄNKL,60,2,2025,297
12,Skåne,ÄNKL,61,1,2025,93
12,Skåne,ÄNKL,61,2,2025,322
12,Skåne,ÄNKL,62,1,2025,110
12,Skåne,ÄNKL,62,2,2025,326
12,Skåne,ÄNKL,63,1,2025,106
12,Skåne,ÄNKL,63,2,2025,362
12,Skåne,ÄNKL,64,1,2025,125
12,Skåne,ÄNKL,64,2,2025,384
12,Skåne,ÄNKL,65,1,2025,110
12,Skåne,ÄNKL,65,2,2025,478
12,Skåne,ÄNKL,66,1,2025,133
12,Skåne,ÄNKL,66,2,2025,493
12,Skåne,ÄNKL,67,1,2025,140
12,Skåne,ÄNKL,67,2,2025,450
12,Skåne,ÄNKL,68,1,2025,179
12,Skåne,ÄNKL,68,2,2025,576
12,Skåne,ÄNKL,69,1,2025,208
12,Skåne,ÄNKL,69,2,2025,636
12,Skåne,ÄNKL,70,1,2025,227
12,Skåne,ÄNKL,70,2,2025,718
12,Skåne,ÄNKL,71,1,2025,238
12,Skåne,ÄNKL,71,2,2025,774
12,Skåne,ÄNKL,72,1,2025,302
12,Skåne,ÄNKL,72,2,2025,851
12,Skåne,ÄNKL,73,1,2025,329
12,Skåne,ÄNKL,73,2,2025,971
12,Skåne,ÄNKL,74,1,2025,345
12,Skåne,ÄNKL,74,2,2025,977
12,Skåne,ÄNKL,75,1,2025,383
12,Skåne,ÄNKL,75,2,2025,1188
12,Skåne,ÄNKL,76,1,2025,462
12,Skåne,ÄNKL,76,2,2025,1241
12,Skåne,ÄNKL,77,1,2025,514
12,Skåne,ÄNKL,77,2,2025,1351
12,Skåne,ÄNKL,78,1,2025,541
12,Skåne,ÄNKL,78,2,2025,1504
12,Skåne,ÄNKL,79,1,2025,581
12,Skåne,ÄNKL,79,2,2025,1613
12,Skåne,ÄNKL,80,1,2025,681
12,Skåne,ÄNKL,80,2,2025,1709
12,Skåne,ÄNKL,81,1,2025,709
12,Skåne,ÄNKL,81,2,2025,1844
12,Skåne,ÄNKL,82,1,2025,666
12,Skåne,ÄNKL,82,2,2025,1857
12,Skåne,ÄNKL,83,1,2025,686
12,Skåne,ÄNKL,83,2,2025,1805
12,Skåne,ÄNKL,84,1,2025,586
12,Skåne,ÄNKL,84,2,2025,1684
12,Skåne,ÄNKL,85,1,2025,614
12,Skåne,ÄNKL,85,2,2025,1721
12,Skåne,ÄNKL,86,1,2025,553
12,Skåne,ÄNKL,86,2,2025,1679
12,Skåne,ÄNKL,87,1,2025,550
12,Skåne,ÄNKL,87,2,2025,1594
12,Skåne,ÄNKL,88,1,2025,483
12,Skåne,ÄNKL,88,2,2025,1542
12,Skåne,ÄNKL,89,1,2025,472
12,Skåne,ÄNKL,89,2,2025,1474
12,Skåne,ÄNKL,90,1,2025,387
12,Skåne,ÄNKL,90,2,2025,1266
12,Skåne,ÄNKL,91,1,2025,307
12,Skåne,ÄNKL,91,2,2025,1098
12,Skåne,ÄNKL,92,1,2025,314
12,Skåne,ÄNKL,92,2,2025,954
12,Skåne,ÄNKL,93,1,2025,260
12,Skåne,ÄNKL,93,2,2025,871
12,Skåne,ÄNKL,94,1,2025,196
12,Skåne,ÄNKL,94,2,2025,691
12,Skåne,ÄNKL,95,1,2025,154
12,Skåne,ÄNKL,95,2,2025,608
12,Skåne,ÄNKL,96,1,2025,116
12,Skåne,ÄNKL,96,2,2025,421
12,Skåne,ÄNKL,97,1,2025,84
12,Skåne,ÄNKL,97,2,2025,331
12,Skåne,ÄNKL,98,1,2025,43
12,Skåne,ÄNKL,98,2,2025,254
12,Skåne,ÄNKL,99,1,2025,41
12,Skåne,ÄNKL,99,2,2025,139
12,Skåne,ÄNKL,100+1,1,2025,66
12,Skåne,ÄNKL,100+1,2,2025,272
12,Skåne,SK,0,1,2025,0
12,Skåne,SK,0,2,2025,0
12,Skåne,SK,1,1,2025,0
12,Skåne,SK,1,2,2025,0
12,Skåne,SK,2,1,2025,0
12,Skåne,SK,2,2,2025,0
12,Skåne,SK,3,1,2025,0
12,Skåne,SK,3,2,2025,0
12,Skåne,SK,4,1,2025,0
12,Skåne,SK,4,2,2025,0
12,Skåne,SK,5,1,2025,0
12,Skåne,SK,5,2,2025,0
12,Skåne,SK,6,1,2025,0
12,Skåne,SK,6,2,2025,0
12,Skåne,SK,7,1,2025,0
12,Skåne,SK,7,2,2025,0
12,Skåne,SK,8,1,2025,0
12,Skåne,SK,8,2,2025,0
12,Skåne,SK,9,1,2025,0
12,Skåne,SK,9,2,2025,0
12,Skåne,SK,10,1,2025,0
12,Skåne,SK,10,2,2025,0
12,Skåne,SK,11,1,2025,0
12,Skåne,SK,11,2,2025,0
12,Skåne,SK,12,1,2025,0
12,Skåne,SK,12,2,2025,0
12,Skåne,SK,13,1,2025,0
12,Skåne,SK,13,2,2025,0
12,Skåne,SK,14,1,2025,0
12,Skåne,SK,14,2,2025,0
12,Skåne,SK,15,1,2025,0
12,Skåne,SK,15,2,2025,0
12,Skåne,SK,16,1,2025,0
12,Skåne,SK,16,2,2025,0
12,Skåne,SK,17,1,2025,0
12,Skåne,SK,17,2,2025,0
12,Skåne,SK,18,1,2025,0
12,Skåne,SK,18,2,2025,0
12,Skåne,SK,19,1,2025,0
12,Skåne,SK,19,2,2025,0
12,Skåne,SK,20,1,2025,0
12,Skåne,SK,20,2,2025,0
12,Skåne,SK,21,1,2025,3
12,Skåne,SK,21,2,2025,7
12,Skåne,SK,22,1,2025,4
12,Skåne,SK,22,2,2025,27
12,Skåne,SK,23,1,2025,7
12,Skåne,SK,23,2,2025,21
12,Skåne,SK,24,1,2025,9
12,Skåne,SK,24,2,2025,47
12,Skåne,SK,25,1,2025,18
12,Skåne,SK,25,2,2025,63
12,Skåne,SK,26,1,2025,26
12,Skåne,SK,26,2,2025,82
12,Skåne,SK,27,1,2025,53
12,Skåne,SK,27,2,2025,114
12,Skåne,SK,28,1,2025,65
12,Skåne,SK,28,2,2025,151
12,Skåne,SK,29,1,2025,87
12,Skåne,SK,29,2,2025,222
12,Skåne,SK,30,1,2025,142
12,Skåne,SK,30,2,2025,279
12,Skåne,SK,31,1,2025,184
12,Skåne,SK,31,2,2025,350
12,Skåne,SK,32,1,2025,248
12,Skåne,SK,32,2,2025,455
12,Skåne,SK,33,1,2025,294
12,Skåne,SK,33,2,2025,568
12,Skåne,SK,34,1,2025,386
12,Skåne,SK,34,2,2025,632
12,Skåne,SK,35,1,2025,435
12,Skåne,SK,35,2,2025,765
12,Skåne,SK,36,1,2025,574
12,Skåne,SK,36,2,2025,843
12,Skåne,SK,37,1,2025,635
12,Skåne,SK,37,2,2025,972
12,Skåne,SK,38,1,2025,682
12,Skåne,SK,38,2,2025,1059
12,Skåne,SK,39,1,2025,748
12,Skåne,SK,39,2,2025,1097
12,Skåne,SK,40,1,2025,824
12,Skåne,SK,40,2,2025,1143
12,Skåne,SK,41,1,2025,841
12,Skåne,SK,41,2,2025,1218
12,Skåne,SK,42,1,2025,917
12,Skåne,SK,42,2,2025,1294
12,Skåne,SK,43,1,2025,982
12,Skåne,SK,43,2,2025,1359
12,Skåne,SK,44,1,2025,1121
12,Skåne,SK,44,2,2025,1428
12,Skåne,SK,45,1,2025,1088
12,Skåne,SK,45,2,2025,1459
12,Skåne,SK,46,1,2025,1229
12,Skåne,SK,46,2,2025,1556
12,Skåne,SK,47,1,2025,1203
12,Skåne,SK,47,2,2025,1540
12,Skåne,SK,48,1,2025,1279
12,Skåne,SK,48,2,2025,1641
12,Skåne,SK,49,1,2025,1360
12,Skåne,SK,49,2,2025,1648
12,Skåne,SK,50,1,2025,1349
12,Skåne,SK,50,2,2025,1794
12,Skåne,SK,51,1,2025,1456
12,Skåne,SK,51,2,2025,1801
12,Skåne,SK,52,1,2025,1521
12,Skåne,SK,52,2,2025,1853
12,Skåne,SK,53,1,2025,1494
12,Skåne,SK,53,2,2025,1827
12,Skåne,SK,54,1,2025,1519
12,Skåne,SK,54,2,2025,1943
12,Skåne,SK,55,1,2025,1533
12,Skåne,SK,55,2,2025,1940
12,Skåne,SK,56,1,2025,1569
12,Skåne,SK,56,2,2025,1961
12,Skåne,SK,57,1,2025,1668
12,Skåne,SK,57,2,2025,2032
12,Skåne,SK,58,1,2025,1762
12,Skåne,SK,58,2,2025,2089
12,Skåne,SK,59,1,2025,1669
12,Skåne,SK,59,2,2025,2101
12,Skåne,SK,60,1,2025,1731
12,Skåne,SK,60,2,2025,2098
12,Skåne,SK,61,1,2025,1749
12,Skåne,SK,61,2,2025,2243
12,Skåne,SK,62,1,2025,1672
12,Skåne,SK,62,2,2025,2053
12,Skåne,SK,63,1,2025,1672
12,Skåne,SK,63,2,2025,1999
12,Skåne,SK,64,1,2025,1518
12,Skåne,SK,64,2,2025,1920
12,Skåne,SK,65,1,2025,1493
12,Skåne,SK,65,2,2025,1858
12,Skåne,SK,66,1,2025,1476
12,Skåne,SK,66,2,2025,1882
12,Skåne,SK,67,1,2025,1472
12,Skåne,SK,67,2,2025,1831
12,Skåne,SK,68,1,2025,1492
12,Skåne,SK,68,2,2025,1769
12,Skåne,SK,69,1,2025,1434
12,Skåne,SK,69,2,2025,1686
12,Skåne,SK,70,1,2025,1397
12,Skåne,SK,70,2,2025,1614
12,Skåne,SK,71,1,2025,1309
12,Skåne,SK,71,2,2025,1717
12,Skåne,SK,72,1,2025,1323
12,Skåne,SK,72,2,2025,1729
12,Skåne,SK,73,1,2025,1219
12,Skåne,SK,73,2,2025,1593
12,Skåne,SK,74,1,2025,1160
12,Skåne,SK,74,2,2025,1517
12,Skåne,SK,75,1,2025,1156
12,Skåne,SK,75,2,2025,1619
12,Skåne,SK,76,1,2025,1119
12,Skåne,SK,76,2,2025,1588
12,Skåne,SK,77,1,2025,1091
12,Skåne,SK,77,2,2025,1603
12,Skåne,SK,78,1,2025,1046
12,Skåne,SK,78,2,2025,1568
12,Skåne,SK,79,1,2025,1064
12,Skåne,SK,79,2,2025,1497
12,Skåne,SK,80,1,2025,979
12,Skåne,SK,80,2,2025,1349
12,Skåne,SK,81,1,2025,867
12,Skåne,SK,81,2,2025,1274
12,Skåne,SK,82,1,2025,761
12,Skåne,SK,82,2,2025,1174
12,Skåne,SK,83,1,2025,614
12,Skåne,SK,83,2,2025,979
12,Skåne,SK,84,1,2025,522
12,Skåne,SK,84,2,2025,751
12,Skåne,SK,85,1,2025,465
12,Skåne,SK,85,2,2025,729
12,Skåne,SK,86,1,2025,372
12,Skåne,SK,86,2,2025,617
12,Skåne,SK,87,1,2025,305
12,Skåne,SK,87,2,2025,552
12,Skåne,SK,88,1,2025,237
12,Skåne,SK,88,2,2025,442
12,Skåne,SK,89,1,2025,179
12,Skåne,SK,89,2,2025,380
12,Skåne,SK,90,1,2025,130
12,Skåne,SK,90,2,2025,309
12,Skåne,SK,91,1,2025,105
12,Skåne,SK,91,2,2025,240
12,Skåne,SK,92,1,2025,73
12,Skåne,SK,92,2,2025,192
12,Skåne,SK,93,1,2025,53
12,Skåne,SK,93,2,2025,136
12,Skåne,SK,94,1,2025,25
12,Skåne,SK,94,2,2025,120
12,Skåne,SK,95,1,2025,24
12,Skåne,SK,95,2,2025,90
12,Skåne,SK,96,1,2025,30
12,Skåne,SK,96,2,2025,44
12,Skåne,SK,97,1,2025,8
12,Skåne,SK,97,2,2025,36
12,Skåne,SK,98,1,2025,9
12,Skåne,SK,98,2,2025,23
12,Skåne,SK,99,1,2025,0
12,Skåne,SK,99,2,2025,14
12,Skåne,SK,100+1,1,2025,11
12,Skåne,SK,100+1,2,2025,33
13,Halland,OG,0,1,2025,1574
13,Halland,OG,0,2,2025,1548
13,Halland,OG,1,1,2025,1686
13,Halland,OG,1,2,2025,1588
13,Halland,OG,2,1,2025,1675
13,Halland,OG,2,2,2025,1613
13,Halland,OG,3,1,2025,1837
13,Halland,OG,3,2,2025,1760
13,Halland,OG,4,1,2025,2010
13,Halland,OG,4,2,2025,1968
13,Halland,OG,5,1,2025,2008
13,Halland,OG,5,2,2025,1923
13,Halland,OG,6,1,2025,2077
13,Halland,OG,6,2,2025,1940
13,Halland,OG,7,1,2025,2084
13,Halland,OG,7,2,2025,1961
13,Halland,OG,8,1,2025,2092
13,Halland,OG,8,2,2025,1985
13,Halland,OG,9,1,2025,2268
13,Halland,OG,9,2,2025,2072
13,Halland,OG,10,1,2025,2138
13,Halland,OG,10,2,2025,1987
13,Halland,OG,11,1,2025,2193
13,Halland,OG,11,2,2025,2069
13,Halland,OG,12,1,2025,2199
13,Halland,OG,12,2,2025,2035
13,Halland,OG,13,1,2025,2182
13,Halland,OG,13,2,2025,2080
13,Halland,OG,14,1,2025,2171
13,Halland,OG,14,2,2025,2134
13,Halland,OG,15,1,2025,2355
13,Halland,OG,15,2,2025,2232
13,Halland,OG,16,1,2025,2307
13,Halland,OG,16,2,2025,2092
13,Halland,OG,17,1,2025,2190
13,Halland,OG,17,2,2025,2081
13,Halland,OG,18,1,2025,2176
13,Halland,OG,18,2,2025,2065
13,Halland,OG,19,1,2025,2222
13,Halland,OG,19,2,2025,2117
13,Halland,OG,20,1,2025,2095
13,Halland,OG,20,2,2025,1893
13,Halland,OG,21,1,2025,2016
13,Halland,OG,21,2,2025,1759
13,Halland,OG,22,1,2025,1891
13,Halland,OG,22,2,2025,1686
13,Halland,OG,23,1,2025,1794
13,Halland,OG,23,2,2025,1493
13,Halland,OG,24,1,2025,1697
13,Halland,OG,24,2,2025,1412
13,Halland,OG,25,1,2025,1614
13,Halland,OG,25,2,2025,1265
13,Halland,OG,26,1,2025,1652
13,Halland,OG,26,2,2025,1215
13,Halland,OG,27,1,2025,1516
13,Halland,OG,27,2,2025,1113
13,Halland,OG,28,1,2025,1458
13,Halland,OG,28,2,2025,1145
13,Halland,OG,29,1,2025,1449
13,Halland,OG,29,2,2025,1174
13,Halland,OG,30,1,2025,1527
13,Halland,OG,30,2,2025,1233
13,Halland,OG,31,1,2025,1475
13,Halland,OG,31,2,2025,1322
13,Halland,OG,32,1,2025,1562
13,Halland,OG,32,2,2025,1340
13,Halland,OG,33,1,2025,1609
13,Halland,OG,33,2,2025,1374
13,Halland,OG,34,1,2025,1579
13,Halland,OG,34,2,2025,1303
13,Halland,OG,35,1,2025,1545
13,Halland,OG,35,2,2025,1281
13,Halland,OG,36,1,2025,1369
13,Halland,OG,36,2,2025,1117
13,Halland,OG,37,1,2025,1252
13,Halland,OG,37,2,2025,985
13,Halland,OG,38,1,2025,1092
13,Halland,OG,38,2,2025,917
13,Halland,OG,39,1,2025,1088
13,Halland,OG,39,2,2025,801
13,Halland,OG,40,1,2025,1029
13,Halland,OG,40,2,2025,773
13,Halland,OG,41,1,2025,915
13,Halland,OG,41,2,2025,726
13,Halland,OG,42,1,2025,839
13,Halland,OG,42,2,2025,629
13,Halland,OG,43,1,2025,823
13,Halland,OG,43,2,2025,645
13,Halland,OG,44,1,2025,741
13,Halland,OG,44,2,2025,627
13,Halland,OG,45,1,2025,710
13,Halland,OG,45,2,2025,609
13,Halland,OG,46,1,2025,703
13,Halland,OG,46,2,2025,596
13,Halland,OG,47,1,2025,689
13,Halland,OG,47,2,2025,572
13,Halland,OG,48,1,2025,700
13,Halland,OG,48,2,2025,521
13,Halland,OG,49,1,2025,689
13,Halland,OG,49,2,2025,529
13,Halland,OG,50,1,2025,602
13,Halland,OG,50,2,2025,553
13,Halland,OG,51,1,2025,680
13,Halland,OG,51,2,2025,513
13,Halland,OG,52,1,2025,629
13,Halland,OG,52,2,2025,558
13,Halland,OG,53,1,2025,688
13,Halland,OG,53,2,2025,538
13,Halland,OG,54,1,2025,671
13,Halland,OG,54,2,2025,551
13,Halland,OG,55,1,2025,599
13,Halland,OG,55,2,2025,503
13,Halland,OG,56,1,2025,571
13,Halland,OG,56,2,2025,460
13,Halland,OG,57,1,2025,604
13,Halland,OG,57,2,2025,537
13,Halland,OG,58,1,2025,679
13,Halland,OG,58,2,2025,515
13,Halland,OG,59,1,2025,610
13,Halland,OG,59,2,2025,534
13,Halland,OG,60,1,2025,585
13,Halland,OG,60,2,2025,462
13,Halland,OG,61,1,2025,587
13,Halland,OG,61,2,2025,481
13,Halland,OG,62,1,2025,514
13,Halland,OG,62,2,2025,412
13,Halland,OG,63,1,2025,472
13,Halland,OG,63,2,2025,408
13,Halland,OG,64,1,2025,452
13,Halland,OG,64,2,2025,370
13,Halland,OG,65,1,2025,402
13,Halland,OG,65,2,2025,377
13,Halland,OG,66,1,2025,408
13,Halland,OG,66,2,2025,337
13,Halland,OG,67,1,2025,394
13,Halland,OG,67,2,2025,333
13,Halland,OG,68,1,2025,369
13,Halland,OG,68,2,2025,279
13,Halland,OG,69,1,2025,298
13,Halland,OG,69,2,2025,271
13,Halland,OG,70,1,2025,309
13,Halland,OG,70,2,2025,239
13,Halland,OG,71,1,2025,266
13,Halland,OG,71,2,2025,216
13,Halland,OG,72,1,2025,267
13,Halland,OG,72,2,2025,196
13,Halland,OG,73,1,2025,234
13,Halland,OG,73,2,2025,177
13,Halland,OG,74,1,2025,222
13,Halland,OG,74,2,2025,142
13,Halland,OG,75,1,2025,214
13,Halland,OG,75,2,2025,163
13,Halland,OG,76,1,2025,190
13,Halland,OG,76,2,2025,143
13,Halland,OG,77,1,2025,181
13,Halland,OG,77,2,2025,132
13,Halland,OG,78,1,2025,162
13,Halland,OG,78,2,2025,96
13,Halland,OG,79,1,2025,158
13,Halland,OG,79,2,2025,102
13,Halland,OG,80,1,2025,129
13,Halland,OG,80,2,2025,86
13,Halland,OG,81,1,2025,114
13,Halland,OG,81,2,2025,76
13,Halland,OG,82,1,2025,87
13,Halland,OG,82,2,2025,74
13,Halland,OG,83,1,2025,69
13,Halland,OG,83,2,2025,57
13,Halland,OG,84,1,2025,54
13,Halland,OG,84,2,2025,60
13,Halland,OG,85,1,2025,52
13,Halland,OG,85,2,2025,40
13,Halland,OG,86,1,2025,38
13,Halland,OG,86,2,2025,36
13,Halland,OG,87,1,2025,41
13,Halland,OG,87,2,2025,31
13,Halland,OG,88,1,2025,28
13,Halland,OG,88,2,2025,32
13,Halland,OG,89,1,2025,14
13,Halland,OG,89,2,2025,25
13,Halland,OG,90,1,2025,8
13,Halland,OG,90,2,2025,19
13,Halland,OG,91,1,2025,9
13,Halland,OG,91,2,2025,20
13,Halland,OG,92,1,2025,10
13,Halland,OG,92,2,2025,18
13,Halland,OG,93,1,2025,5
13,Halland,OG,93,2,2025,14
13,Halland,OG,94,1,2025,3
13,Halland,OG,94,2,2025,11
13,Halland,OG,95,1,2025,3
13,Halland,OG,95,2,2025,4
13,Halland,OG,96,1,2025,4
13,Halland,OG,96,2,2025,3
13,Halland,OG,97,1,2025,3
13,Halland,OG,97,2,2025,0
13,Halland,OG,98,1,2025,3
13,Halland,OG,98,2,2025,3
13,Halland,OG,99,1,2025,0
13,Halland,OG,99,2,2025,0
13,Halland,OG,100+1,1,2025,0
13,Halland,OG,100+1,2,2025,0
13,Halland,G,0,1,2025,0
13,Halland,G,0,2,2025,0
13,Halland,G,1,1,2025,0
13,Halland,G,1,2,2025,0
13,Halland,G,2,1,2025,0
13,Halland,G,2,2,2025,0
13,Halland,G,3,1,2025,0
13,Halland,G,3,2,2025,0
13,Halland,G,4,1,2025,0
13,Halland,G,4,2,2025,0
13,Halland,G,5,1,2025,0
13,Halland,G,5,2,2025,0
13,Halland,G,6,1,2025,0
13,Halland,G,6,2,2025,0
13,Halland,G,7,1,2025,0
13,Halland,G,7,2,2025,0
13,Halland,G,8,1,2025,0
13,Halland,G,8,2,2025,0
13,Halland,G,9,1,2025,0
13,Halland,G,9,2,2025,0
13,Halland,G,10,1,2025,0
13,Halland,G,10,2,2025,0
13,Halland,G,11,1,2025,0
13,Halland,G,11,2,2025,0
13,Halland,G,12,1,2025,0
13,Halland,G,12,2,2025,0
13,Halland,G,13,1,2025,0
13,Halland,G,13,2,2025,0
13,Halland,G,14,1,2025,0
13,Halland,G,14,2,2025,0
13,Halland,G,15,1,2025,0
13,Halland,G,15,2,2025,0
13,Halland,G,16,1,2025,0
13,Halland,G,16,2,2025,0
13,Halland,G,17,1,2025,0
13,Halland,G,17,2,2025,0
13,Halland,G,18,1,2025,0
13,Halland,G,18,2,2025,0
13,Halland,G,19,1,2025,3
13,Halland,G,19,2,2025,6
13,Halland,G,20,1,2025,3
13,Halland,G,20,2,2025,17
13,Halland,G,21,1,2025,3
13,Halland,G,21,2,2025,31
13,Halland,G,22,1,2025,12
13,Halland,G,22,2,2025,60
13,Halland,G,23,1,2025,17
13,Halland,G,23,2,2025,81
13,Halland,G,24,1,2025,50
13,Halland,G,24,2,2025,111
13,Halland,G,25,1,2025,71
13,Halland,G,25,2,2025,136
13,Halland,G,26,1,2025,119
13,Halland,G,26,2,2025,186
13,Halland,G,27,1,2025,125
13,Halland,G,27,2,2025,238
13,Halland,G,28,1,2025,195
13,Halland,G,28,2,2025,281
13,Halland,G,29,1,2025,229
13,Halland,G,29,2,2025,359
13,Halland,G,30,1,2025,309
13,Halland,G,30,2,2025,479
13,Halland,G,31,1,2025,405
13,Halland,G,31,2,2025,602
13,Halland,G,32,1,2025,528
13,Halland,G,32,2,2025,651
13,Halland,G,33,1,2025,602
13,Halland,G,33,2,2025,813
13,Halland,G,34,1,2025,687
13,Halland,G,34,2,2025,947
13,Halland,G,35,1,2025,803
13,Halland,G,35,2,2025,965
13,Halland,G,36,1,2025,835
13,Halland,G,36,2,2025,990
13,Halland,G,37,1,2025,872
13,Halland,G,37,2,2025,1105
13,Halland,G,38,1,2025,963
13,Halland,G,38,2,2025,1125
13,Halland,G,39,1,2025,1058
13,Halland,G,39,2,2025,1084
13,Halland,G,40,1,2025,992
13,Halland,G,40,2,2025,1118
13,Halland,G,41,1,2025,1027
13,Halland,G,41,2,2025,1122
13,Halland,G,42,1,2025,1035
13,Halland,G,42,2,2025,1034
13,Halland,G,43,1,2025,1021
13,Halland,G,43,2,2025,1078
13,Halland,G,44,1,2025,1059
13,Halland,G,44,2,2025,1122
13,Halland,G,45,1,2025,1118
13,Halland,G,45,2,2025,1137
13,Halland,G,46,1,2025,1097
13,Halland,G,46,2,2025,1165
13,Halland,G,47,1,2025,1089
13,Halland,G,47,2,2025,1137
13,Halland,G,48,1,2025,1062
13,Halland,G,48,2,2025,1143
13,Halland,G,49,1,2025,1093
13,Halland,G,49,2,2025,1179
13,Halland,G,50,1,2025,1211
13,Halland,G,50,2,2025,1190
13,Halland,G,51,1,2025,1286
13,Halland,G,51,2,2025,1302
13,Halland,G,52,1,2025,1202
13,Halland,G,52,2,2025,1263
13,Halland,G,53,1,2025,1306
13,Halland,G,53,2,2025,1235
13,Halland,G,54,1,2025,1239
13,Halland,G,54,2,2025,1310
13,Halland,G,55,1,2025,1258
13,Halland,G,55,2,2025,1258
13,Halland,G,56,1,2025,1302
13,Halland,G,56,2,2025,1182
13,Halland,G,57,1,2025,1208
13,Halland,G,57,2,2025,1300
13,Halland,G,58,1,2025,1330
13,Halland,G,58,2,2025,1330
13,Halland,G,59,1,2025,1296
13,Halland,G,59,2,2025,1261
13,Halland,G,60,1,2025,1342
13,Halland,G,60,2,2025,1308
13,Halland,G,61,1,2025,1284
13,Halland,G,61,2,2025,1227
13,Halland,G,62,1,2025,1248
13,Halland,G,62,2,2025,1208
13,Halland,G,63,1,2025,1098
13,Halland,G,63,2,2025,1101
13,Halland,G,64,1,2025,1112
13,Halland,G,64,2,2025,1134
13,Halland,G,65,1,2025,1098
13,Halland,G,65,2,2025,1112
13,Halland,G,66,1,2025,1184
13,Halland,G,66,2,2025,1126
13,Halland,G,67,1,2025,1175
13,Halland,G,67,2,2025,1149
13,Halland,G,68,1,2025,1184
13,Halland,G,68,2,2025,1127
13,Halland,G,69,1,2025,1149
13,Halland,G,69,2,2025,1118
13,Halland,G,70,1,2025,1132
13,Halland,G,70,2,2025,1065
13,Halland,G,71,1,2025,1107
13,Halland,G,71,2,2025,1031
13,Halland,G,72,1,2025,1109
13,Halland,G,72,2,2025,1094
13,Halland,G,73,1,2025,1114
13,Halland,G,73,2,2025,1062
13,Halland,G,74,1,2025,1140
13,Halland,G,74,2,2025,983
13,Halland,G,75,1,2025,1082
13,Halland,G,75,2,2025,991
13,Halland,G,76,1,2025,1157
13,Halland,G,76,2,2025,1039
13,Halland,G,77,1,2025,1194
13,Halland,G,77,2,2025,1078
13,Halland,G,78,1,2025,1133
13,Halland,G,78,2,2025,979
13,Halland,G,79,1,2025,1093
13,Halland,G,79,2,2025,977
13,Halland,G,80,1,2025,1061
13,Halland,G,80,2,2025,837
13,Halland,G,81,1,2025,1020
13,Halland,G,81,2,2025,774
13,Halland,G,82,1,2025,862
13,Halland,G,82,2,2025,664
13,Halland,G,83,1,2025,759
13,Halland,G,83,2,2025,505
13,Halland,G,84,1,2025,565
13,Halland,G,84,2,2025,420
13,Halland,G,85,1,2025,525
13,Halland,G,85,2,2025,334
13,Halland,G,86,1,2025,455
13,Halland,G,86,2,2025,282
13,Halland,G,87,1,2025,368
13,Halland,G,87,2,2025,195
13,Halland,G,88,1,2025,282
13,Halland,G,88,2,2025,189
13,Halland,G,89,1,2025,263
13,Halland,G,89,2,2025,118
13,Halland,G,90,1,2025,150
13,Halland,G,90,2,2025,85
13,Halland,G,91,1,2025,157
13,Halland,G,91,2,2025,66
13,Halland,G,92,1,2025,107
13,Halland,G,92,2,2025,43
13,Halland,G,93,1,2025,65
13,Halland,G,93,2,2025,13
13,Halland,G,94,1,2025,48
13,Halland,G,94,2,2025,13
13,Halland,G,95,1,2025,31
13,Halland,G,95,2,2025,8
13,Halland,G,96,1,2025,20
13,Halland,G,96,2,2025,7
13,Halland,G,97,1,2025,9
13,Halland,G,97,2,2025,9
13,Halland,G,98,1,2025,3
13,Halland,G,98,2,2025,0
13,Halland,G,99,1,2025,0
13,Halland,G,99,2,2025,0
13,Halland,G,100+1,1,2025,3
13,Halland,G,100+1,2,2025,0
13,Halland,ÄNKL,0,1,2025,0
13,Halland,ÄNKL,0,2,2025,0
13,Halland,ÄNKL,1,1,2025,0
13,Halland,ÄNKL,1,2,2025,0
13,Halland,ÄNKL,2,1,2025,0
13,Halland,ÄNKL,2,2,2025,0
13,Halland,ÄNKL,3,1,2025,0
13,Halland,ÄNKL,3,2,2025,0
13,Halland,ÄNKL,4,1,2025,0
13,Halland,ÄNKL,4,2,2025,0
13,Halland,ÄNKL,5,1,2025,0
13,Halland,ÄNKL,5,2,2025,0
13,Halland,ÄNKL,6,1,2025,0
13,Halland,ÄNKL,6,2,2025,0
13,Halland,ÄNKL,7,1,2025,0
13,Halland,ÄNKL,7,2,2025,0
13,Halland,ÄNKL,8,1,2025,0
13,Halland,ÄNKL,8,2,2025,0
13,Halland,ÄNKL,9,1,2025,0
13,Halland,ÄNKL,9,2,2025,0
13,Halland,ÄNKL,10,1,2025,0
13,Halland,ÄNKL,10,2,2025,0
13,Halland,ÄNKL,11,1,2025,0
13,Halland,ÄNKL,11,2,2025,0
13,Halland,ÄNKL,12,1,2025,0
13,Halland,ÄNKL,12,2,2025,0
13,Halland,ÄNKL,13,1,2025,0
13,Halland,ÄNKL,13,2,2025,0
13,Halland,ÄNKL,14,1,2025,0
13,Halland,ÄNKL,14,2,2025,0
13,Halland,ÄNKL,15,1,2025,0
13,Halland,ÄNKL,15,2,2025,0
13,Halland,ÄNKL,16,1,2025,0
13,Halland,ÄNKL,16,2,2025,0
13,Halland,ÄNKL,17,1,2025,0
13,Halland,ÄNKL,17,2,2025,0
13,Halland,ÄNKL,18,1,2025,0
13,Halland,ÄNKL,18,2,2025,0
13,Halland,ÄNKL,19,1,2025,0
13,Halland,ÄNKL,19,2,2025,0
13,Halland,ÄNKL,20,1,2025,0
13,Halland,ÄNKL,20,2,2025,0
13,Halland,ÄNKL,21,1,2025,0
13,Halland,ÄNKL,21,2,2025,0
13,Halland,ÄNKL,22,1,2025,0
13,Halland,ÄNKL,22,2,2025,0
13,Halland,ÄNKL,23,1,2025,0
13,Halland,ÄNKL,23,2,2025,0
13,Halland,ÄNKL,24,1,2025,0
13,Halland,ÄNKL,24,2,2025,0
13,Halland,ÄNKL,25,1,2025,0
13,Halland,ÄNKL,25,2,2025,0
13,Halland,ÄNKL,26,1,2025,0
13,Halland,ÄNKL,26,2,2025,0
13,Halland,ÄNKL,27,1,2025,0
13,Halland,ÄNKL,27,2,2025,0
13,Halland,ÄNKL,28,1,2025,0
13,Halland,ÄNKL,28,2,2025,0
13,Halland,ÄNKL,29,1,2025,0
13,Halland,ÄNKL,29,2,2025,0
13,Halland,ÄNKL,30,1,2025,0
13,Halland,ÄNKL,30,2,2025,0
13,Halland,ÄNKL,31,1,2025,0
13,Halland,ÄNKL,31,2,2025,0
13,Halland,ÄNKL,32,1,2025,0
13,Halland,ÄNKL,32,2,2025,3
13,Halland,ÄNKL,33,1,2025,3
13,Halland,ÄNKL,33,2,2025,0
13,Halland,ÄNKL,34,1,2025,0
13,Halland,ÄNKL,34,2,2025,3
13,Halland,ÄNKL,35,1,2025,0
13,Halland,ÄNKL,35,2,2025,4
13,Halland,ÄNKL,36,1,2025,0
13,Halland,ÄNKL,36,2,2025,3
13,Halland,ÄNKL,37,1,2025,4
13,Halland,ÄNKL,37,2,2025,3
13,Halland,ÄNKL,38,1,2025,4
13,Halland,ÄNKL,38,2,2025,3
13,Halland,ÄNKL,39,1,2025,4
13,Halland,ÄNKL,39,2,2025,6
13,Halland,ÄNKL,40,1,2025,3
13,Halland,ÄNKL,40,2,2025,10
13,Halland,ÄNKL,41,1,2025,3
13,Halland,ÄNKL,41,2,2025,5
13,Halland,ÄNKL,42,1,2025,3
13,Halland,ÄNKL,42,2,2025,9
13,Halland,ÄNKL,43,1,2025,4
13,Halland,ÄNKL,43,2,2025,10
13,Halland,ÄNKL,44,1,2025,4
13,Halland,ÄNKL,44,2,2025,12
13,Halland,ÄNKL,45,1,2025,3
13,Halland,ÄNKL,45,2,2025,18
13,Halland,ÄNKL,46,1,2025,0
13,Halland,ÄNKL,46,2,2025,20
13,Halland,ÄNKL,47,1,2025,3
13,Halland,ÄNKL,47,2,2025,21
13,Halland,ÄNKL,48,1,2025,9
13,Halland,ÄNKL,48,2,2025,20
13,Halland,ÄNKL,49,1,2025,3
13,Halland,ÄNKL,49,2,2025,23
13,Halland,ÄNKL,50,1,2025,11
13,Halland,ÄNKL,50,2,2025,17
13,Halland,ÄNKL,51,1,2025,12
13,Halland,ÄNKL,51,2,2025,23
13,Halland,ÄNKL,52,1,2025,8
13,Halland,ÄNKL,52,2,2025,36
13,Halland,ÄNKL,53,1,2025,7
13,Halland,ÄNKL,53,2,2025,32
13,Halland,ÄNKL,54,1,2025,10
13,Halland,ÄNKL,54,2,2025,37
13,Halland,ÄNKL,55,1,2025,18
13,Halland,ÄNKL,55,2,2025,40
13,Halland,ÄNKL,56,1,2025,18
13,Halland,ÄNKL,56,2,2025,31
13,Halland,ÄNKL,57,1,2025,16
13,Halland,ÄNKL,57,2,2025,46
13,Halland,ÄNKL,58,1,2025,18
13,Halland,ÄNKL,58,2,2025,39
13,Halland,ÄNKL,59,1,2025,28
13,Halland,ÄNKL,59,2,2025,51
13,Halland,ÄNKL,60,1,2025,17
13,Halland,ÄNKL,60,2,2025,60
13,Halland,ÄNKL,61,1,2025,12
13,Halland,ÄNKL,61,2,2025,64
13,Halland,ÄNKL,62,1,2025,31
13,Halland,ÄNKL,62,2,2025,67
13,Halland,ÄNKL,63,1,2025,25
13,Halland,ÄNKL,63,2,2025,86
13,Halland,ÄNKL,64,1,2025,30
13,Halland,ÄNKL,64,2,2025,72
13,Halland,ÄNKL,65,1,2025,29
13,Halland,ÄNKL,65,2,2025,98
13,Halland,ÄNKL,66,1,2025,37
13,Halland,ÄNKL,66,2,2025,111
13,Halland,ÄNKL,67,1,2025,29
13,Halland,ÄNKL,67,2,2025,118
13,Halland,ÄNKL,68,1,2025,47
13,Halland,ÄNKL,68,2,2025,146
13,Halland,ÄNKL,69,1,2025,53
13,Halland,ÄNKL,69,2,2025,175
13,Halland,ÄNKL,70,1,2025,68
13,Halland,ÄNKL,70,2,2025,174
13,Halland,ÄNKL,71,1,2025,79
13,Halland,ÄNKL,71,2,2025,211
13,Halland,ÄNKL,72,1,2025,69
13,Halland,ÄNKL,72,2,2025,229
13,Halland,ÄNKL,73,1,2025,71
13,Halland,ÄNKL,73,2,2025,248
13,Halland,ÄNKL,74,1,2025,105
13,Halland,ÄNKL,74,2,2025,254
13,Halland,ÄNKL,75,1,2025,112
13,Halland,ÄNKL,75,2,2025,304
13,Halland,ÄNKL,76,1,2025,121
13,Halland,ÄNKL,76,2,2025,326
13,Halland,ÄNKL,77,1,2025,124
13,Halland,ÄNKL,77,2,2025,384
13,Halland,ÄNKL,78,1,2025,164
13,Halland,ÄNKL,78,2,2025,412
13,Halland,ÄNKL,79,1,2025,179
13,Halland,ÄNKL,79,2,2025,437
13,Halland,ÄNKL,80,1,2025,179
13,Halland,ÄNKL,80,2,2025,471
13,Halland,ÄNKL,81,1,2025,182
13,Halland,ÄNKL,81,2,2025,486
13,Halland,ÄNKL,82,1,2025,177
13,Halland,ÄNKL,82,2,2025,553
13,Halland,ÄNKL,83,1,2025,207
13,Halland,ÄNKL,83,2,2025,472
13,Halland,ÄNKL,84,1,2025,159
13,Halland,ÄNKL,84,2,2025,442
13,Halland,ÄNKL,85,1,2025,169
13,Halland,ÄNKL,85,2,2025,420
13,Halland,ÄNKL,86,1,2025,164
13,Halland,ÄNKL,86,2,2025,482
13,Halland,ÄNKL,87,1,2025,163
13,Halland,ÄNKL,87,2,2025,457
13,Halland,ÄNKL,88,1,2025,145
13,Halland,ÄNKL,88,2,2025,450
13,Halland,ÄNKL,89,1,2025,143
13,Halland,ÄNKL,89,2,2025,437
13,Halland,ÄNKL,90,1,2025,116
13,Halland,ÄNKL,90,2,2025,391
13,Halland,ÄNKL,91,1,2025,78
13,Halland,ÄNKL,91,2,2025,350
13,Halland,ÄNKL,92,1,2025,74
13,Halland,ÄNKL,92,2,2025,284
13,Halland,ÄNKL,93,1,2025,63
13,Halland,ÄNKL,93,2,2025,255
13,Halland,ÄNKL,94,1,2025,68
13,Halland,ÄNKL,94,2,2025,196
13,Halland,ÄNKL,95,1,2025,45
13,Halland,ÄNKL,95,2,2025,164
13,Halland,ÄNKL,96,1,2025,22
13,Halland,ÄNKL,96,2,2025,142
13,Halland,ÄNKL,97,1,2025,24
13,Halland,ÄNKL,97,2,2025,111
13,Halland,ÄNKL,98,1,2025,16
13,Halland,ÄNKL,98,2,2025,74
13,Halland,ÄNKL,99,1,2025,13
13,Halland,ÄNKL,99,2,2025,50
13,Halland,ÄNKL,100+1,1,2025,17
13,Halland,ÄNKL,100+1,2,2025,68
13,Halland,SK,0,1,2025,0
13,Halland,SK,0,2,2025,0
13,Halland,SK,1,1,2025,0
13,Halland,SK,1,2,2025,0
13,Halland,SK,2,1,2025,0
13,Halland,SK,2,2,2025,0
13,Halland,SK,3,1,2025,0
13,Halland,SK,3,2,2025,0
13,Halland,SK,4,1,2025,0
13,Halland,SK,4,2,2025,0
13,Halland,SK,5,1,2025,0
13,Halland,SK,5,2,2025,0
13,Halland,SK,6,1,2025,0
13,Halland,SK,6,2,2025,0
13,Halland,SK,7,1,2025,0
13,Halland,SK,7,2,2025,0
13,Halland,SK,8,1,2025,0
13,Halland,SK,8,2,2025,0
13,Halland,SK,9,1,2025,0
13,Halland,SK,9,2,2025,0
13,Halland,SK,10,1,2025,0
13,Halland,SK,10,2,2025,0
13,Halland,SK,11,1,2025,0
13,Halland,SK,11,2,2025,0
13,Halland,SK,12,1,2025,0
13,Halland,SK,12,2,2025,0
13,Halland,SK,13,1,2025,0
13,Halland,SK,13,2,2025,0
13,Halland,SK,14,1,2025,0
13,Halland,SK,14,2,2025,0
13,Halland,SK,15,1,2025,0
13,Halland,SK,15,2,2025,0
13,Halland,SK,16,1,2025,0
13,Halland,SK,16,2,2025,0
13,Halland,SK,17,1,2025,0
13,Halland,SK,17,2,2025,0
13,Halland,SK,18,1,2025,0
13,Halland,SK,18,2,2025,0
13,Halland,SK,19,1,2025,0
13,Halland,SK,19,2,2025,0
13,Halland,SK,20,1,2025,0
13,Halland,SK,20,2,2025,0
13,Halland,SK,21,1,2025,0
13,Halland,SK,21,2,2025,4
13,Halland,SK,22,1,2025,0
13,Halland,SK,22,2,2025,0
13,Halland,SK,23,1,2025,0
13,Halland,SK,23,2,2025,5
13,Halland,SK,24,1,2025,0
13,Halland,SK,24,2,2025,4
13,Halland,SK,25,1,2025,0
13,Halland,SK,25,2,2025,9
13,Halland,SK,26,1,2025,11
13,Halland,SK,26,2,2025,5
13,Halland,SK,27,1,2025,9
13,Halland,SK,27,2,2025,10
13,Halland,SK,28,1,2025,12
13,Halland,SK,28,2,2025,29
13,Halland,SK,29,1,2025,17
13,Halland,SK,29,2,2025,35
13,Halland,SK,30,1,2025,22
13,Halland,SK,30,2,2025,47
13,Halland,SK,31,1,2025,35
13,Halland,SK,31,2,2025,55
13,Halland,SK,32,1,2025,36
13,Halland,SK,32,2,2025,64
13,Halland,SK,33,1,2025,49
13,Halland,SK,33,2,2025,91
13,Halland,SK,34,1,2025,59
13,Halland,SK,34,2,2025,113
13,Halland,SK,35,1,2025,85
13,Halland,SK,35,2,2025,126
13,Halland,SK,36,1,2025,95
13,Halland,SK,36,2,2025,149
13,Halland,SK,37,1,2025,125
13,Halland,SK,37,2,2025,161
13,Halland,SK,38,1,2025,123
13,Halland,SK,38,2,2025,189
13,Halland,SK,39,1,2025,151
13,Halland,SK,39,2,2025,225
13,Halland,SK,40,1,2025,142
13,Halland,SK,40,2,2025,214
13,Halland,SK,41,1,2025,140
13,Halland,SK,41,2,2025,246
13,Halland,SK,42,1,2025,177
13,Halland,SK,42,2,2025,234
13,Halland,SK,43,1,2025,195
13,Halland,SK,43,2,2025,243
13,Halland,SK,44,1,2025,207
13,Halland,SK,44,2,2025,277
13,Halland,SK,45,1,2025,222
13,Halland,SK,45,2,2025,276
13,Halland,SK,46,1,2025,227
13,Halland,SK,46,2,2025,313
13,Halland,SK,47,1,2025,245
13,Halland,SK,47,2,2025,288
13,Halland,SK,48,1,2025,254
13,Halland,SK,48,2,2025,296
13,Halland,SK,49,1,2025,278
13,Halland,SK,49,2,2025,326
13,Halland,SK,50,1,2025,312
13,Halland,SK,50,2,2025,354
13,Halland,SK,51,1,2025,293
13,Halland,SK,51,2,2025,410
13,Halland,SK,52,1,2025,292
13,Halland,SK,52,2,2025,389
13,Halland,SK,53,1,2025,323
13,Halland,SK,53,2,2025,374
13,Halland,SK,54,1,2025,337
13,Halland,SK,54,2,2025,399
13,Halland,SK,55,1,2025,282
13,Halland,SK,55,2,2025,432
13,Halland,SK,56,1,2025,311
13,Halland,SK,56,2,2025,438
13,Halland,SK,57,1,2025,368
13,Halland,SK,57,2,2025,443
13,Halland,SK,58,1,2025,403
13,Halland,SK,58,2,2025,462
13,Halland,SK,59,1,2025,367
13,Halland,SK,59,2,2025,462
13,Halland,SK,60,1,2025,407
13,Halland,SK,60,2,2025,504
13,Halland,SK,61,1,2025,377
13,Halland,SK,61,2,2025,464
13,Halland,SK,62,1,2025,381
13,Halland,SK,62,2,2025,451
13,Halland,SK,63,1,2025,348
13,Halland,SK,63,2,2025,469
13,Halland,SK,64,1,2025,359
13,Halland,SK,64,2,2025,414
13,Halland,SK,65,1,2025,360
13,Halland,SK,65,2,2025,416
13,Halland,SK,66,1,2025,344
13,Halland,SK,66,2,2025,418
13,Halland,SK,67,1,2025,334
13,Halland,SK,67,2,2025,395
13,Halland,SK,68,1,2025,339
13,Halland,SK,68,2,2025,407
13,Halland,SK,69,1,2025,316
13,Halland,SK,69,2,2025,412
13,Halland,SK,70,1,2025,358
13,Halland,SK,70,2,2025,418
13,Halland,SK,71,1,2025,270
13,Halland,SK,71,2,2025,359
13,Halland,SK,72,1,2025,325
13,Halland,SK,72,2,2025,397
13,Halland,SK,73,1,2025,288
13,Halland,SK,73,2,2025,354
13,Halland,SK,74,1,2025,305
13,Halland,SK,74,2,2025,366
13,Halland,SK,75,1,2025,278
13,Halland,SK,75,2,2025,381
13,Halland,SK,76,1,2025,279
13,Halland,SK,76,2,2025,369
13,Halland,SK,77,1,2025,289
13,Halland,SK,77,2,2025,351
13,Halland,SK,78,1,2025,284
13,Halland,SK,78,2,2025,375
13,Halland,SK,79,1,2025,259
13,Halland,SK,79,2,2025,373
13,Halland,SK,80,1,2025,219
13,Halland,SK,80,2,2025,336
13,Halland,SK,81,1,2025,232
13,Halland,SK,81,2,2025,275
13,Halland,SK,82,1,2025,183
13,Halland,SK,82,2,2025,293
13,Halland,SK,83,1,2025,158
13,Halland,SK,83,2,2025,240
13,Halland,SK,84,1,2025,127
13,Halland,SK,84,2,2025,191
13,Halland,SK,85,1,2025,117
13,Halland,SK,85,2,2025,172
13,Halland,SK,86,1,2025,93
13,Halland,SK,86,2,2025,141
13,Halland,SK,87,1,2025,74
13,Halland,SK,87,2,2025,113
13,Halland,SK,88,1,2025,63
13,Halland,SK,88,2,2025,100
13,Halland,SK,89,1,2025,54
13,Halland,SK,89,2,2025,85
13,Halland,SK,90,1,2025,44
13,Halland,SK,90,2,2025,71
13,Halland,SK,91,1,2025,33
13,Halland,SK,91,2,2025,55
13,Halland,SK,92,1,2025,17
13,Halland,SK,92,2,2025,34
13,Halland,SK,93,1,2025,10
13,Halland,SK,93,2,2025,38
13,Halland,SK,94,1,2025,16
13,Halland,SK,94,2,2025,22
13,Halland,SK,95,1,2025,4
13,Halland,SK,95,2,2025,17
13,Halland,SK,96,1,2025,3
13,Halland,SK,96,2,2025,18
13,Halland,SK,97,1,2025,4
13,Halland,SK,97,2,2025,5
13,Halland,SK,98,1,2025,0
13,Halland,SK,98,2,2025,9
13,Halland,SK,99,1,2025,3
13,Halland,SK,99,2,2025,3
13,Halland,SK,100+1,1,2025,0
13,Halland,SK,100+1,2,2025,6
14,Västra Götaland,OG,0,1,2025,8859
14,Västra Götaland,OG,0,2,2025,8215
14,Västra Götaland,OG,1,1,2025,8882
14,Västra Götaland,OG,1,2,2025,8419
14,Västra Götaland,OG,2,1,2025,8987
14,Västra Götaland,OG,2,2,2025,8580
14,Västra Götaland,OG,3,1,2025,9398
14,Västra Götaland,OG,3,2,2025,8802
14,Västra Götaland,OG,4,1,2025,10156
14,Västra Götaland,OG,4,2,2025,9594
14,Västra Götaland,OG,5,1,2025,10000
14,Västra Götaland,OG,5,2,2025,9444
14,Västra Götaland,OG,6,1,2025,10084
14,Västra Götaland,OG,6,2,2025,9448
14,Västra Götaland,OG,7,1,2025,10214
14,Västra Götaland,OG,7,2,2025,9647
14,Västra Götaland,OG,8,1,2025,10288
14,Västra Götaland,OG,8,2,2025,9581
14,Västra Götaland,OG,9,1,2025,10661
14,Västra Götaland,OG,9,2,2025,10034
14,Västra Götaland,OG,10,1,2025,10517
14,Västra Götaland,OG,10,2,2025,9759
14,Västra Götaland,OG,11,1,2025,10624
14,Västra Götaland,OG,11,2,2025,10015
14,Västra Götaland,OG,12,1,2025,10487
14,Västra Götaland,OG,12,2,2025,10061
14,Västra Götaland,OG,13,1,2025,10635
14,Västra Götaland,OG,13,2,2025,10136
14,Västra Götaland,OG,14,1,2025,10567
14,Västra Götaland,OG,14,2,2025,9923
14,Västra Götaland,OG,15,1,2025,11226
14,Västra Götaland,OG,15,2,2025,10511
14,Västra Götaland,OG,16,1,2025,11046
14,Västra Götaland,OG,16,2,2025,10107
14,Västra Götaland,OG,17,1,2025,10665
14,Västra Götaland,OG,17,2,2025,10060
14,Västra Götaland,OG,18,1,2025,10723
14,Västra Götaland,OG,18,2,2025,10132
14,Västra Götaland,OG,19,1,2025,10708
14,Västra Götaland,OG,19,2,2025,9951
14,Västra Götaland,OG,20,1,2025,10455
14,Västra Götaland,OG,20,2,2025,9668
14,Västra Götaland,OG,21,1,2025,10640
14,Västra Götaland,OG,21,2,2025,9670
14,Västra Götaland,OG,22,1,2025,10473
14,Västra Götaland,OG,22,2,2025,9890
14,Västra Götaland,OG,23,1,2025,10242
14,Västra Götaland,OG,23,2,2025,9682
14,Västra Götaland,OG,24,1,2025,10322
14,Västra Götaland,OG,24,2,2025,9114
14,Västra Götaland,OG,25,1,2025,10629
14,Västra Götaland,OG,25,2,2025,9076
14,Västra Götaland,OG,26,1,2025,11345
14,Västra Götaland,OG,26,2,2025,9045
14,Västra Götaland,OG,27,1,2025,10715
14,Västra Götaland,OG,27,2,2025,8588
14,Västra Götaland,OG,28,1,2025,9634
14,Västra Götaland,OG,28,2,2025,8151
14,Västra Götaland,OG,29,1,2025,9625
14,Västra Götaland,OG,29,2,2025,7955
14,Västra Götaland,OG,30,1,2025,9717
14,Västra Götaland,OG,30,2,2025,8093
14,Västra Götaland,OG,31,1,2025,9998
14,Västra Götaland,OG,31,2,2025,8476
14,Västra Götaland,OG,32,1,2025,10063
14,Västra Götaland,OG,32,2,2025,8140
14,Västra Götaland,OG,33,1,2025,10084
14,Västra Götaland,OG,33,2,2025,7917
14,Västra Götaland,OG,34,1,2025,9686
14,Västra Götaland,OG,34,2,2025,7437
14,Västra Götaland,OG,35,1,2025,9030
14,Västra Götaland,OG,35,2,2025,7062
14,Västra Götaland,OG,36,1,2025,8011
14,Västra Götaland,OG,36,2,2025,6192
14,Västra Götaland,OG,37,1,2025,7570
14,Västra Götaland,OG,37,2,2025,5645
14,Västra Götaland,OG,38,1,2025,6690
14,Västra Götaland,OG,38,2,2025,5096
14,Västra Götaland,OG,39,1,2025,6172
14,Västra Götaland,OG,39,2,2025,4693
14,Västra Götaland,OG,40,1,2025,5847
14,Västra Götaland,OG,40,2,2025,4373
14,Västra Götaland,OG,41,1,2025,5265
14,Västra Götaland,OG,41,2,2025,3961
14,Västra Götaland,OG,42,1,2025,4846
14,Västra Götaland,OG,42,2,2025,3687
14,Västra Götaland,OG,43,1,2025,4740
14,Västra Götaland,OG,43,2,2025,3536
14,Västra Götaland,OG,44,1,2025,4369
14,Västra Götaland,OG,44,2,2025,3404
14,Västra Götaland,OG,45,1,2025,4192
14,Västra Götaland,OG,45,2,2025,3272
14,Västra Götaland,OG,46,1,2025,3962
14,Västra Götaland,OG,46,2,2025,3011
14,Västra Götaland,OG,47,1,2025,3788
14,Västra Götaland,OG,47,2,2025,2877
14,Västra Götaland,OG,48,1,2025,3601
14,Västra Götaland,OG,48,2,2025,2780
14,Västra Götaland,OG,49,1,2025,3565
14,Västra Götaland,OG,49,2,2025,2760
14,Västra Götaland,OG,50,1,2025,3578
14,Västra Götaland,OG,50,2,2025,2826
14,Västra Götaland,OG,51,1,2025,3674
14,Västra Götaland,OG,51,2,2025,2927
14,Västra Götaland,OG,52,1,2025,3527
14,Västra Götaland,OG,52,2,2025,2825
14,Västra Götaland,OG,53,1,2025,3516
14,Västra Götaland,OG,53,2,2025,2899
14,Västra Götaland,OG,54,1,2025,3364
14,Västra Götaland,OG,54,2,2025,2641
14,Västra Götaland,OG,55,1,2025,3245
14,Västra Götaland,OG,55,2,2025,2583
14,Västra Götaland,OG,56,1,2025,3189
14,Västra Götaland,OG,56,2,2025,2572
14,Västra Götaland,OG,57,1,2025,3282
14,Västra Götaland,OG,57,2,2025,2694
14,Västra Götaland,OG,58,1,2025,3422
14,Västra Götaland,OG,58,2,2025,2701
14,Västra Götaland,OG,59,1,2025,3381
14,Västra Götaland,OG,59,2,2025,2694
14,Västra Götaland,OG,60,1,2025,3225
14,Västra Götaland,OG,60,2,2025,2590
14,Västra Götaland,OG,61,1,2025,3099
14,Västra Götaland,OG,61,2,2025,2585
14,Västra Götaland,OG,62,1,2025,2835
14,Västra Götaland,OG,62,2,2025,2277
14,Västra Götaland,OG,63,1,2025,2529
14,Västra Götaland,OG,63,2,2025,2031
14,Västra Götaland,OG,64,1,2025,2418
14,Västra Götaland,OG,64,2,2025,1919
14,Västra Götaland,OG,65,1,2025,2271
14,Västra Götaland,OG,65,2,2025,1812
14,Västra Götaland,OG,66,1,2025,2174
14,Västra Götaland,OG,66,2,2025,1789
14,Västra Götaland,OG,67,1,2025,2042
14,Västra Götaland,OG,67,2,2025,1658
14,Västra Götaland,OG,68,1,2025,1971
14,Västra Götaland,OG,68,2,2025,1553
14,Västra Götaland,OG,69,1,2025,1835
14,Västra Götaland,OG,69,2,2025,1435
14,Västra Götaland,OG,70,1,2025,1700
14,Västra Götaland,OG,70,2,2025,1372
14,Västra Götaland,OG,71,1,2025,1561
14,Västra Götaland,OG,71,2,2025,1188
14,Västra Götaland,OG,72,1,2025,1491
14,Västra Götaland,OG,72,2,2025,1259
14,Västra Götaland,OG,73,1,2025,1348
14,Västra Götaland,OG,73,2,2025,1088
14,Västra Götaland,OG,74,1,2025,1191
14,Västra Götaland,OG,74,2,2025,966
14,Västra Götaland,OG,75,1,2025,1138
14,Västra Götaland,OG,75,2,2025,936
14,Västra Götaland,OG,76,1,2025,1109
14,Västra Götaland,OG,76,2,2025,854
14,Västra Götaland,OG,77,1,2025,1032
14,Västra Götaland,OG,77,2,2025,824
14,Västra Götaland,OG,78,1,2025,926
14,Västra Götaland,OG,78,2,2025,699
14,Västra Götaland,OG,79,1,2025,859
14,Västra Götaland,OG,79,2,2025,643
14,Västra Götaland,OG,80,1,2025,754
14,Västra Götaland,OG,80,2,2025,570
14,Västra Götaland,OG,81,1,2025,569
14,Västra Götaland,OG,81,2,2025,490
14,Västra Götaland,OG,82,1,2025,480
14,Västra Götaland,OG,82,2,2025,390
14,Västra Götaland,OG,83,1,2025,346
14,Västra Götaland,OG,83,2,2025,331
14,Västra Götaland,OG,84,1,2025,323
14,Västra Götaland,OG,84,2,2025,265
14,Västra Götaland,OG,85,1,2025,255
14,Västra Götaland,OG,85,2,2025,236
14,Västra Götaland,OG,86,1,2025,236
14,Västra Götaland,OG,86,2,2025,202
14,Västra Götaland,OG,87,1,2025,168
14,Västra Götaland,OG,87,2,2025,154
14,Västra Götaland,OG,88,1,2025,130
14,Västra Götaland,OG,88,2,2025,138
14,Västra Götaland,OG,89,1,2025,85
14,Västra Götaland,OG,89,2,2025,112
14,Västra Götaland,OG,90,1,2025,96
14,Västra Götaland,OG,90,2,2025,94
14,Västra Götaland,OG,91,1,2025,60
14,Västra Götaland,OG,91,2,2025,88
14,Västra Götaland,OG,92,1,2025,46
14,Västra Götaland,OG,92,2,2025,75
14,Västra Götaland,OG,93,1,2025,36
14,Västra Götaland,OG,93,2,2025,68
14,Västra Götaland,OG,94,1,2025,28
14,Västra Götaland,OG,94,2,2025,54
14,Västra Götaland,OG,95,1,2025,10
14,Västra Götaland,OG,95,2,2025,36
14,Västra Götaland,OG,96,1,2025,17
14,Västra Götaland,OG,96,2,2025,29
14,Västra Götaland,OG,97,1,2025,7
14,Västra Götaland,OG,97,2,2025,20
14,Västra Götaland,OG,98,1,2025,7
14,Västra Götaland,OG,98,2,2025,14
14,Västra Götaland,OG,99,1,2025,6
14,Västra Götaland,OG,99,2,2025,13
14,Västra Götaland,OG,100+1,1,2025,3
14,Västra Götaland,OG,100+1,2,2025,21
14,Västra Götaland,G,0,1,2025,0
14,Västra Götaland,G,0,2,2025,0
14,Västra Götaland,G,1,1,2025,0
14,Västra Götaland,G,1,2,2025,0
14,Västra Götaland,G,2,1,2025,0
14,Västra Götaland,G,2,2,2025,0
14,Västra Götaland,G,3,1,2025,0
14,Västra Götaland,G,3,2,2025,0
14,Västra Götaland,G,4,1,2025,0
14,Västra Götaland,G,4,2,2025,0
14,Västra Götaland,G,5,1,2025,0
14,Västra Götaland,G,5,2,2025,0
14,Västra Götaland,G,6,1,2025,0
14,Västra Götaland,G,6,2,2025,0
14,Västra Götaland,G,7,1,2025,0
14,Västra Götaland,G,7,2,2025,0
14,Västra Götaland,G,8,1,2025,0
14,Västra Götaland,G,8,2,2025,0
14,Västra Götaland,G,9,1,2025,0
14,Västra Götaland,G,9,2,2025,0
14,Västra Götaland,G,10,1,2025,0
14,Västra Götaland,G,10,2,2025,0
14,Västra Götaland,G,11,1,2025,0
14,Västra Götaland,G,11,2,2025,0
14,Västra Götaland,G,12,1,2025,0
14,Västra Götaland,G,12,2,2025,0
14,Västra Götaland,G,13,1,2025,0
14,Västra Götaland,G,13,2,2025,0
14,Västra Götaland,G,14,1,2025,0
14,Västra Götaland,G,14,2,2025,0
14,Västra Götaland,G,15,1,2025,0
14,Västra Götaland,G,15,2,2025,0
14,Västra Götaland,G,16,1,2025,0
14,Västra Götaland,G,16,2,2025,0
14,Västra Götaland,G,17,1,2025,0
14,Västra Götaland,G,17,2,2025,0
14,Västra Götaland,G,18,1,2025,0
14,Västra Götaland,G,18,2,2025,8
14,Västra Götaland,G,19,1,2025,3
14,Västra Götaland,G,19,2,2025,20
14,Västra Götaland,G,20,1,2025,21
14,Västra Götaland,G,20,2,2025,55
14,Västra Götaland,G,21,1,2025,34
14,Västra Götaland,G,21,2,2025,174
14,Västra Götaland,G,22,1,2025,96
14,Västra Götaland,G,22,2,2025,318
14,Västra Götaland,G,23,1,2025,152
14,Västra Götaland,G,23,2,2025,509
14,Västra Götaland,G,24,1,2025,262
14,Västra Götaland,G,24,2,2025,725
14,Västra Götaland,G,25,1,2025,497
14,Västra Götaland,G,25,2,2025,994
14,Västra Götaland,G,26,1,2025,906
14,Västra Götaland,G,26,2,2025,1284
14,Västra Götaland,G,27,1,2025,1047
14,Västra Götaland,G,27,2,2025,1627
14,Västra Götaland,G,28,1,2025,1175
14,Västra Götaland,G,28,2,2025,2158
14,Västra Götaland,G,29,1,2025,1614
14,Västra Götaland,G,29,2,2025,2548
14,Västra Götaland,G,30,1,2025,2115
14,Västra Götaland,G,30,2,2025,3086
14,Västra Götaland,G,31,1,2025,2694
14,Västra Götaland,G,31,2,2025,3793
14,Västra Götaland,G,32,1,2025,3155
14,Västra Götaland,G,32,2,2025,4263
14,Västra Götaland,G,33,1,2025,3731
14,Västra Götaland,G,33,2,2025,4728
14,Västra Götaland,G,34,1,2025,4235
14,Västra Götaland,G,34,2,2025,5109
14,Västra Götaland,G,35,1,2025,4794
14,Västra Götaland,G,35,2,2025,5643
14,Västra Götaland,G,36,1,2025,4906
14,Västra Götaland,G,36,2,2025,5732
14,Västra Götaland,G,37,1,2025,5353
14,Västra Götaland,G,37,2,2025,5884
14,Västra Götaland,G,38,1,2025,5268
14,Västra Götaland,G,38,2,2025,5858
14,Västra Götaland,G,39,1,2025,5489
14,Västra Götaland,G,39,2,2025,5718
14,Västra Götaland,G,40,1,2025,5609
14,Västra Götaland,G,40,2,2025,5797
14,Västra Götaland,G,41,1,2025,5392
14,Västra Götaland,G,41,2,2025,5684
14,Västra Götaland,G,42,1,2025,5364
14,Västra Götaland,G,42,2,2025,5534
14,Västra Götaland,G,43,1,2025,5488
14,Västra Götaland,G,43,2,2025,5594
14,Västra Götaland,G,44,1,2025,5479
14,Västra Götaland,G,44,2,2025,5438
14,Västra Götaland,G,45,1,2025,5735
14,Västra Götaland,G,45,2,2025,5823
14,Västra Götaland,G,46,1,2025,5433
14,Västra Götaland,G,46,2,2025,5580
14,Västra Götaland,G,47,1,2025,5347
14,Västra Götaland,G,47,2,2025,5450
14,Västra Götaland,G,48,1,2025,5569
14,Västra Götaland,G,48,2,2025,5538
14,Västra Götaland,G,49,1,2025,5466
14,Västra Götaland,G,49,2,2025,5503
14,Västra Götaland,G,50,1,2025,5845
14,Västra Götaland,G,50,2,2025,5718
14,Västra Götaland,G,51,1,2025,5923
14,Västra Götaland,G,51,2,2025,5860
14,Västra Götaland,G,52,1,2025,5840
14,Västra Götaland,G,52,2,2025,5676
14,Västra Götaland,G,53,1,2025,5671
14,Västra Götaland,G,53,2,2025,5881
14,Västra Götaland,G,54,1,2025,5815
14,Västra Götaland,G,54,2,2025,5656
14,Västra Götaland,G,55,1,2025,5577
14,Västra Götaland,G,55,2,2025,5683
14,Västra Götaland,G,56,1,2025,5730
14,Västra Götaland,G,56,2,2025,5534
14,Västra Götaland,G,57,1,2025,5845
14,Västra Götaland,G,57,2,2025,5623
14,Västra Götaland,G,58,1,2025,5953
14,Västra Götaland,G,58,2,2025,5858
14,Västra Götaland,G,59,1,2025,5993
14,Västra Götaland,G,59,2,2025,5864
14,Västra Götaland,G,60,1,2025,6177
14,Västra Götaland,G,60,2,2025,5720
14,Västra Götaland,G,61,1,2025,5896
14,Västra Götaland,G,61,2,2025,5796
14,Västra Götaland,G,62,1,2025,5748
14,Västra Götaland,G,62,2,2025,5498
14,Västra Götaland,G,63,1,2025,5308
14,Västra Götaland,G,63,2,2025,4949
14,Västra Götaland,G,64,1,2025,5187
14,Västra Götaland,G,64,2,2025,4906
14,Västra Götaland,G,65,1,2025,4967
14,Västra Götaland,G,65,2,2025,4768
14,Västra Götaland,G,66,1,2025,5137
14,Västra Götaland,G,66,2,2025,4693
14,Västra Götaland,G,67,1,2025,5156
14,Västra Götaland,G,67,2,2025,4643
14,Västra Götaland,G,68,1,2025,5030
14,Västra Götaland,G,68,2,2025,4877
14,Västra Götaland,G,69,1,2025,5166
14,Västra Götaland,G,69,2,2025,4749
14,Västra Götaland,G,70,1,2025,4794
14,Västra Götaland,G,70,2,2025,4698
14,Västra Götaland,G,71,1,2025,4770
14,Västra Götaland,G,71,2,2025,4548
14,Västra Götaland,G,72,1,2025,4870
14,Västra Götaland,G,72,2,2025,4555
14,Västra Götaland,G,73,1,2025,4820
14,Västra Götaland,G,73,2,2025,4344
14,Västra Götaland,G,74,1,2025,4506
14,Västra Götaland,G,74,2,2025,4213
14,Västra Götaland,G,75,1,2025,4770
14,Västra Götaland,G,75,2,2025,4192
14,Västra Götaland,G,76,1,2025,4816
14,Västra Götaland,G,76,2,2025,4207
14,Västra Götaland,G,77,1,2025,4817
14,Västra Götaland,G,77,2,2025,4221
14,Västra Götaland,G,78,1,2025,4692
14,Västra Götaland,G,78,2,2025,3987
14,Västra Götaland,G,79,1,2025,4295
14,Västra Götaland,G,79,2,2025,3673
14,Västra Götaland,G,80,1,2025,4368
14,Västra Götaland,G,80,2,2025,3355
14,Västra Götaland,G,81,1,2025,3895
14,Västra Götaland,G,81,2,2025,2897
14,Västra Götaland,G,82,1,2025,3483
14,Västra Götaland,G,82,2,2025,2616
14,Västra Götaland,G,83,1,2025,3080
14,Västra Götaland,G,83,2,2025,2169
14,Västra Götaland,G,84,1,2025,2396
14,Västra Götaland,G,84,2,2025,1552
14,Västra Götaland,G,85,1,2025,1994
14,Västra Götaland,G,85,2,2025,1324
14,Västra Götaland,G,86,1,2025,1749
14,Västra Götaland,G,86,2,2025,1150
14,Västra Götaland,G,87,1,2025,1515
14,Västra Götaland,G,87,2,2025,859
14,Västra Götaland,G,88,1,2025,1188
14,Västra Götaland,G,88,2,2025,662
14,Västra Götaland,G,89,1,2025,935
14,Västra Götaland,G,89,2,2025,476
14,Västra Götaland,G,90,1,2025,741
14,Västra Götaland,G,90,2,2025,357
14,Västra Götaland,G,91,1,2025,546
14,Västra Götaland,G,91,2,2025,244
14,Västra Götaland,G,92,1,2025,391
14,Västra Götaland,G,92,2,2025,154
14,Västra Götaland,G,93,1,2025,306
14,Västra Götaland,G,93,2,2025,106
14,Västra Götaland,G,94,1,2025,195
14,Västra Götaland,G,94,2,2025,74
14,Västra Götaland,G,95,1,2025,132
14,Västra Götaland,G,95,2,2025,39
14,Västra Götaland,G,96,1,2025,79
14,Västra Götaland,G,96,2,2025,18
14,Västra Götaland,G,97,1,2025,49
14,Västra Götaland,G,97,2,2025,15
14,Västra Götaland,G,98,1,2025,22
14,Västra Götaland,G,98,2,2025,8
14,Västra Götaland,G,99,1,2025,9
14,Västra Götaland,G,99,2,2025,5
14,Västra Götaland,G,100+1,1,2025,12
14,Västra Götaland,G,100+1,2,2025,7
14,Västra Götaland,ÄNKL,0,1,2025,0
14,Västra Götaland,ÄNKL,0,2,2025,0
14,Västra Götaland,ÄNKL,1,1,2025,0
14,Västra Götaland,ÄNKL,1,2,2025,0
14,Västra Götaland,ÄNKL,2,1,2025,0
14,Västra Götaland,ÄNKL,2,2,2025,0
14,Västra Götaland,ÄNKL,3,1,2025,0
14,Västra Götaland,ÄNKL,3,2,2025,0
14,Västra Götaland,ÄNKL,4,1,2025,0
14,Västra Götaland,ÄNKL,4,2,2025,0
14,Västra Götaland,ÄNKL,5,1,2025,0
14,Västra Götaland,ÄNKL,5,2,2025,0
14,Västra Götaland,ÄNKL,6,1,2025,0
14,Västra Götaland,ÄNKL,6,2,2025,0
14,Västra Götaland,ÄNKL,7,1,2025,0
14,Västra Götaland,ÄNKL,7,2,2025,0
14,Västra Götaland,ÄNKL,8,1,2025,0
14,Västra Götaland,ÄNKL,8,2,2025,0
14,Västra Götaland,ÄNKL,9,1,2025,0
14,Västra Götaland,ÄNKL,9,2,2025,0
14,Västra Götaland,ÄNKL,10,1,2025,0
14,Västra Götaland,ÄNKL,10,2,2025,0
14,Västra Götaland,ÄNKL,11,1,2025,0
14,Västra Götaland,ÄNKL,11,2,2025,0
14,Västra Götaland,ÄNKL,12,1,2025,0
14,Västra Götaland,ÄNKL,12,2,2025,0
14,Västra Götaland,ÄNKL,13,1,2025,0
14,Västra Götaland,ÄNKL,13,2,2025,0
14,Västra Götaland,ÄNKL,14,1,2025,0
14,Västra Götaland,ÄNKL,14,2,2025,0
14,Västra Götaland,ÄNKL,15,1,2025,0
14,Västra Götaland,ÄNKL,15,2,2025,0
14,Västra Götaland,ÄNKL,16,1,2025,0
14,Västra Götaland,ÄNKL,16,2,2025,0
14,Västra Götaland,ÄNKL,17,1,2025,0
14,Västra Götaland,ÄNKL,17,2,2025,0
14,Västra Götaland,ÄNKL,18,1,2025,0
14,Västra Götaland,ÄNKL,18,2,2025,0
14,Västra Götaland,ÄNKL,19,1,2025,0
14,Västra Götaland,ÄNKL,19,2,2025,0
14,Västra Götaland,ÄNKL,20,1,2025,0
14,Västra Götaland,ÄNKL,20,2,2025,0
14,Västra Götaland,ÄNKL,21,1,2025,0
14,Västra Götaland,ÄNKL,21,2,2025,0
14,Västra Götaland,ÄNKL,22,1,2025,0
14,Västra Götaland,ÄNKL,22,2,2025,0
14,Västra Götaland,ÄNKL,23,1,2025,0
14,Västra Götaland,ÄNKL,23,2,2025,0
14,Västra Götaland,ÄNKL,24,1,2025,0
14,Västra Götaland,ÄNKL,24,2,2025,3
14,Västra Götaland,ÄNKL,25,1,2025,0
14,Västra Götaland,ÄNKL,25,2,2025,3
14,Västra Götaland,ÄNKL,26,1,2025,0
14,Västra Götaland,ÄNKL,26,2,2025,0
14,Västra Götaland,ÄNKL,27,1,2025,0
14,Västra Götaland,ÄNKL,27,2,2025,0
14,Västra Götaland,ÄNKL,28,1,2025,3
14,Västra Götaland,ÄNKL,28,2,2025,4
14,Västra Götaland,ÄNKL,29,1,2025,0
14,Västra Götaland,ÄNKL,29,2,2025,5
14,Västra Götaland,ÄNKL,30,1,2025,4
14,Västra Götaland,ÄNKL,30,2,2025,3
14,Västra Götaland,ÄNKL,31,1,2025,0
14,Västra Götaland,ÄNKL,31,2,2025,7
14,Västra Götaland,ÄNKL,32,1,2025,0
14,Västra Götaland,ÄNKL,32,2,2025,20
14,Västra Götaland,ÄNKL,33,1,2025,8
14,Västra Götaland,ÄNKL,33,2,2025,15
14,Västra Götaland,ÄNKL,34,1,2025,5
14,Västra Götaland,ÄNKL,34,2,2025,20
14,Västra Götaland,ÄNKL,35,1,2025,7
14,Västra Götaland,ÄNKL,35,2,2025,25
14,Västra Götaland,ÄNKL,36,1,2025,6
14,Västra Götaland,ÄNKL,36,2,2025,31
14,Västra Götaland,ÄNKL,37,1,2025,6
14,Västra Götaland,ÄNKL,37,2,2025,38
14,Västra Götaland,ÄNKL,38,1,2025,12
14,Västra Götaland,ÄNKL,38,2,2025,38
14,Västra Götaland,ÄNKL,39,1,2025,14
14,Västra Götaland,ÄNKL,39,2,2025,48
14,Västra Götaland,ÄNKL,40,1,2025,20
14,Västra Götaland,ÄNKL,40,2,2025,40
14,Västra Götaland,ÄNKL,41,1,2025,15
14,Västra Götaland,ÄNKL,41,2,2025,56
14,Västra Götaland,ÄNKL,42,1,2025,22
14,Västra Götaland,ÄNKL,42,2,2025,51
14,Västra Götaland,ÄNKL,43,1,2025,15
14,Västra Götaland,ÄNKL,43,2,2025,69
14,Västra Götaland,ÄNKL,44,1,2025,16
14,Västra Götaland,ÄNKL,44,2,2025,62
14,Västra Götaland,ÄNKL,45,1,2025,20
14,Västra Götaland,ÄNKL,45,2,2025,86
14,Västra Götaland,ÄNKL,46,1,2025,14
14,Västra Götaland,ÄNKL,46,2,2025,100
14,Västra Götaland,ÄNKL,47,1,2025,28
14,Västra Götaland,ÄNKL,47,2,2025,97
14,Västra Götaland,ÄNKL,48,1,2025,27
14,Västra Götaland,ÄNKL,48,2,2025,83
14,Västra Götaland,ÄNKL,49,1,2025,32
14,Västra Götaland,ÄNKL,49,2,2025,97
14,Västra Götaland,ÄNKL,50,1,2025,44
14,Västra Götaland,ÄNKL,50,2,2025,129
14,Västra Götaland,ÄNKL,51,1,2025,43
14,Västra Götaland,ÄNKL,51,2,2025,138
14,Västra Götaland,ÄNKL,52,1,2025,46
14,Västra Götaland,ÄNKL,52,2,2025,164
14,Västra Götaland,ÄNKL,53,1,2025,48
14,Västra Götaland,ÄNKL,53,2,2025,150
14,Västra Götaland,ÄNKL,54,1,2025,67
14,Västra Götaland,ÄNKL,54,2,2025,180
14,Västra Götaland,ÄNKL,55,1,2025,61
14,Västra Götaland,ÄNKL,55,2,2025,225
14,Västra Götaland,ÄNKL,56,1,2025,66
14,Västra Götaland,ÄNKL,56,2,2025,229
14,Västra Götaland,ÄNKL,57,1,2025,78
14,Västra Götaland,ÄNKL,57,2,2025,269
14,Västra Götaland,ÄNKL,58,1,2025,104
14,Västra Götaland,ÄNKL,58,2,2025,279
14,Västra Götaland,ÄNKL,59,1,2025,109
14,Västra Götaland,ÄNKL,59,2,2025,321
14,Västra Götaland,ÄNKL,60,1,2025,107
14,Västra Götaland,ÄNKL,60,2,2025,348
14,Västra Götaland,ÄNKL,61,1,2025,131
14,Västra Götaland,ÄNKL,61,2,2025,358
14,Västra Götaland,ÄNKL,62,1,2025,124
14,Västra Götaland,ÄNKL,62,2,2025,416
14,Västra Götaland,ÄNKL,63,1,2025,134
14,Västra Götaland,ÄNKL,63,2,2025,387
14,Västra Götaland,ÄNKL,64,1,2025,136
14,Västra Götaland,ÄNKL,64,2,2025,454
14,Västra Götaland,ÄNKL,65,1,2025,154
14,Västra Götaland,ÄNKL,65,2,2025,535
14,Västra Götaland,ÄNKL,66,1,2025,191
14,Västra Götaland,ÄNKL,66,2,2025,536
14,Västra Götaland,ÄNKL,67,1,2025,203
14,Västra Götaland,ÄNKL,67,2,2025,596
14,Västra Götaland,ÄNKL,68,1,2025,238
14,Västra Götaland,ÄNKL,68,2,2025,766
14,Västra Götaland,ÄNKL,69,1,2025,249
14,Västra Götaland,ÄNKL,69,2,2025,762
14,Västra Götaland,ÄNKL,70,1,2025,271
14,Västra Götaland,ÄNKL,70,2,2025,840
14,Västra Götaland,ÄNKL,71,1,2025,295
14,Västra Götaland,ÄNKL,71,2,2025,912
14,Västra Götaland,ÄNKL,72,1,2025,352
14,Västra Götaland,ÄNKL,72,2,2025,1011
14,Västra Götaland,ÄNKL,73,1,2025,348
14,Västra Götaland,ÄNKL,73,2,2025,1144
14,Västra Götaland,ÄNKL,74,1,2025,395
14,Västra Götaland,ÄNKL,74,2,2025,1147
14,Västra Götaland,ÄNKL,75,1,2025,465
14,Västra Götaland,ÄNKL,75,2,2025,1388
14,Västra Götaland,ÄNKL,76,1,2025,575
14,Västra Götaland,ÄNKL,76,2,2025,1488
14,Västra Götaland,ÄNKL,77,1,2025,670
14,Västra Götaland,ÄNKL,77,2,2025,1722
14,Västra Götaland,ÄNKL,78,1,2025,720
14,Västra Götaland,ÄNKL,78,2,2025,1850
14,Västra Götaland,ÄNKL,79,1,2025,760
14,Västra Götaland,ÄNKL,79,2,2025,1956
14,Västra Götaland,ÄNKL,80,1,2025,789
14,Västra Götaland,ÄNKL,80,2,2025,2187
14,Västra Götaland,ÄNKL,81,1,2025,843
14,Västra Götaland,ÄNKL,81,2,2025,2240
14,Västra Götaland,ÄNKL,82,1,2025,866
14,Västra Götaland,ÄNKL,82,2,2025,2270
14,Västra Götaland,ÄNKL,83,1,2025,797
14,Västra Götaland,ÄNKL,83,2,2025,2304
14,Västra Götaland,ÄNKL,84,1,2025,698
14,Västra Götaland,ÄNKL,84,2,2025,2027
14,Västra Götaland,ÄNKL,85,1,2025,733
14,Västra Götaland,ÄNKL,85,2,2025,2072
14,Västra Götaland,ÄNKL,86,1,2025,658
14,Västra Götaland,ÄNKL,86,2,2025,2120
14,Västra Götaland,ÄNKL,87,1,2025,644
14,Västra Götaland,ÄNKL,87,2,2025,2076
14,Västra Götaland,ÄNKL,88,1,2025,573
14,Västra Götaland,ÄNKL,88,2,2025,1840
14,Västra Götaland,ÄNKL,89,1,2025,579
14,Västra Götaland,ÄNKL,89,2,2025,1750
14,Västra Götaland,ÄNKL,90,1,2025,495
14,Västra Götaland,ÄNKL,90,2,2025,1562
14,Västra Götaland,ÄNKL,91,1,2025,389
14,Västra Götaland,ÄNKL,91,2,2025,1459
14,Västra Götaland,ÄNKL,92,1,2025,349
14,Västra Götaland,ÄNKL,92,2,2025,1276
14,Västra Götaland,ÄNKL,93,1,2025,306
14,Västra Götaland,ÄNKL,93,2,2025,1162
14,Västra Götaland,ÄNKL,94,1,2025,259
14,Västra Götaland,ÄNKL,94,2,2025,888
14,Västra Götaland,ÄNKL,95,1,2025,216
14,Västra Götaland,ÄNKL,95,2,2025,753
14,Västra Götaland,ÄNKL,96,1,2025,144
14,Västra Götaland,ÄNKL,96,2,2025,584
14,Västra Götaland,ÄNKL,97,1,2025,107
14,Västra Götaland,ÄNKL,97,2,2025,418
14,Västra Götaland,ÄNKL,98,1,2025,67
14,Västra Götaland,ÄNKL,98,2,2025,281
14,Västra Götaland,ÄNKL,99,1,2025,51
14,Västra Götaland,ÄNKL,99,2,2025,194
14,Västra Götaland,ÄNKL,100+1,1,2025,64
14,Västra Götaland,ÄNKL,100+1,2,2025,364
14,Västra Götaland,SK,0,1,2025,0
14,Västra Götaland,SK,0,2,2025,0
14,Västra Götaland,SK,1,1,2025,0
14,Västra Götaland,SK,1,2,2025,0
14,Västra Götaland,SK,2,1,2025,0
14,Västra Götaland,SK,2,2,2025,0
14,Västra Götaland,SK,3,1,2025,0
14,Västra Götaland,SK,3,2,2025,0
14,Västra Götaland,SK,4,1,2025,0
14,Västra Götaland,SK,4,2,2025,0
14,Västra Götaland,SK,5,1,2025,0
14,Västra Götaland,SK,5,2,2025,0
14,Västra Götaland,SK,6,1,2025,0
14,Västra Götaland,SK,6,2,2025,0
14,Västra Götaland,SK,7,1,2025,0
14,Västra Götaland,SK,7,2,2025,0
14,Västra Götaland,SK,8,1,2025,0
14,Västra Götaland,SK,8,2,2025,0
14,Västra Götaland,SK,9,1,2025,0
14,Västra Götaland,SK,9,2,2025,0
14,Västra Götaland,SK,10,1,2025,0
14,Västra Götaland,SK,10,2,2025,0
14,Västra Götaland,SK,11,1,2025,0
14,Västra Götaland,SK,11,2,2025,0
14,Västra Götaland,SK,12,1,2025,0
14,Västra Götaland,SK,12,2,2025,0
14,Västra Götaland,SK,13,1,2025,0
14,Västra Götaland,SK,13,2,2025,0
14,Västra Götaland,SK,14,1,2025,0
14,Västra Götaland,SK,14,2,2025,0
14,Västra Götaland,SK,15,1,2025,0
14,Västra Götaland,SK,15,2,2025,0
14,Västra Götaland,SK,16,1,2025,0
14,Västra Götaland,SK,16,2,2025,0
14,Västra Götaland,SK,17,1,2025,0
14,Västra Götaland,SK,17,2,2025,0
14,Västra Götaland,SK,18,1,2025,0
14,Västra Götaland,SK,18,2,2025,0
14,Västra Götaland,SK,19,1,2025,0
14,Västra Götaland,SK,19,2,2025,3
14,Västra Götaland,SK,20,1,2025,0
14,Västra Götaland,SK,20,2,2025,3
14,Västra Götaland,SK,21,1,2025,3
14,Västra Götaland,SK,21,2,2025,6
14,Västra Götaland,SK,22,1,2025,8
14,Västra Götaland,SK,22,2,2025,19
14,Västra Götaland,SK,23,1,2025,12
14,Västra Götaland,SK,23,2,2025,19
14,Västra Götaland,SK,24,1,2025,18
14,Västra Götaland,SK,24,2,2025,39
14,Västra Götaland,SK,25,1,2025,16
14,Västra Götaland,SK,25,2,2025,52
14,Västra Götaland,SK,26,1,2025,47
14,Västra Götaland,SK,26,2,2025,78
14,Västra Götaland,SK,27,1,2025,49
14,Västra Götaland,SK,27,2,2025,124
14,Västra Götaland,SK,28,1,2025,84
14,Västra Götaland,SK,28,2,2025,176
14,Västra Götaland,SK,29,1,2025,87
14,Västra Götaland,SK,29,2,2025,232
14,Västra Götaland,SK,30,1,2025,173
14,Västra Götaland,SK,30,2,2025,316
14,Västra Götaland,SK,31,1,2025,203
14,Västra Götaland,SK,31,2,2025,426
14,Västra Götaland,SK,32,1,2025,275
14,Västra Götaland,SK,32,2,2025,482
14,Västra Götaland,SK,33,1,2025,350
14,Västra Götaland,SK,33,2,2025,586
14,Västra Götaland,SK,34,1,2025,397
14,Västra Götaland,SK,34,2,2025,738
14,Västra Götaland,SK,35,1,2025,577
14,Västra Götaland,SK,35,2,2025,888
14,Västra Götaland,SK,36,1,2025,628
14,Västra Götaland,SK,36,2,2025,985
14,Västra Götaland,SK,37,1,2025,748
14,Västra Götaland,SK,37,2,2025,1145
14,Västra Götaland,SK,38,1,2025,791
14,Västra Götaland,SK,38,2,2025,1170
14,Västra Götaland,SK,39,1,2025,898
14,Västra Götaland,SK,39,2,2025,1226
14,Västra Götaland,SK,40,1,2025,985
14,Västra Götaland,SK,40,2,2025,1308
14,Västra Götaland,SK,41,1,2025,1040
14,Västra Götaland,SK,41,2,2025,1391
14,Västra Götaland,SK,42,1,2025,1074
14,Västra Götaland,SK,42,2,2025,1441
14,Västra Götaland,SK,43,1,2025,1169
14,Västra Götaland,SK,43,2,2025,1624
14,Västra Götaland,SK,44,1,2025,1181
14,Västra Götaland,SK,44,2,2025,1613
14,Västra Götaland,SK,45,1,2025,1341
14,Västra Götaland,SK,45,2,2025,1763
14,Västra Götaland,SK,46,1,2025,1412
14,Västra Götaland,SK,46,2,2025,1751
14,Västra Götaland,SK,47,1,2025,1353
14,Västra Götaland,SK,47,2,2025,1795
14,Västra Götaland,SK,48,1,2025,1473
14,Västra Götaland,SK,48,2,2025,1835
14,Västra Götaland,SK,49,1,2025,1462
14,Västra Götaland,SK,49,2,2025,1874
14,Västra Götaland,SK,50,1,2025,1590
14,Västra Götaland,SK,50,2,2025,1954
14,Västra Götaland,SK,51,1,2025,1733
14,Västra Götaland,SK,51,2,2025,2098
14,Västra Götaland,SK,52,1,2025,1635
14,Västra Götaland,SK,52,2,2025,2064
14,Västra Götaland,SK,53,1,2025,1807
14,Västra Götaland,SK,53,2,2025,2148
14,Västra Götaland,SK,54,1,2025,1787
14,Västra Götaland,SK,54,2,2025,2156
14,Västra Götaland,SK,55,1,2025,1785
14,Västra Götaland,SK,55,2,2025,2166
14,Västra Götaland,SK,56,1,2025,1785
14,Västra Götaland,SK,56,2,2025,2175
14,Västra Götaland,SK,57,1,2025,1863
14,Västra Götaland,SK,57,2,2025,2349
14,Västra Götaland,SK,58,1,2025,1933
14,Västra Götaland,SK,58,2,2025,2411
14,Västra Götaland,SK,59,1,2025,2094
14,Västra Götaland,SK,59,2,2025,2452
14,Västra Götaland,SK,60,1,2025,2022
14,Västra Götaland,SK,60,2,2025,2579
14,Västra Götaland,SK,61,1,2025,2099
14,Västra Götaland,SK,61,2,2025,2458
14,Västra Götaland,SK,62,1,2025,2069
14,Västra Götaland,SK,62,2,2025,2371
14,Västra Götaland,SK,63,1,2025,1927
14,Västra Götaland,SK,63,2,2025,2218
14,Västra Götaland,SK,64,1,2025,1802
14,Västra Götaland,SK,64,2,2025,2210
14,Västra Götaland,SK,65,1,2025,1752
14,Västra Götaland,SK,65,2,2025,2194
14,Västra Götaland,SK,66,1,2025,1738
14,Västra Götaland,SK,66,2,2025,2175
14,Västra Götaland,SK,67,1,2025,1752
14,Västra Götaland,SK,67,2,2025,2140
14,Västra Götaland,SK,68,1,2025,1736
14,Västra Götaland,SK,68,2,2025,2068
14,Västra Götaland,SK,69,1,2025,1692
14,Västra Götaland,SK,69,2,2025,2075
14,Västra Götaland,SK,70,1,2025,1649
14,Västra Götaland,SK,70,2,2025,2026
14,Västra Götaland,SK,71,1,2025,1583
14,Västra Götaland,SK,71,2,2025,1836
14,Västra Götaland,SK,72,1,2025,1540
14,Västra Götaland,SK,72,2,2025,1962
14,Västra Götaland,SK,73,1,2025,1452
14,Västra Götaland,SK,73,2,2025,1806
14,Västra Götaland,SK,74,1,2025,1386
14,Västra Götaland,SK,74,2,2025,1818
14,Västra Götaland,SK,75,1,2025,1407
14,Västra Götaland,SK,75,2,2025,1843
14,Västra Götaland,SK,76,1,2025,1440
14,Västra Götaland,SK,76,2,2025,1810
14,Västra Götaland,SK,77,1,2025,1360
14,Västra Götaland,SK,77,2,2025,1856
14,Västra Götaland,SK,78,1,2025,1306
14,Västra Götaland,SK,78,2,2025,1776
14,Västra Götaland,SK,79,1,2025,1272
14,Västra Götaland,SK,79,2,2025,1766
14,Västra Götaland,SK,80,1,2025,1131
14,Västra Götaland,SK,80,2,2025,1640
14,Västra Götaland,SK,81,1,2025,1007
14,Västra Götaland,SK,81,2,2025,1525
14,Västra Götaland,SK,82,1,2025,904
14,Västra Götaland,SK,82,2,2025,1355
14,Västra Götaland,SK,83,1,2025,773
14,Västra Götaland,SK,83,2,2025,1136
14,Västra Götaland,SK,84,1,2025,635
14,Västra Götaland,SK,84,2,2025,931
14,Västra Götaland,SK,85,1,2025,525
14,Västra Götaland,SK,85,2,2025,791
14,Västra Götaland,SK,86,1,2025,453
14,Västra Götaland,SK,86,2,2025,743
14,Västra Götaland,SK,87,1,2025,402
14,Västra Götaland,SK,87,2,2025,686
14,Västra Götaland,SK,88,1,2025,289
14,Västra Götaland,SK,88,2,2025,521
14,Västra Götaland,SK,89,1,2025,228
14,Västra Götaland,SK,89,2,2025,457
14,Västra Götaland,SK,90,1,2025,156
14,Västra Götaland,SK,90,2,2025,354
14,Västra Götaland,SK,91,1,2025,130
14,Västra Götaland,SK,91,2,2025,314
14,Västra Götaland,SK,92,1,2025,114
14,Västra Götaland,SK,92,2,2025,258
14,Västra Götaland,SK,93,1,2025,58
14,Västra Götaland,SK,93,2,2025,167
14,Västra Götaland,SK,94,1,2025,43
14,Västra Götaland,SK,94,2,2025,167
14,Västra Götaland,SK,95,1,2025,22
14,Västra Götaland,SK,95,2,2025,102
14,Västra Götaland,SK,96,1,2025,25
14,Västra Götaland,SK,96,2,2025,72
14,Västra Götaland,SK,97,1,2025,11
14,Västra Götaland,SK,97,2,2025,47
14,Västra Götaland,SK,98,1,2025,8
14,Västra Götaland,SK,98,2,2025,40
14,Västra Götaland,SK,99,1,2025,4
14,Västra Götaland,SK,99,2,2025,21
14,Västra Götaland,SK,100+1,1,2025,7
14,Västra Götaland,SK,100+1,2,2025,30
17,Värmland,OG,0,1,2025,1124
17,Värmland,OG,0,2,2025,1071
17,Värmland,OG,1,1,2025,1191
17,Värmland,OG,1,2,2025,1120
17,Värmland,OG,2,1,2025,1176
17,Värmland,OG,2,2,2025,1160
17,Värmland,OG,3,1,2025,1388
17,Värmland,OG,3,2,2025,1244
17,Värmland,OG,4,1,2025,1428
17,Värmland,OG,4,2,2025,1351
17,Värmland,OG,5,1,2025,1454
17,Värmland,OG,5,2,2025,1391
17,Värmland,OG,6,1,2025,1540
17,Värmland,OG,6,2,2025,1402
17,Värmland,OG,7,1,2025,1581
17,Värmland,OG,7,2,2025,1489
17,Värmland,OG,8,1,2025,1632
17,Värmland,OG,8,2,2025,1543
17,Värmland,OG,9,1,2025,1678
17,Värmland,OG,9,2,2025,1537
17,Värmland,OG,10,1,2025,1631
17,Värmland,OG,10,2,2025,1545
17,Värmland,OG,11,1,2025,1597
17,Värmland,OG,11,2,2025,1651
17,Värmland,OG,12,1,2025,1605
17,Värmland,OG,12,2,2025,1504
17,Värmland,OG,13,1,2025,1697
17,Värmland,OG,13,2,2025,1559
17,Värmland,OG,14,1,2025,1619
17,Värmland,OG,14,2,2025,1590
17,Värmland,OG,15,1,2025,1676
17,Värmland,OG,15,2,2025,1553
17,Värmland,OG,16,1,2025,1682
17,Värmland,OG,16,2,2025,1523
17,Värmland,OG,17,1,2025,1591
17,Värmland,OG,17,2,2025,1488
17,Värmland,OG,18,1,2025,1658
17,Värmland,OG,18,2,2025,1501
17,Värmland,OG,19,1,2025,1657
17,Värmland,OG,19,2,2025,1540
17,Värmland,OG,20,1,2025,1648
17,Värmland,OG,20,2,2025,1578
17,Värmland,OG,21,1,2025,1647
17,Värmland,OG,21,2,2025,1506
17,Värmland,OG,22,1,2025,1638
17,Värmland,OG,22,2,2025,1498
17,Värmland,OG,23,1,2025,1570
17,Värmland,OG,23,2,2025,1379
17,Värmland,OG,24,1,2025,1526
17,Värmland,OG,24,2,2025,1332
17,Värmland,OG,25,1,2025,1495
17,Värmland,OG,25,2,2025,1209
17,Värmland,OG,26,1,2025,1557
17,Värmland,OG,26,2,2025,1235
17,Värmland,OG,27,1,2025,1469
17,Värmland,OG,27,2,2025,1216
17,Värmland,OG,28,1,2025,1356
17,Värmland,OG,28,2,2025,1136
17,Värmland,OG,29,1,2025,1417
17,Värmland,OG,29,2,2025,1166
17,Värmland,OG,30,1,2025,1463
17,Värmland,OG,30,2,2025,1143
17,Värmland,OG,31,1,2025,1427
17,Värmland,OG,31,2,2025,1151
17,Värmland,OG,32,1,2025,1456
17,Värmland,OG,32,2,2025,1199
17,Värmland,OG,33,1,2025,1531
17,Värmland,OG,33,2,2025,1229
17,Värmland,OG,34,1,2025,1546
17,Värmland,OG,34,2,2025,1211
17,Värmland,OG,35,1,2025,1467
17,Värmland,OG,35,2,2025,1109
17,Värmland,OG,36,1,2025,1269
17,Värmland,OG,36,2,2025,1045
17,Värmland,OG,37,1,2025,1250
17,Värmland,OG,37,2,2025,868
17,Värmland,OG,38,1,2025,1030
17,Värmland,OG,38,2,2025,819
17,Värmland,OG,39,1,2025,1036
17,Värmland,OG,39,2,2025,771
17,Värmland,OG,40,1,2025,957
17,Värmland,OG,40,2,2025,740
17,Värmland,OG,41,1,2025,835
17,Värmland,OG,41,2,2025,650
17,Värmland,OG,42,1,2025,814
17,Värmland,OG,42,2,2025,657
17,Värmland,OG,43,1,2025,744
17,Värmland,OG,43,2,2025,571
17,Värmland,OG,44,1,2025,712
17,Värmland,OG,44,2,2025,619
17,Värmland,OG,45,1,2025,767
17,Värmland,OG,45,2,2025,565
17,Värmland,OG,46,1,2025,668
17,Värmland,OG,46,2,2025,521
17,Värmland,OG,47,1,2025,659
17,Värmland,OG,47,2,2025,550
17,Värmland,OG,48,1,2025,684
17,Värmland,OG,48,2,2025,532
17,Värmland,OG,49,1,2025,643
17,Värmland,OG,49,2,2025,500
17,Värmland,OG,50,1,2025,672
17,Värmland,OG,50,2,2025,581
17,Värmland,OG,51,1,2025,725
17,Värmland,OG,51,2,2025,585
17,Värmland,OG,52,1,2025,691
17,Värmland,OG,52,2,2025,593
17,Värmland,OG,53,1,2025,668
17,Värmland,OG,53,2,2025,562
17,Värmland,OG,54,1,2025,732
17,Värmland,OG,54,2,2025,576
17,Värmland,OG,55,1,2025,701
17,Värmland,OG,55,2,2025,582
17,Värmland,OG,56,1,2025,655
17,Värmland,OG,56,2,2025,511
17,Värmland,OG,57,1,2025,720
17,Värmland,OG,57,2,2025,595
17,Värmland,OG,58,1,2025,761
17,Värmland,OG,58,2,2025,582
17,Värmland,OG,59,1,2025,761
17,Värmland,OG,59,2,2025,600
17,Värmland,OG,60,1,2025,717
17,Värmland,OG,60,2,2025,544
17,Värmland,OG,61,1,2025,716
17,Värmland,OG,61,2,2025,558
17,Värmland,OG,62,1,2025,632
17,Värmland,OG,62,2,2025,442
17,Värmland,OG,63,1,2025,554
17,Värmland,OG,63,2,2025,456
17,Värmland,OG,64,1,2025,537
17,Värmland,OG,64,2,2025,398
17,Värmland,OG,65,1,2025,538
17,Värmland,OG,65,2,2025,377
17,Värmland,OG,66,1,2025,519
17,Värmland,OG,66,2,2025,411
17,Värmland,OG,67,1,2025,468
17,Värmland,OG,67,2,2025,374
17,Värmland,OG,68,1,2025,465
17,Värmland,OG,68,2,2025,353
17,Värmland,OG,69,1,2025,449
17,Värmland,OG,69,2,2025,324
17,Värmland,OG,70,1,2025,389
17,Värmland,OG,70,2,2025,335
17,Värmland,OG,71,1,2025,383
17,Värmland,OG,71,2,2025,337
17,Värmland,OG,72,1,2025,359
17,Värmland,OG,72,2,2025,269
17,Värmland,OG,73,1,2025,348
17,Värmland,OG,73,2,2025,276
17,Värmland,OG,74,1,2025,302
17,Värmland,OG,74,2,2025,259
17,Värmland,OG,75,1,2025,297
17,Värmland,OG,75,2,2025,211
17,Värmland,OG,76,1,2025,248
17,Värmland,OG,76,2,2025,231
17,Värmland,OG,77,1,2025,284
17,Värmland,OG,77,2,2025,209
17,Värmland,OG,78,1,2025,214
17,Värmland,OG,78,2,2025,205
17,Värmland,OG,79,1,2025,232
17,Värmland,OG,79,2,2025,159
17,Värmland,OG,80,1,2025,174
17,Värmland,OG,80,2,2025,147
17,Värmland,OG,81,1,2025,142
17,Värmland,OG,81,2,2025,122
17,Värmland,OG,82,1,2025,132
17,Värmland,OG,82,2,2025,76
17,Värmland,OG,83,1,2025,92
17,Värmland,OG,83,2,2025,69
17,Värmland,OG,84,1,2025,68
17,Värmland,OG,84,2,2025,64
17,Värmland,OG,85,1,2025,65
17,Värmland,OG,85,2,2025,50
17,Värmland,OG,86,1,2025,44
17,Värmland,OG,86,2,2025,53
17,Värmland,OG,87,1,2025,40
17,Värmland,OG,87,2,2025,46
17,Värmland,OG,88,1,2025,36
17,Värmland,OG,88,2,2025,31
17,Värmland,OG,89,1,2025,31
17,Värmland,OG,89,2,2025,32
17,Värmland,OG,90,1,2025,36
17,Värmland,OG,90,2,2025,33
17,Värmland,OG,91,1,2025,12
17,Värmland,OG,91,2,2025,24
17,Värmland,OG,92,1,2025,13
17,Värmland,OG,92,2,2025,16
17,Värmland,OG,93,1,2025,4
17,Värmland,OG,93,2,2025,13
17,Värmland,OG,94,1,2025,11
17,Värmland,OG,94,2,2025,5
17,Värmland,OG,95,1,2025,4
17,Värmland,OG,95,2,2025,10
17,Värmland,OG,96,1,2025,4
17,Värmland,OG,96,2,2025,0
17,Värmland,OG,97,1,2025,5
17,Värmland,OG,97,2,2025,4
17,Värmland,OG,98,1,2025,4
17,Värmland,OG,98,2,2025,0
17,Värmland,OG,99,1,2025,3
17,Värmland,OG,99,2,2025,9
17,Värmland,OG,100+1,1,2025,0
17,Värmland,OG,100+1,2,2025,4
17,Värmland,G,0,1,2025,0
17,Värmland,G,0,2,2025,0
17,Värmland,G,1,1,2025,0
17,Värmland,G,1,2,2025,0
17,Värmland,G,2,1,2025,0
17,Värmland,G,2,2,2025,0
17,Värmland,G,3,1,2025,0
17,Värmland,G,3,2,2025,0
17,Värmland,G,4,1,2025,0
17,Värmland,G,4,2,2025,0
17,Värmland,G,5,1,2025,0
17,Värmland,G,5,2,2025,0
17,Värmland,G,6,1,2025,0
17,Värmland,G,6,2,2025,0
17,Värmland,G,7,1,2025,0
17,Värmland,G,7,2,2025,0
17,Värmland,G,8,1,2025,0
17,Värmland,G,8,2,2025,0
17,Värmland,G,9,1,2025,0
17,Värmland,G,9,2,2025,0
17,Värmland,G,10,1,2025,0
17,Värmland,G,10,2,2025,0
17,Värmland,G,11,1,2025,0
17,Värmland,G,11,2,2025,0
17,Värmland,G,12,1,2025,0
17,Värmland,G,12,2,2025,0
17,Värmland,G,13,1,2025,0
17,Värmland,G,13,2,2025,0
17,Värmland,G,14,1,2025,0
17,Värmland,G,14,2,2025,0
17,Värmland,G,15,1,2025,0
17,Värmland,G,15,2,2025,0
17,Värmland,G,16,1,2025,0
17,Värmland,G,16,2,2025,0
17,Värmland,G,17,1,2025,0
17,Värmland,G,17,2,2025,0
17,Värmland,G,18,1,2025,0
17,Värmland,G,18,2,2025,0
17,Värmland,G,19,1,2025,0
17,Värmland,G,19,2,2025,3
17,Värmland,G,20,1,2025,3
17,Värmland,G,20,2,2025,17
17,Värmland,G,21,1,2025,3
17,Värmland,G,21,2,2025,16
17,Värmland,G,22,1,2025,10
17,Värmland,G,22,2,2025,40
17,Värmland,G,23,1,2025,24
17,Värmland,G,23,2,2025,53
17,Värmland,G,24,1,2025,27
17,Värmland,G,24,2,2025,83
17,Värmland,G,25,1,2025,52
17,Värmland,G,25,2,2025,103
17,Värmland,G,26,1,2025,120
17,Värmland,G,26,2,2025,125
17,Värmland,G,27,1,2025,120
17,Värmland,G,27,2,2025,168
17,Värmland,G,28,1,2025,118
17,Värmland,G,28,2,2025,211
17,Värmland,G,29,1,2025,172
17,Värmland,G,29,2,2025,238
17,Värmland,G,30,1,2025,203
17,Värmland,G,30,2,2025,316
17,Värmland,G,31,1,2025,275
17,Värmland,G,31,2,2025,398
17,Värmland,G,32,1,2025,365
17,Värmland,G,32,2,2025,477
17,Värmland,G,33,1,2025,376
17,Värmland,G,33,2,2025,509
17,Värmland,G,34,1,2025,440
17,Värmland,G,34,2,2025,585
17,Värmland,G,35,1,2025,504
17,Värmland,G,35,2,2025,639
17,Värmland,G,36,1,2025,514
17,Värmland,G,36,2,2025,676
17,Värmland,G,37,1,2025,592
17,Värmland,G,37,2,2025,708
17,Värmland,G,38,1,2025,621
17,Värmland,G,38,2,2025,738
17,Värmland,G,39,1,2025,654
17,Värmland,G,39,2,2025,693
17,Värmland,G,40,1,2025,668
17,Värmland,G,40,2,2025,716
17,Värmland,G,41,1,2025,626
17,Värmland,G,41,2,2025,680
17,Värmland,G,42,1,2025,662
17,Värmland,G,42,2,2025,714
17,Värmland,G,43,1,2025,662
17,Värmland,G,43,2,2025,780
17,Värmland,G,44,1,2025,652
17,Värmland,G,44,2,2025,756
17,Värmland,G,45,1,2025,736
17,Värmland,G,45,2,2025,771
17,Värmland,G,46,1,2025,689
17,Värmland,G,46,2,2025,740
17,Värmland,G,47,1,2025,643
17,Värmland,G,47,2,2025,642
17,Värmland,G,48,1,2025,737
17,Värmland,G,48,2,2025,724
17,Värmland,G,49,1,2025,721
17,Värmland,G,49,2,2025,694
17,Värmland,G,50,1,2025,732
17,Värmland,G,50,2,2025,735
17,Värmland,G,51,1,2025,764
17,Värmland,G,51,2,2025,855
17,Värmland,G,52,1,2025,824
17,Värmland,G,52,2,2025,834
17,Värmland,G,53,1,2025,833
17,Värmland,G,53,2,2025,832
17,Värmland,G,54,1,2025,818
17,Värmland,G,54,2,2025,825
17,Värmland,G,55,1,2025,840
17,Värmland,G,55,2,2025,778
17,Värmland,G,56,1,2025,798
17,Värmland,G,56,2,2025,803
17,Värmland,G,57,1,2025,800
17,Värmland,G,57,2,2025,863
17,Värmland,G,58,1,2025,922
17,Värmland,G,58,2,2025,896
17,Värmland,G,59,1,2025,938
17,Värmland,G,59,2,2025,882
17,Värmland,G,60,1,2025,926
17,Värmland,G,60,2,2025,915
17,Värmland,G,61,1,2025,935
17,Värmland,G,61,2,2025,906
17,Värmland,G,62,1,2025,827
17,Värmland,G,62,2,2025,898
17,Värmland,G,63,1,2025,860
17,Värmland,G,63,2,2025,823
17,Värmland,G,64,1,2025,794
17,Värmland,G,64,2,2025,807
17,Värmland,G,65,1,2025,803
17,Värmland,G,65,2,2025,800
17,Värmland,G,66,1,2025,866
17,Värmland,G,66,2,2025,860
17,Värmland,G,67,1,2025,826
17,Värmland,G,67,2,2025,874
17,Värmland,G,68,1,2025,895
17,Värmland,G,68,2,2025,903
17,Värmland,G,69,1,2025,903
17,Värmland,G,69,2,2025,889
17,Värmland,G,70,1,2025,862
17,Värmland,G,70,2,2025,834
17,Värmland,G,71,1,2025,875
17,Värmland,G,71,2,2025,859
17,Värmland,G,72,1,2025,883
17,Värmland,G,72,2,2025,829
17,Värmland,G,73,1,2025,847
17,Värmland,G,73,2,2025,826
17,Värmland,G,74,1,2025,873
17,Värmland,G,74,2,2025,767
17,Värmland,G,75,1,2025,848
17,Värmland,G,75,2,2025,849
17,Värmland,G,76,1,2025,918
17,Värmland,G,76,2,2025,808
17,Värmland,G,77,1,2025,920
17,Värmland,G,77,2,2025,759
17,Värmland,G,78,1,2025,951
17,Värmland,G,78,2,2025,802
17,Värmland,G,79,1,2025,849
17,Värmland,G,79,2,2025,695
17,Värmland,G,80,1,2025,872
17,Värmland,G,80,2,2025,654
17,Värmland,G,81,1,2025,717
17,Värmland,G,81,2,2025,587
17,Värmland,G,82,1,2025,654
17,Värmland,G,82,2,2025,498
17,Värmland,G,83,1,2025,567
17,Värmland,G,83,2,2025,396
17,Värmland,G,84,1,2025,420
17,Värmland,G,84,2,2025,331
17,Värmland,G,85,1,2025,398
17,Värmland,G,85,2,2025,239
17,Värmland,G,86,1,2025,312
17,Värmland,G,86,2,2025,204
17,Värmland,G,87,1,2025,326
17,Värmland,G,87,2,2025,168
17,Värmland,G,88,1,2025,228
17,Värmland,G,88,2,2025,119
17,Värmland,G,89,1,2025,201
17,Värmland,G,89,2,2025,125
17,Värmland,G,90,1,2025,139
17,Värmland,G,90,2,2025,63
17,Värmland,G,91,1,2025,101
17,Värmland,G,91,2,2025,46
17,Värmland,G,92,1,2025,74
17,Värmland,G,92,2,2025,29
17,Värmland,G,93,1,2025,60
17,Värmland,G,93,2,2025,24
17,Värmland,G,94,1,2025,42
17,Värmland,G,94,2,2025,9
17,Värmland,G,95,1,2025,21
17,Värmland,G,95,2,2025,6
17,Värmland,G,96,1,2025,15
17,Värmland,G,96,2,2025,3
17,Värmland,G,97,1,2025,7
17,Värmland,G,97,2,2025,5
17,Värmland,G,98,1,2025,3
17,Värmland,G,98,2,2025,0
17,Värmland,G,99,1,2025,3
17,Värmland,G,99,2,2025,0
17,Värmland,G,100+1,1,2025,0
17,Värmland,G,100+1,2,2025,0
17,Värmland,ÄNKL,0,1,2025,0
17,Värmland,ÄNKL,0,2,2025,0
17,Värmland,ÄNKL,1,1,2025,0
17,Värmland,ÄNKL,1,2,2025,0
17,Värmland,ÄNKL,2,1,2025,0
17,Värmland,ÄNKL,2,2,2025,0
17,Värmland,ÄNKL,3,1,2025,0
17,Värmland,ÄNKL,3,2,2025,0
17,Värmland,ÄNKL,4,1,2025,0
17,Värmland,ÄNKL,4,2,2025,0
17,Värmland,ÄNKL,5,1,2025,0
17,Värmland,ÄNKL,5,2,2025,0
17,Värmland,ÄNKL,6,1,2025,0
17,Värmland,ÄNKL,6,2,2025,0
17,Värmland,ÄNKL,7,1,2025,0
17,Värmland,ÄNKL,7,2,2025,0
17,Värmland,ÄNKL,8,1,2025,0
17,Värmland,ÄNKL,8,2,2025,0
17,Värmland,ÄNKL,9,1,2025,0
17,Värmland,ÄNKL,9,2,2025,0
17,Värmland,ÄNKL,10,1,2025,0
17,Värmland,ÄNKL,10,2,2025,0
17,Värmland,ÄNKL,11,1,2025,0
17,Värmland,ÄNKL,11,2,2025,0
17,Värmland,ÄNKL,12,1,2025,0
17,Värmland,ÄNKL,12,2,2025,0
17,Värmland,ÄNKL,13,1,2025,0
17,Värmland,ÄNKL,13,2,2025,0
17,Värmland,ÄNKL,14,1,2025,0
17,Värmland,ÄNKL,14,2,2025,0
17,Värmland,ÄNKL,15,1,2025,0
17,Värmland,ÄNKL,15,2,2025,0
17,Värmland,ÄNKL,16,1,2025,0
17,Värmland,ÄNKL,16,2,2025,0
17,Värmland,ÄNKL,17,1,2025,0
17,Värmland,ÄNKL,17,2,2025,0
17,Värmland,ÄNKL,18,1,2025,0
17,Värmland,ÄNKL,18,2,2025,0
17,Värmland,ÄNKL,19,1,2025,0
17,Värmland,ÄNKL,19,2,2025,0
17,Värmland,ÄNKL,20,1,2025,0
17,Värmland,ÄNKL,20,2,2025,0
17,Värmland,ÄNKL,21,1,2025,0
17,Värmland,ÄNKL,21,2,2025,0
17,Värmland,ÄNKL,22,1,2025,0
17,Värmland,ÄNKL,22,2,2025,0
17,Värmland,ÄNKL,23,1,2025,0
17,Värmland,ÄNKL,23,2,2025,0
17,Värmland,ÄNKL,24,1,2025,0
17,Värmland,ÄNKL,24,2,2025,0
17,Värmland,ÄNKL,25,1,2025,0
17,Värmland,ÄNKL,25,2,2025,0
17,Värmland,ÄNKL,26,1,2025,0
17,Värmland,ÄNKL,26,2,2025,0
17,Värmland,ÄNKL,27,1,2025,0
17,Värmland,ÄNKL,27,2,2025,3
17,Värmland,ÄNKL,28,1,2025,0
17,Värmland,ÄNKL,28,2,2025,0
17,Värmland,ÄNKL,29,1,2025,0
17,Värmland,ÄNKL,29,2,2025,0
17,Värmland,ÄNKL,30,1,2025,0
17,Värmland,ÄNKL,30,2,2025,0
17,Värmland,ÄNKL,31,1,2025,0
17,Värmland,ÄNKL,31,2,2025,0
17,Värmland,ÄNKL,32,1,2025,0
17,Värmland,ÄNKL,32,2,2025,0
17,Värmland,ÄNKL,33,1,2025,0
17,Värmland,ÄNKL,33,2,2025,3
17,Värmland,ÄNKL,34,1,2025,3
17,Värmland,ÄNKL,34,2,2025,0
17,Värmland,ÄNKL,35,1,2025,0
17,Värmland,ÄNKL,35,2,2025,4
17,Värmland,ÄNKL,36,1,2025,0
17,Värmland,ÄNKL,36,2,2025,3
17,Värmland,ÄNKL,37,1,2025,0
17,Värmland,ÄNKL,37,2,2025,3
17,Värmland,ÄNKL,38,1,2025,3
17,Värmland,ÄNKL,38,2,2025,5
17,Värmland,ÄNKL,39,1,2025,0
17,Värmland,ÄNKL,39,2,2025,4
17,Värmland,ÄNKL,40,1,2025,3
17,Värmland,ÄNKL,40,2,2025,6
17,Värmland,ÄNKL,41,1,2025,3
17,Värmland,ÄNKL,41,2,2025,5
17,Värmland,ÄNKL,42,1,2025,3
17,Värmland,ÄNKL,42,2,2025,5
17,Värmland,ÄNKL,43,1,2025,3
17,Värmland,ÄNKL,43,2,2025,13
17,Värmland,ÄNKL,44,1,2025,3
17,Värmland,ÄNKL,44,2,2025,7
17,Värmland,ÄNKL,45,1,2025,4
17,Värmland,ÄNKL,45,2,2025,14
17,Värmland,ÄNKL,46,1,2025,3
17,Värmland,ÄNKL,46,2,2025,9
17,Värmland,ÄNKL,47,1,2025,3
17,Värmland,ÄNKL,47,2,2025,12
17,Värmland,ÄNKL,48,1,2025,3
17,Värmland,ÄNKL,48,2,2025,18
17,Värmland,ÄNKL,49,1,2025,4
17,Värmland,ÄNKL,49,2,2025,14
17,Värmland,ÄNKL,50,1,2025,3
17,Värmland,ÄNKL,50,2,2025,13
17,Värmland,ÄNKL,51,1,2025,6
17,Värmland,ÄNKL,51,2,2025,27
17,Värmland,ÄNKL,52,1,2025,11
17,Värmland,ÄNKL,52,2,2025,24
17,Värmland,ÄNKL,53,1,2025,8
17,Värmland,ÄNKL,53,2,2025,24
17,Värmland,ÄNKL,54,1,2025,14
17,Värmland,ÄNKL,54,2,2025,30
17,Värmland,ÄNKL,55,1,2025,15
17,Värmland,ÄNKL,55,2,2025,44
17,Värmland,ÄNKL,56,1,2025,14
17,Värmland,ÄNKL,56,2,2025,26
17,Värmland,ÄNKL,57,1,2025,10
17,Värmland,ÄNKL,57,2,2025,32
17,Värmland,ÄNKL,58,1,2025,15
17,Värmland,ÄNKL,58,2,2025,39
17,Värmland,ÄNKL,59,1,2025,26
17,Värmland,ÄNKL,59,2,2025,50
17,Värmland,ÄNKL,60,1,2025,31
17,Värmland,ÄNKL,60,2,2025,49
17,Värmland,ÄNKL,61,1,2025,20
17,Värmland,ÄNKL,61,2,2025,58
17,Värmland,ÄNKL,62,1,2025,28
17,Värmland,ÄNKL,62,2,2025,66
17,Värmland,ÄNKL,63,1,2025,20
17,Värmland,ÄNKL,63,2,2025,77
17,Värmland,ÄNKL,64,1,2025,32
17,Värmland,ÄNKL,64,2,2025,87
17,Värmland,ÄNKL,65,1,2025,22
17,Värmland,ÄNKL,65,2,2025,77
17,Värmland,ÄNKL,66,1,2025,42
17,Värmland,ÄNKL,66,2,2025,98
17,Värmland,ÄNKL,67,1,2025,33
17,Värmland,ÄNKL,67,2,2025,119
17,Värmland,ÄNKL,68,1,2025,44
17,Värmland,ÄNKL,68,2,2025,114
17,Värmland,ÄNKL,69,1,2025,45
17,Värmland,ÄNKL,69,2,2025,152
17,Värmland,ÄNKL,70,1,2025,53
17,Värmland,ÄNKL,70,2,2025,150
17,Värmland,ÄNKL,71,1,2025,57
17,Värmland,ÄNKL,71,2,2025,166
17,Värmland,ÄNKL,72,1,2025,58
17,Värmland,ÄNKL,72,2,2025,191
17,Värmland,ÄNKL,73,1,2025,79
17,Värmland,ÄNKL,73,2,2025,189
17,Värmland,ÄNKL,74,1,2025,86
17,Värmland,ÄNKL,74,2,2025,239
17,Värmland,ÄNKL,75,1,2025,98
17,Värmland,ÄNKL,75,2,2025,269
17,Värmland,ÄNKL,76,1,2025,120
17,Värmland,ÄNKL,76,2,2025,313
17,Värmland,ÄNKL,77,1,2025,130
17,Värmland,ÄNKL,77,2,2025,308
17,Värmland,ÄNKL,78,1,2025,138
17,Värmland,ÄNKL,78,2,2025,337
17,Värmland,ÄNKL,79,1,2025,132
17,Värmland,ÄNKL,79,2,2025,394
17,Värmland,ÄNKL,80,1,2025,152
17,Värmland,ÄNKL,80,2,2025,450
17,Värmland,ÄNKL,81,1,2025,165
17,Värmland,ÄNKL,81,2,2025,484
17,Värmland,ÄNKL,82,1,2025,162
17,Värmland,ÄNKL,82,2,2025,500
17,Värmland,ÄNKL,83,1,2025,138
17,Värmland,ÄNKL,83,2,2025,462
17,Värmland,ÄNKL,84,1,2025,153
17,Värmland,ÄNKL,84,2,2025,405
17,Värmland,ÄNKL,85,1,2025,125
17,Värmland,ÄNKL,85,2,2025,416
17,Värmland,ÄNKL,86,1,2025,133
17,Värmland,ÄNKL,86,2,2025,433
17,Värmland,ÄNKL,87,1,2025,144
17,Värmland,ÄNKL,87,2,2025,462
17,Värmland,ÄNKL,88,1,2025,117
17,Värmland,ÄNKL,88,2,2025,446
17,Värmland,ÄNKL,89,1,2025,108
17,Värmland,ÄNKL,89,2,2025,404
17,Värmland,ÄNKL,90,1,2025,84
17,Värmland,ÄNKL,90,2,2025,363
17,Värmland,ÄNKL,91,1,2025,74
17,Värmland,ÄNKL,91,2,2025,306
17,Värmland,ÄNKL,92,1,2025,68
17,Värmland,ÄNKL,92,2,2025,290
17,Värmland,ÄNKL,93,1,2025,63
17,Värmland,ÄNKL,93,2,2025,263
17,Värmland,ÄNKL,94,1,2025,45
17,Värmland,ÄNKL,94,2,2025,193
17,Värmland,ÄNKL,95,1,2025,39
17,Värmland,ÄNKL,95,2,2025,157
17,Värmland,ÄNKL,96,1,2025,21
17,Värmland,ÄNKL,96,2,2025,117
17,Värmland,ÄNKL,97,1,2025,17
17,Värmland,ÄNKL,97,2,2025,90
17,Värmland,ÄNKL,98,1,2025,11
17,Värmland,ÄNKL,98,2,2025,56
17,Värmland,ÄNKL,99,1,2025,12
17,Värmland,ÄNKL,99,2,2025,46
17,Värmland,ÄNKL,100+1,1,2025,16
17,Värmland,ÄNKL,100+1,2,2025,61
17,Värmland,SK,0,1,2025,0
17,Värmland,SK,0,2,2025,0
17,Värmland,SK,1,1,2025,0
17,Värmland,SK,1,2,2025,0
17,Värmland,SK,2,1,2025,0
17,Värmland,SK,2,2,2025,0
17,Värmland,SK,3,1,2025,0
17,Värmland,SK,3,2,2025,0
17,Värmland,SK,4,1,2025,0
17,Värmland,SK,4,2,2025,0
17,Värmland,SK,5,1,2025,0
17,Värmland,SK,5,2,2025,0
17,Värmland,SK,6,1,2025,0
17,Värmland,SK,6,2,2025,0
17,Värmland,SK,7,1,2025,0
17,Värmland,SK,7,2,2025,0
17,Värmland,SK,8,1,2025,0
17,Värmland,SK,8,2,2025,0
17,Värmland,SK,9,1,2025,0
17,Värmland,SK,9,2,2025,0
17,Värmland,SK,10,1,2025,0
17,Värmland,SK,10,2,2025,0
17,Värmland,SK,11,1,2025,0
17,Värmland,SK,11,2,2025,0
17,Värmland,SK,12,1,2025,0
17,Värmland,SK,12,2,2025,0
17,Värmland,SK,13,1,2025,0
17,Värmland,SK,13,2,2025,0
17,Värmland,SK,14,1,2025,0
17,Värmland,SK,14,2,2025,0
17,Värmland,SK,15,1,2025,0
17,Värmland,SK,15,2,2025,0
17,Värmland,SK,16,1,2025,0
17,Värmland,SK,16,2,2025,0
17,Värmland,SK,17,1,2025,0
17,Värmland,SK,17,2,2025,0
17,Värmland,SK,18,1,2025,0
17,Värmland,SK,18,2,2025,0
17,Värmland,SK,19,1,2025,0
17,Värmland,SK,19,2,2025,3
17,Värmland,SK,20,1,2025,0
17,Värmland,SK,20,2,2025,0
17,Värmland,SK,21,1,2025,0
17,Värmland,SK,21,2,2025,0
17,Värmland,SK,22,1,2025,0
17,Värmland,SK,22,2,2025,0
17,Värmland,SK,23,1,2025,0
17,Värmland,SK,23,2,2025,3
17,Värmland,SK,24,1,2025,0
17,Värmland,SK,24,2,2025,4
17,Värmland,SK,25,1,2025,6
17,Värmland,SK,25,2,2025,7
17,Värmland,SK,26,1,2025,5
17,Värmland,SK,26,2,2025,7
17,Värmland,SK,27,1,2025,11
17,Värmland,SK,27,2,2025,19
17,Värmland,SK,28,1,2025,16
17,Värmland,SK,28,2,2025,13
17,Värmland,SK,29,1,2025,8
17,Värmland,SK,29,2,2025,29
17,Värmland,SK,30,1,2025,16
17,Värmland,SK,30,2,2025,25
17,Värmland,SK,31,1,2025,10
17,Värmland,SK,31,2,2025,41
17,Värmland,SK,32,1,2025,26
17,Värmland,SK,32,2,2025,67
17,Värmland,SK,33,1,2025,45
17,Värmland,SK,33,2,2025,80
17,Värmland,SK,34,1,2025,77
17,Värmland,SK,34,2,2025,122
17,Värmland,SK,35,1,2025,70
17,Värmland,SK,35,2,2025,113
17,Värmland,SK,36,1,2025,98
17,Värmland,SK,36,2,2025,123
17,Värmland,SK,37,1,2025,73
17,Värmland,SK,37,2,2025,146
17,Värmland,SK,38,1,2025,83
17,Värmland,SK,38,2,2025,153
17,Värmland,SK,39,1,2025,115
17,Värmland,SK,39,2,2025,164
17,Värmland,SK,40,1,2025,138
17,Värmland,SK,40,2,2025,188
17,Värmland,SK,41,1,2025,138
17,Värmland,SK,41,2,2025,174
17,Värmland,SK,42,1,2025,141
17,Värmland,SK,42,2,2025,185
17,Värmland,SK,43,1,2025,164
17,Värmland,SK,43,2,2025,188
17,Värmland,SK,44,1,2025,139
17,Värmland,SK,44,2,2025,217
17,Värmland,SK,45,1,2025,165
17,Värmland,SK,45,2,2025,241
17,Värmland,SK,46,1,2025,188
17,Värmland,SK,46,2,2025,195
17,Värmland,SK,47,1,2025,172
17,Värmland,SK,47,2,2025,226
17,Värmland,SK,48,1,2025,169
17,Värmland,SK,48,2,2025,224
17,Värmland,SK,49,1,2025,218
17,Värmland,SK,49,2,2025,249
17,Värmland,SK,50,1,2025,221
17,Värmland,SK,50,2,2025,291
17,Värmland,SK,51,1,2025,235
17,Värmland,SK,51,2,2025,297
17,Värmland,SK,52,1,2025,251
17,Värmland,SK,52,2,2025,276
17,Värmland,SK,53,1,2025,268
17,Värmland,SK,53,2,2025,339
17,Värmland,SK,54,1,2025,300
17,Värmland,SK,54,2,2025,358
17,Värmland,SK,55,1,2025,273
17,Värmland,SK,55,2,2025,331
17,Värmland,SK,56,1,2025,280
17,Värmland,SK,56,2,2025,312
17,Värmland,SK,57,1,2025,284
17,Värmland,SK,57,2,2025,377
17,Värmland,SK,58,1,2025,319
17,Värmland,SK,58,2,2025,398
17,Värmland,SK,59,1,2025,346
17,Värmland,SK,59,2,2025,371
17,Värmland,SK,60,1,2025,335
17,Värmland,SK,60,2,2025,427
17,Värmland,SK,61,1,2025,357
17,Värmland,SK,61,2,2025,412
17,Värmland,SK,62,1,2025,324
17,Värmland,SK,62,2,2025,388
17,Värmland,SK,63,1,2025,342
17,Värmland,SK,63,2,2025,370
17,Värmland,SK,64,1,2025,331
17,Värmland,SK,64,2,2025,375
17,Värmland,SK,65,1,2025,301
17,Värmland,SK,65,2,2025,347
17,Värmland,SK,66,1,2025,318
17,Värmland,SK,66,2,2025,344
17,Värmland,SK,67,1,2025,326
17,Värmland,SK,67,2,2025,369
17,Värmland,SK,68,1,2025,329
17,Värmland,SK,68,2,2025,397
17,Värmland,SK,69,1,2025,344
17,Värmland,SK,69,2,2025,372
17,Värmland,SK,70,1,2025,322
17,Värmland,SK,70,2,2025,388
17,Värmland,SK,71,1,2025,277
17,Värmland,SK,71,2,2025,323
17,Värmland,SK,72,1,2025,316
17,Värmland,SK,72,2,2025,356
17,Värmland,SK,73,1,2025,316
17,Värmland,SK,73,2,2025,358
17,Värmland,SK,74,1,2025,291
17,Värmland,SK,74,2,2025,323
17,Värmland,SK,75,1,2025,291
17,Värmland,SK,75,2,2025,349
17,Värmland,SK,76,1,2025,276
17,Värmland,SK,76,2,2025,321
17,Värmland,SK,77,1,2025,277
17,Värmland,SK,77,2,2025,343
17,Värmland,SK,78,1,2025,243
17,Värmland,SK,78,2,2025,338
17,Värmland,SK,79,1,2025,293
17,Värmland,SK,79,2,2025,322
17,Värmland,SK,80,1,2025,225
17,Värmland,SK,80,2,2025,310
17,Värmland,SK,81,1,2025,230
17,Värmland,SK,81,2,2025,322
17,Värmland,SK,82,1,2025,186
17,Värmland,SK,82,2,2025,259
17,Värmland,SK,83,1,2025,156
17,Värmland,SK,83,2,2025,223
17,Värmland,SK,84,1,2025,135
17,Värmland,SK,84,2,2025,197
17,Värmland,SK,85,1,2025,108
17,Värmland,SK,85,2,2025,164
17,Värmland,SK,86,1,2025,108
17,Värmland,SK,86,2,2025,157
17,Värmland,SK,87,1,2025,65
17,Värmland,SK,87,2,2025,127
17,Värmland,SK,88,1,2025,72
17,Värmland,SK,88,2,2025,112
17,Värmland,SK,89,1,2025,64
17,Värmland,SK,89,2,2025,87
17,Värmland,SK,90,1,2025,45
17,Värmland,SK,90,2,2025,64
17,Värmland,SK,91,1,2025,25
17,Värmland,SK,91,2,2025,52
17,Värmland,SK,92,1,2025,25
17,Värmland,SK,92,2,2025,55
17,Värmland,SK,93,1,2025,12
17,Värmland,SK,93,2,2025,39
17,Värmland,SK,94,1,2025,14
17,Värmland,SK,94,2,2025,18
17,Värmland,SK,95,1,2025,8
17,Värmland,SK,95,2,2025,18
17,Värmland,SK,96,1,2025,8
17,Värmland,SK,96,2,2025,17
17,Värmland,SK,97,1,2025,3
17,Värmland,SK,97,2,2025,16
17,Värmland,SK,98,1,2025,3
17,Värmland,SK,98,2,2025,12
17,Värmland,SK,99,1,2025,4
17,Värmland,SK,99,2,2025,3
17,Värmland,SK,100+1,1,2025,3
17,Värmland,SK,100+1,2,2025,6
18,Örebro,OG,0,1,2025,1377
18,Örebro,OG,0,2,2025,1296
18,Örebro,OG,1,1,2025,1476
18,Örebro,OG,1,2,2025,1364
18,Örebro,OG,2,1,2025,1481
18,Örebro,OG,2,2,2025,1390
18,Örebro,OG,3,1,2025,1578
18,Örebro,OG,3,2,2025,1465
18,Örebro,OG,4,1,2025,1656
18,Örebro,OG,4,2,2025,1689
18,Örebro,OG,5,1,2025,1646
18,Örebro,OG,5,2,2025,1638
18,Örebro,OG,6,1,2025,1768
18,Örebro,OG,6,2,2025,1667
18,Örebro,OG,7,1,2025,1804
18,Örebro,OG,7,2,2025,1724
18,Örebro,OG,8,1,2025,1782
18,Örebro,OG,8,2,2025,1702
18,Örebro,OG,9,1,2025,1834
18,Örebro,OG,9,2,2025,1717
18,Örebro,OG,10,1,2025,1843
18,Örebro,OG,10,2,2025,1742
18,Örebro,OG,11,1,2025,1960
18,Örebro,OG,11,2,2025,1705
18,Örebro,OG,12,1,2025,1863
18,Örebro,OG,12,2,2025,1787
18,Örebro,OG,13,1,2025,1826
18,Örebro,OG,13,2,2025,1840
18,Örebro,OG,14,1,2025,1918
18,Örebro,OG,14,2,2025,1819
18,Örebro,OG,15,1,2025,1983
18,Örebro,OG,15,2,2025,1851
18,Örebro,OG,16,1,2025,1947
18,Örebro,OG,16,2,2025,1856
18,Örebro,OG,17,1,2025,1976
18,Örebro,OG,17,2,2025,1772
18,Örebro,OG,18,1,2025,1917
18,Örebro,OG,18,2,2025,1804
18,Örebro,OG,19,1,2025,1822
18,Örebro,OG,19,2,2025,1792
18,Örebro,OG,20,1,2025,1820
18,Örebro,OG,20,2,2025,1911
18,Örebro,OG,21,1,2025,1895
18,Örebro,OG,21,2,2025,1968
18,Örebro,OG,22,1,2025,1916
18,Örebro,OG,22,2,2025,2053
18,Örebro,OG,23,1,2025,1921
18,Örebro,OG,23,2,2025,1843
18,Örebro,OG,24,1,2025,1787
18,Örebro,OG,24,2,2025,1688
18,Örebro,OG,25,1,2025,1876
18,Örebro,OG,25,2,2025,1626
18,Örebro,OG,26,1,2025,1791
18,Örebro,OG,26,2,2025,1445
18,Örebro,OG,27,1,2025,1721
18,Örebro,OG,27,2,2025,1426
18,Örebro,OG,28,1,2025,1638
18,Örebro,OG,28,2,2025,1336
18,Örebro,OG,29,1,2025,1579
18,Örebro,OG,29,2,2025,1279
18,Örebro,OG,30,1,2025,1614
18,Örebro,OG,30,2,2025,1235
18,Örebro,OG,31,1,2025,1570
18,Örebro,OG,31,2,2025,1324
18,Örebro,OG,32,1,2025,1640
18,Örebro,OG,32,2,2025,1236
18,Örebro,OG,33,1,2025,1539
18,Örebro,OG,33,2,2025,1245
18,Örebro,OG,34,1,2025,1503
18,Örebro,OG,34,2,2025,1224
18,Örebro,OG,35,1,2025,1572
18,Örebro,OG,35,2,2025,1148
18,Örebro,OG,36,1,2025,1291
18,Örebro,OG,36,2,2025,1004
18,Örebro,OG,37,1,2025,1239
18,Örebro,OG,37,2,2025,921
18,Örebro,OG,38,1,2025,1059
18,Örebro,OG,38,2,2025,900
18,Örebro,OG,39,1,2025,1032
18,Örebro,OG,39,2,2025,801
18,Örebro,OG,40,1,2025,935
18,Örebro,OG,40,2,2025,717
18,Örebro,OG,41,1,2025,835
18,Örebro,OG,41,2,2025,638
18,Örebro,OG,42,1,2025,829
18,Örebro,OG,42,2,2025,654
18,Örebro,OG,43,1,2025,770
18,Örebro,OG,43,2,2025,579
18,Örebro,OG,44,1,2025,748
18,Örebro,OG,44,2,2025,529
18,Örebro,OG,45,1,2025,738
18,Örebro,OG,45,2,2025,616
18,Örebro,OG,46,1,2025,726
18,Örebro,OG,46,2,2025,597
18,Örebro,OG,47,1,2025,642
18,Örebro,OG,47,2,2025,510
18,Örebro,OG,48,1,2025,725
18,Örebro,OG,48,2,2025,502
18,Örebro,OG,49,1,2025,652
18,Örebro,OG,49,2,2025,515
18,Örebro,OG,50,1,2025,637
18,Örebro,OG,50,2,2025,533
18,Örebro,OG,51,1,2025,730
18,Örebro,OG,51,2,2025,552
18,Örebro,OG,52,1,2025,609
18,Örebro,OG,52,2,2025,524
18,Örebro,OG,53,1,2025,637
18,Örebro,OG,53,2,2025,533
18,Örebro,OG,54,1,2025,638
18,Örebro,OG,54,2,2025,546
18,Örebro,OG,55,1,2025,607
18,Örebro,OG,55,2,2025,508
18,Örebro,OG,56,1,2025,601
18,Örebro,OG,56,2,2025,472
18,Örebro,OG,57,1,2025,630
18,Örebro,OG,57,2,2025,490
18,Örebro,OG,58,1,2025,623
18,Örebro,OG,58,2,2025,575
18,Örebro,OG,59,1,2025,638
18,Örebro,OG,59,2,2025,484
18,Örebro,OG,60,1,2025,621
18,Örebro,OG,60,2,2025,455
18,Örebro,OG,61,1,2025,590
18,Örebro,OG,61,2,2025,525
18,Örebro,OG,62,1,2025,508
18,Örebro,OG,62,2,2025,390
18,Örebro,OG,63,1,2025,539
18,Örebro,OG,63,2,2025,412
18,Örebro,OG,64,1,2025,460
18,Örebro,OG,64,2,2025,386
18,Örebro,OG,65,1,2025,445
18,Örebro,OG,65,2,2025,359
18,Örebro,OG,66,1,2025,420
18,Örebro,OG,66,2,2025,323
18,Örebro,OG,67,1,2025,376
18,Örebro,OG,67,2,2025,337
18,Örebro,OG,68,1,2025,401
18,Örebro,OG,68,2,2025,334
18,Örebro,OG,69,1,2025,353
18,Örebro,OG,69,2,2025,311
18,Örebro,OG,70,1,2025,356
18,Örebro,OG,70,2,2025,285
18,Örebro,OG,71,1,2025,303
18,Örebro,OG,71,2,2025,264
18,Örebro,OG,72,1,2025,275
18,Örebro,OG,72,2,2025,258
18,Örebro,OG,73,1,2025,295
18,Örebro,OG,73,2,2025,241
18,Örebro,OG,74,1,2025,264
18,Örebro,OG,74,2,2025,240
18,Örebro,OG,75,1,2025,274
18,Örebro,OG,75,2,2025,208
18,Örebro,OG,76,1,2025,227
18,Örebro,OG,76,2,2025,197
18,Örebro,OG,77,1,2025,252
18,Örebro,OG,77,2,2025,181
18,Örebro,OG,78,1,2025,237
18,Örebro,OG,78,2,2025,157
18,Örebro,OG,79,1,2025,185
18,Örebro,OG,79,2,2025,150
18,Örebro,OG,80,1,2025,176
18,Örebro,OG,80,2,2025,124
18,Örebro,OG,81,1,2025,154
18,Örebro,OG,81,2,2025,122
18,Örebro,OG,82,1,2025,125
18,Örebro,OG,82,2,2025,78
18,Örebro,OG,83,1,2025,92
18,Örebro,OG,83,2,2025,60
18,Örebro,OG,84,1,2025,74
18,Örebro,OG,84,2,2025,61
18,Örebro,OG,85,1,2025,50
18,Örebro,OG,85,2,2025,61
18,Örebro,OG,86,1,2025,53
18,Örebro,OG,86,2,2025,29
18,Örebro,OG,87,1,2025,26
18,Örebro,OG,87,2,2025,43
18,Örebro,OG,88,1,2025,24
18,Örebro,OG,88,2,2025,21
18,Örebro,OG,89,1,2025,20
18,Örebro,OG,89,2,2025,17
18,Örebro,OG,90,1,2025,15
18,Örebro,OG,90,2,2025,12
18,Örebro,OG,91,1,2025,8
18,Örebro,OG,91,2,2025,19
18,Örebro,OG,92,1,2025,4
18,Örebro,OG,92,2,2025,5
18,Örebro,OG,93,1,2025,6
18,Örebro,OG,93,2,2025,10
18,Örebro,OG,94,1,2025,7
18,Örebro,OG,94,2,2025,10
18,Örebro,OG,95,1,2025,0
18,Örebro,OG,95,2,2025,7
18,Örebro,OG,96,1,2025,0
18,Örebro,OG,96,2,2025,7
18,Örebro,OG,97,1,2025,7
18,Örebro,OG,97,2,2025,5
18,Örebro,OG,98,1,2025,3
18,Örebro,OG,98,2,2025,6
18,Örebro,OG,99,1,2025,0
18,Örebro,OG,99,2,2025,3
18,Örebro,OG,100+1,1,2025,0
18,Örebro,OG,100+1,2,2025,4
18,Örebro,G,0,1,2025,0
18,Örebro,G,0,2,2025,0
18,Örebro,G,1,1,2025,0
18,Örebro,G,1,2,2025,0
18,Örebro,G,2,1,2025,0
18,Örebro,G,2,2,2025,0
18,Örebro,G,3,1,2025,0
18,Örebro,G,3,2,2025,0
18,Örebro,G,4,1,2025,0
18,Örebro,G,4,2,2025,0
18,Örebro,G,5,1,2025,0
18,Örebro,G,5,2,2025,0
18,Örebro,G,6,1,2025,0
18,Örebro,G,6,2,2025,0
18,Örebro,G,7,1,2025,0
18,Örebro,G,7,2,2025,0
18,Örebro,G,8,1,2025,0
18,Örebro,G,8,2,2025,0
18,Örebro,G,9,1,2025,0
18,Örebro,G,9,2,2025,0
18,Örebro,G,10,1,2025,0
18,Örebro,G,10,2,2025,0
18,Örebro,G,11,1,2025,0
18,Örebro,G,11,2,2025,0
18,Örebro,G,12,1,2025,0
18,Örebro,G,12,2,2025,0
18,Örebro,G,13,1,2025,0
18,Örebro,G,13,2,2025,0
18,Örebro,G,14,1,2025,0
18,Örebro,G,14,2,2025,0
18,Örebro,G,15,1,2025,0
18,Örebro,G,15,2,2025,0
18,Örebro,G,16,1,2025,0
18,Örebro,G,16,2,2025,0
18,Örebro,G,17,1,2025,0
18,Örebro,G,17,2,2025,0
18,Örebro,G,18,1,2025,0
18,Örebro,G,18,2,2025,3
18,Örebro,G,19,1,2025,3
18,Örebro,G,19,2,2025,6
18,Örebro,G,20,1,2025,3
18,Örebro,G,20,2,2025,10
18,Örebro,G,21,1,2025,11
18,Örebro,G,21,2,2025,25
18,Örebro,G,22,1,2025,24
18,Örebro,G,22,2,2025,63
18,Örebro,G,23,1,2025,32
18,Örebro,G,23,2,2025,96
18,Örebro,G,24,1,2025,53
18,Örebro,G,24,2,2025,127
18,Örebro,G,25,1,2025,84
18,Örebro,G,25,2,2025,162
18,Örebro,G,26,1,2025,153
18,Örebro,G,26,2,2025,190
18,Örebro,G,27,1,2025,168
18,Örebro,G,27,2,2025,278
18,Örebro,G,28,1,2025,177
18,Örebro,G,28,2,2025,345
18,Örebro,G,29,1,2025,265
18,Örebro,G,29,2,2025,416
18,Örebro,G,30,1,2025,314
18,Örebro,G,30,2,2025,463
18,Örebro,G,31,1,2025,394
18,Örebro,G,31,2,2025,518
18,Örebro,G,32,1,2025,499
18,Örebro,G,32,2,2025,635
18,Örebro,G,33,1,2025,523
18,Örebro,G,33,2,2025,662
18,Örebro,G,34,1,2025,571
18,Örebro,G,34,2,2025,718
18,Örebro,G,35,1,2025,615
18,Örebro,G,35,2,2025,792
18,Örebro,G,36,1,2025,714
18,Örebro,G,36,2,2025,828
18,Örebro,G,37,1,2025,771
18,Örebro,G,37,2,2025,884
18,Örebro,G,38,1,2025,743
18,Örebro,G,38,2,2025,834
18,Örebro,G,39,1,2025,804
18,Örebro,G,39,2,2025,832
18,Örebro,G,40,1,2025,869
18,Örebro,G,40,2,2025,886
18,Örebro,G,41,1,2025,759
18,Örebro,G,41,2,2025,903
18,Örebro,G,42,1,2025,841
18,Örebro,G,42,2,2025,864
18,Örebro,G,43,1,2025,849
18,Örebro,G,43,2,2025,876
18,Örebro,G,44,1,2025,780
18,Örebro,G,44,2,2025,854
18,Örebro,G,45,1,2025,940
18,Örebro,G,45,2,2025,923
18,Örebro,G,46,1,2025,825
18,Örebro,G,46,2,2025,865
18,Örebro,G,47,1,2025,822
18,Örebro,G,47,2,2025,827
18,Örebro,G,48,1,2025,878
18,Örebro,G,48,2,2025,909
18,Örebro,G,49,1,2025,846
18,Örebro,G,49,2,2025,834
18,Örebro,G,50,1,2025,857
18,Örebro,G,50,2,2025,911
18,Örebro,G,51,1,2025,919
18,Örebro,G,51,2,2025,955
18,Örebro,G,52,1,2025,918
18,Örebro,G,52,2,2025,961
18,Örebro,G,53,1,2025,976
18,Örebro,G,53,2,2025,942
18,Örebro,G,54,1,2025,975
18,Örebro,G,54,2,2025,968
18,Örebro,G,55,1,2025,993
18,Örebro,G,55,2,2025,974
18,Örebro,G,56,1,2025,921
18,Örebro,G,56,2,2025,926
18,Örebro,G,57,1,2025,982
18,Örebro,G,57,2,2025,939
18,Örebro,G,58,1,2025,957
18,Örebro,G,58,2,2025,985
18,Örebro,G,59,1,2025,1020
18,Örebro,G,59,2,2025,898
18,Örebro,G,60,1,2025,985
18,Örebro,G,60,2,2025,961
18,Örebro,G,61,1,2025,1016
18,Örebro,G,61,2,2025,979
18,Örebro,G,62,1,2025,869
18,Örebro,G,62,2,2025,851
18,Örebro,G,63,1,2025,873
18,Örebro,G,63,2,2025,883
18,Örebro,G,64,1,2025,887
18,Örebro,G,64,2,2025,820
18,Örebro,G,65,1,2025,869
18,Örebro,G,65,2,2025,779
18,Örebro,G,66,1,2025,835
18,Örebro,G,66,2,2025,804
18,Örebro,G,67,1,2025,775
18,Örebro,G,67,2,2025,845
18,Örebro,G,68,1,2025,838
18,Örebro,G,68,2,2025,834
18,Örebro,G,69,1,2025,882
18,Örebro,G,69,2,2025,825
18,Örebro,G,70,1,2025,821
18,Örebro,G,70,2,2025,865
18,Örebro,G,71,1,2025,807
18,Örebro,G,71,2,2025,820
18,Örebro,G,72,1,2025,919
18,Örebro,G,72,2,2025,836
18,Örebro,G,73,1,2025,881
18,Örebro,G,73,2,2025,820
18,Örebro,G,74,1,2025,827
18,Örebro,G,74,2,2025,755
18,Örebro,G,75,1,2025,902
18,Örebro,G,75,2,2025,847
18,Örebro,G,76,1,2025,897
18,Örebro,G,76,2,2025,782
18,Örebro,G,77,1,2025,888
18,Örebro,G,77,2,2025,826
18,Örebro,G,78,1,2025,857
18,Örebro,G,78,2,2025,786
18,Örebro,G,79,1,2025,873
18,Örebro,G,79,2,2025,807
18,Örebro,G,80,1,2025,879
18,Örebro,G,80,2,2025,673
18,Örebro,G,81,1,2025,809
18,Örebro,G,81,2,2025,638
18,Örebro,G,82,1,2025,711
18,Örebro,G,82,2,2025,500
18,Örebro,G,83,1,2025,606
18,Örebro,G,83,2,2025,392
18,Örebro,G,84,1,2025,461
18,Örebro,G,84,2,2025,325
18,Örebro,G,85,1,2025,415
18,Örebro,G,85,2,2025,281
18,Örebro,G,86,1,2025,354
18,Örebro,G,86,2,2025,202
18,Örebro,G,87,1,2025,299
18,Örebro,G,87,2,2025,162
18,Örebro,G,88,1,2025,212
18,Örebro,G,88,2,2025,99
18,Örebro,G,89,1,2025,174
18,Örebro,G,89,2,2025,89
18,Örebro,G,90,1,2025,124
18,Örebro,G,90,2,2025,57
18,Örebro,G,91,1,2025,86
18,Örebro,G,91,2,2025,40
18,Örebro,G,92,1,2025,71
18,Örebro,G,92,2,2025,33
18,Örebro,G,93,1,2025,40
18,Örebro,G,93,2,2025,19
18,Örebro,G,94,1,2025,39
18,Örebro,G,94,2,2025,5
18,Örebro,G,95,1,2025,21
18,Örebro,G,95,2,2025,7
18,Örebro,G,96,1,2025,21
18,Örebro,G,96,2,2025,4
18,Örebro,G,97,1,2025,6
18,Örebro,G,97,2,2025,0
18,Örebro,G,98,1,2025,3
18,Örebro,G,98,2,2025,0
18,Örebro,G,99,1,2025,0
18,Örebro,G,99,2,2025,0
18,Örebro,G,100+1,1,2025,4
18,Örebro,G,100+1,2,2025,0
18,Örebro,ÄNKL,0,1,2025,0
18,Örebro,ÄNKL,0,2,2025,0
18,Örebro,ÄNKL,1,1,2025,0
18,Örebro,ÄNKL,1,2,2025,0
18,Örebro,ÄNKL,2,1,2025,0
18,Örebro,ÄNKL,2,2,2025,0
18,Örebro,ÄNKL,3,1,2025,0
18,Örebro,ÄNKL,3,2,2025,0
18,Örebro,ÄNKL,4,1,2025,0
18,Örebro,ÄNKL,4,2,2025,0
18,Örebro,ÄNKL,5,1,2025,0
18,Örebro,ÄNKL,5,2,2025,0
18,Örebro,ÄNKL,6,1,2025,0
18,Örebro,ÄNKL,6,2,2025,0
18,Örebro,ÄNKL,7,1,2025,0
18,Örebro,ÄNKL,7,2,2025,0
18,Örebro,ÄNKL,8,1,2025,0
18,Örebro,ÄNKL,8,2,2025,0
18,Örebro,ÄNKL,9,1,2025,0
18,Örebro,ÄNKL,9,2,2025,0
18,Örebro,ÄNKL,10,1,2025,0
18,Örebro,ÄNKL,10,2,2025,0
18,Örebro,ÄNKL,11,1,2025,0
18,Örebro,ÄNKL,11,2,2025,0
18,Örebro,ÄNKL,12,1,2025,0
18,Örebro,ÄNKL,12,2,2025,0
18,Örebro,ÄNKL,13,1,2025,0
18,Örebro,ÄNKL,13,2,2025,0
18,Örebro,ÄNKL,14,1,2025,0
18,Örebro,ÄNKL,14,2,2025,0
18,Örebro,ÄNKL,15,1,2025,0
18,Örebro,ÄNKL,15,2,2025,0
18,Örebro,ÄNKL,16,1,2025,0
18,Örebro,ÄNKL,16,2,2025,0
18,Örebro,ÄNKL,17,1,2025,0
18,Örebro,ÄNKL,17,2,2025,0
18,Örebro,ÄNKL,18,1,2025,0
18,Örebro,ÄNKL,18,2,2025,0
18,Örebro,ÄNKL,19,1,2025,0
18,Örebro,ÄNKL,19,2,2025,0
18,Örebro,ÄNKL,20,1,2025,0
18,Örebro,ÄNKL,20,2,2025,0
18,Örebro,ÄNKL,21,1,2025,0
18,Örebro,ÄNKL,21,2,2025,0
18,Örebro,ÄNKL,22,1,2025,0
18,Örebro,ÄNKL,22,2,2025,0
18,Örebro,ÄNKL,23,1,2025,0
18,Örebro,ÄNKL,23,2,2025,0
18,Örebro,ÄNKL,24,1,2025,0
18,Örebro,ÄNKL,24,2,2025,0
18,Örebro,ÄNKL,25,1,2025,0
18,Örebro,ÄNKL,25,2,2025,0
18,Örebro,ÄNKL,26,1,2025,0
18,Örebro,ÄNKL,26,2,2025,0
18,Örebro,ÄNKL,27,1,2025,0
18,Örebro,ÄNKL,27,2,2025,0
18,Örebro,ÄNKL,28,1,2025,3
18,Örebro,ÄNKL,28,2,2025,3
18,Örebro,ÄNKL,29,1,2025,0
18,Örebro,ÄNKL,29,2,2025,0
18,Örebro,ÄNKL,30,1,2025,0
18,Örebro,ÄNKL,30,2,2025,3
18,Örebro,ÄNKL,31,1,2025,0
18,Örebro,ÄNKL,31,2,2025,0
18,Örebro,ÄNKL,32,1,2025,0
18,Örebro,ÄNKL,32,2,2025,4
18,Örebro,ÄNKL,33,1,2025,3
18,Örebro,ÄNKL,33,2,2025,5
18,Örebro,ÄNKL,34,1,2025,4
18,Örebro,ÄNKL,34,2,2025,5
18,Örebro,ÄNKL,35,1,2025,3
18,Örebro,ÄNKL,35,2,2025,5
18,Örebro,ÄNKL,36,1,2025,0
18,Örebro,ÄNKL,36,2,2025,0
18,Örebro,ÄNKL,37,1,2025,0
18,Örebro,ÄNKL,37,2,2025,7
18,Örebro,ÄNKL,38,1,2025,0
18,Örebro,ÄNKL,38,2,2025,8
18,Örebro,ÄNKL,39,1,2025,0
18,Örebro,ÄNKL,39,2,2025,10
18,Örebro,ÄNKL,40,1,2025,4
18,Örebro,ÄNKL,40,2,2025,6
18,Örebro,ÄNKL,41,1,2025,3
18,Örebro,ÄNKL,41,2,2025,7
18,Örebro,ÄNKL,42,1,2025,4
18,Örebro,ÄNKL,42,2,2025,7
18,Örebro,ÄNKL,43,1,2025,4
18,Örebro,ÄNKL,43,2,2025,14
18,Örebro,ÄNKL,44,1,2025,0
18,Örebro,ÄNKL,44,2,2025,17
18,Örebro,ÄNKL,45,1,2025,0
18,Örebro,ÄNKL,45,2,2025,19
18,Örebro,ÄNKL,46,1,2025,6
18,Örebro,ÄNKL,46,2,2025,16
18,Örebro,ÄNKL,47,1,2025,3
18,Örebro,ÄNKL,47,2,2025,24
18,Örebro,ÄNKL,48,1,2025,9
18,Örebro,ÄNKL,48,2,2025,14
18,Örebro,ÄNKL,49,1,2025,8
18,Örebro,ÄNKL,49,2,2025,14
18,Örebro,ÄNKL,50,1,2025,7
18,Örebro,ÄNKL,50,2,2025,20
18,Örebro,ÄNKL,51,1,2025,9
18,Örebro,ÄNKL,51,2,2025,20
18,Örebro,ÄNKL,52,1,2025,7
18,Örebro,ÄNKL,52,2,2025,31
18,Örebro,ÄNKL,53,1,2025,10
18,Örebro,ÄNKL,53,2,2025,31
18,Örebro,ÄNKL,54,1,2025,9
18,Örebro,ÄNKL,54,2,2025,32
18,Örebro,ÄNKL,55,1,2025,13
18,Örebro,ÄNKL,55,2,2025,32
18,Örebro,ÄNKL,56,1,2025,13
18,Örebro,ÄNKL,56,2,2025,37
18,Örebro,ÄNKL,57,1,2025,20
18,Örebro,ÄNKL,57,2,2025,35
18,Örebro,ÄNKL,58,1,2025,17
18,Örebro,ÄNKL,58,2,2025,45
18,Örebro,ÄNKL,59,1,2025,16
18,Örebro,ÄNKL,59,2,2025,50
18,Örebro,ÄNKL,60,1,2025,12
18,Örebro,ÄNKL,60,2,2025,59
18,Örebro,ÄNKL,61,1,2025,23
18,Örebro,ÄNKL,61,2,2025,60
18,Örebro,ÄNKL,62,1,2025,23
18,Örebro,ÄNKL,62,2,2025,59
18,Örebro,ÄNKL,63,1,2025,19
18,Örebro,ÄNKL,63,2,2025,69
18,Örebro,ÄNKL,64,1,2025,19
18,Örebro,ÄNKL,64,2,2025,72
18,Örebro,ÄNKL,65,1,2025,34
18,Örebro,ÄNKL,65,2,2025,99
18,Örebro,ÄNKL,66,1,2025,28
18,Örebro,ÄNKL,66,2,2025,104
18,Örebro,ÄNKL,67,1,2025,32
18,Örebro,ÄNKL,67,2,2025,101
18,Örebro,ÄNKL,68,1,2025,38
18,Örebro,ÄNKL,68,2,2025,133
18,Örebro,ÄNKL,69,1,2025,54
18,Örebro,ÄNKL,69,2,2025,152
18,Örebro,ÄNKL,70,1,2025,48
18,Örebro,ÄNKL,70,2,2025,155
18,Örebro,ÄNKL,71,1,2025,69
18,Örebro,ÄNKL,71,2,2025,147
18,Örebro,ÄNKL,72,1,2025,65
18,Örebro,ÄNKL,72,2,2025,203
18,Örebro,ÄNKL,73,1,2025,84
18,Örebro,ÄNKL,73,2,2025,217
18,Örebro,ÄNKL,74,1,2025,81
18,Örebro,ÄNKL,74,2,2025,210
18,Örebro,ÄNKL,75,1,2025,105
18,Örebro,ÄNKL,75,2,2025,281
18,Örebro,ÄNKL,76,1,2025,98
18,Örebro,ÄNKL,76,2,2025,329
18,Örebro,ÄNKL,77,1,2025,101
18,Örebro,ÄNKL,77,2,2025,330
18,Örebro,ÄNKL,78,1,2025,127
18,Örebro,ÄNKL,78,2,2025,367
18,Örebro,ÄNKL,79,1,2025,139
18,Örebro,ÄNKL,79,2,2025,395
18,Örebro,ÄNKL,80,1,2025,136
18,Örebro,ÄNKL,80,2,2025,453
18,Örebro,ÄNKL,81,1,2025,171
18,Örebro,ÄNKL,81,2,2025,435
18,Örebro,ÄNKL,82,1,2025,160
18,Örebro,ÄNKL,82,2,2025,461
18,Örebro,ÄNKL,83,1,2025,165
18,Örebro,ÄNKL,83,2,2025,461
18,Örebro,ÄNKL,84,1,2025,150
18,Örebro,ÄNKL,84,2,2025,429
18,Örebro,ÄNKL,85,1,2025,139
18,Örebro,ÄNKL,85,2,2025,433
18,Örebro,ÄNKL,86,1,2025,132
18,Örebro,ÄNKL,86,2,2025,390
18,Örebro,ÄNKL,87,1,2025,134
18,Örebro,ÄNKL,87,2,2025,419
18,Örebro,ÄNKL,88,1,2025,105
18,Örebro,ÄNKL,88,2,2025,381
18,Örebro,ÄNKL,89,1,2025,86
18,Örebro,ÄNKL,89,2,2025,295
18,Örebro,ÄNKL,90,1,2025,97
18,Örebro,ÄNKL,90,2,2025,266
18,Örebro,ÄNKL,91,1,2025,70
18,Örebro,ÄNKL,91,2,2025,270
18,Örebro,ÄNKL,92,1,2025,69
18,Örebro,ÄNKL,92,2,2025,237
18,Örebro,ÄNKL,93,1,2025,50
18,Örebro,ÄNKL,93,2,2025,189
18,Örebro,ÄNKL,94,1,2025,41
18,Örebro,ÄNKL,94,2,2025,164
18,Örebro,ÄNKL,95,1,2025,40
18,Örebro,ÄNKL,95,2,2025,133
18,Örebro,ÄNKL,96,1,2025,26
18,Örebro,ÄNKL,96,2,2025,103
18,Örebro,ÄNKL,97,1,2025,14
18,Örebro,ÄNKL,97,2,2025,72
18,Örebro,ÄNKL,98,1,2025,12
18,Örebro,ÄNKL,98,2,2025,59
18,Örebro,ÄNKL,99,1,2025,11
18,Örebro,ÄNKL,99,2,2025,45
18,Örebro,ÄNKL,100+1,1,2025,12
18,Örebro,ÄNKL,100+1,2,2025,54
18,Örebro,SK,0,1,2025,0
18,Örebro,SK,0,2,2025,0
18,Örebro,SK,1,1,2025,0
18,Örebro,SK,1,2,2025,0
18,Örebro,SK,2,1,2025,0
18,Örebro,SK,2,2,2025,0
18,Örebro,SK,3,1,2025,0
18,Örebro,SK,3,2,2025,0
18,Örebro,SK,4,1,2025,0
18,Örebro,SK,4,2,2025,0
18,Örebro,SK,5,1,2025,0
18,Örebro,SK,5,2,2025,0
18,Örebro,SK,6,1,2025,0
18,Örebro,SK,6,2,2025,0
18,Örebro,SK,7,1,2025,0
18,Örebro,SK,7,2,2025,0
18,Örebro,SK,8,1,2025,0
18,Örebro,SK,8,2,2025,0
18,Örebro,SK,9,1,2025,0
18,Örebro,SK,9,2,2025,0
18,Örebro,SK,10,1,2025,0
18,Örebro,SK,10,2,2025,0
18,Örebro,SK,11,1,2025,0
18,Örebro,SK,11,2,2025,0
18,Örebro,SK,12,1,2025,0
18,Örebro,SK,12,2,2025,0
18,Örebro,SK,13,1,2025,0
18,Örebro,SK,13,2,2025,0
18,Örebro,SK,14,1,2025,0
18,Örebro,SK,14,2,2025,0
18,Örebro,SK,15,1,2025,0
18,Örebro,SK,15,2,2025,0
18,Örebro,SK,16,1,2025,0
18,Örebro,SK,16,2,2025,0
18,Örebro,SK,17,1,2025,0
18,Örebro,SK,17,2,2025,0
18,Örebro,SK,18,1,2025,0
18,Örebro,SK,18,2,2025,0
18,Örebro,SK,19,1,2025,0
18,Örebro,SK,19,2,2025,3
18,Örebro,SK,20,1,2025,0
18,Örebro,SK,20,2,2025,0
18,Örebro,SK,21,1,2025,0
18,Örebro,SK,21,2,2025,3
18,Örebro,SK,22,1,2025,4
18,Örebro,SK,22,2,2025,0
18,Örebro,SK,23,1,2025,0
18,Örebro,SK,23,2,2025,4
18,Örebro,SK,24,1,2025,3
18,Örebro,SK,24,2,2025,4
18,Örebro,SK,25,1,2025,6
18,Örebro,SK,25,2,2025,11
18,Örebro,SK,26,1,2025,6
18,Örebro,SK,26,2,2025,17
18,Örebro,SK,27,1,2025,14
18,Örebro,SK,27,2,2025,22
18,Örebro,SK,28,1,2025,11
18,Örebro,SK,28,2,2025,29
18,Örebro,SK,29,1,2025,18
18,Örebro,SK,29,2,2025,39
18,Örebro,SK,30,1,2025,28
18,Örebro,SK,30,2,2025,61
18,Örebro,SK,31,1,2025,29
18,Örebro,SK,31,2,2025,63
18,Örebro,SK,32,1,2025,49
18,Örebro,SK,32,2,2025,84
18,Örebro,SK,33,1,2025,69
18,Örebro,SK,33,2,2025,133
18,Örebro,SK,34,1,2025,84
18,Örebro,SK,34,2,2025,152
18,Örebro,SK,35,1,2025,113
18,Örebro,SK,35,2,2025,150
18,Örebro,SK,36,1,2025,114
18,Örebro,SK,36,2,2025,182
18,Örebro,SK,37,1,2025,144
18,Örebro,SK,37,2,2025,181
18,Örebro,SK,38,1,2025,123
18,Örebro,SK,38,2,2025,193
18,Örebro,SK,39,1,2025,165
18,Örebro,SK,39,2,2025,230
18,Örebro,SK,40,1,2025,152
18,Örebro,SK,40,2,2025,266
18,Örebro,SK,41,1,2025,181
18,Örebro,SK,41,2,2025,249
18,Örebro,SK,42,1,2025,194
18,Örebro,SK,42,2,2025,268
18,Örebro,SK,43,1,2025,181
18,Örebro,SK,43,2,2025,252
18,Örebro,SK,44,1,2025,193
18,Örebro,SK,44,2,2025,292
18,Örebro,SK,45,1,2025,251
18,Örebro,SK,45,2,2025,325
18,Örebro,SK,46,1,2025,230
18,Örebro,SK,46,2,2025,317
18,Örebro,SK,47,1,2025,244
18,Örebro,SK,47,2,2025,301
18,Örebro,SK,48,1,2025,245
18,Örebro,SK,48,2,2025,327
18,Örebro,SK,49,1,2025,262
18,Örebro,SK,49,2,2025,324
18,Örebro,SK,50,1,2025,270
18,Örebro,SK,50,2,2025,313
18,Örebro,SK,51,1,2025,299
18,Örebro,SK,51,2,2025,416
18,Örebro,SK,52,1,2025,309
18,Örebro,SK,52,2,2025,367
18,Örebro,SK,53,1,2025,312
18,Örebro,SK,53,2,2025,425
18,Örebro,SK,54,1,2025,305
18,Örebro,SK,54,2,2025,391
18,Örebro,SK,55,1,2025,304
18,Örebro,SK,55,2,2025,384
18,Örebro,SK,56,1,2025,340
18,Örebro,SK,56,2,2025,386
18,Örebro,SK,57,1,2025,347
18,Örebro,SK,57,2,2025,372
18,Örebro,SK,58,1,2025,377
18,Örebro,SK,58,2,2025,429
18,Örebro,SK,59,1,2025,366
18,Örebro,SK,59,2,2025,433
18,Örebro,SK,60,1,2025,337
18,Örebro,SK,60,2,2025,462
18,Örebro,SK,61,1,2025,389
18,Örebro,SK,61,2,2025,420
18,Örebro,SK,62,1,2025,354
18,Örebro,SK,62,2,2025,376
18,Örebro,SK,63,1,2025,374
18,Örebro,SK,63,2,2025,408
18,Örebro,SK,64,1,2025,316
18,Örebro,SK,64,2,2025,390
18,Örebro,SK,65,1,2025,329
18,Örebro,SK,65,2,2025,355
18,Örebro,SK,66,1,2025,349
18,Örebro,SK,66,2,2025,339
18,Örebro,SK,67,1,2025,295
18,Örebro,SK,67,2,2025,342
18,Örebro,SK,68,1,2025,305
18,Örebro,SK,68,2,2025,338
18,Örebro,SK,69,1,2025,314
18,Örebro,SK,69,2,2025,359
18,Örebro,SK,70,1,2025,318
18,Örebro,SK,70,2,2025,360
18,Örebro,SK,71,1,2025,303
18,Örebro,SK,71,2,2025,317
18,Örebro,SK,72,1,2025,280
18,Örebro,SK,72,2,2025,336
18,Örebro,SK,73,1,2025,268
18,Örebro,SK,73,2,2025,341
18,Örebro,SK,74,1,2025,275
18,Örebro,SK,74,2,2025,288
18,Örebro,SK,75,1,2025,280
18,Örebro,SK,75,2,2025,332
18,Örebro,SK,76,1,2025,273
18,Örebro,SK,76,2,2025,321
18,Örebro,SK,77,1,2025,261
18,Örebro,SK,77,2,2025,347
18,Örebro,SK,78,1,2025,272
18,Örebro,SK,78,2,2025,358
18,Örebro,SK,79,1,2025,262
18,Örebro,SK,79,2,2025,314
18,Örebro,SK,80,1,2025,227
18,Örebro,SK,80,2,2025,336
18,Örebro,SK,81,1,2025,216
18,Örebro,SK,81,2,2025,304
18,Örebro,SK,82,1,2025,190
18,Örebro,SK,82,2,2025,272
18,Örebro,SK,83,1,2025,159
18,Örebro,SK,83,2,2025,280
18,Örebro,SK,84,1,2025,127
18,Örebro,SK,84,2,2025,195
18,Örebro,SK,85,1,2025,124
18,Örebro,SK,85,2,2025,177
18,Örebro,SK,86,1,2025,85
18,Örebro,SK,86,2,2025,155
18,Örebro,SK,87,1,2025,71
18,Örebro,SK,87,2,2025,104
18,Örebro,SK,88,1,2025,68
18,Örebro,SK,88,2,2025,95
18,Örebro,SK,89,1,2025,41
18,Örebro,SK,89,2,2025,73
18,Örebro,SK,90,1,2025,44
18,Örebro,SK,90,2,2025,54
18,Örebro,SK,91,1,2025,30
18,Örebro,SK,91,2,2025,43
18,Örebro,SK,92,1,2025,16
18,Örebro,SK,92,2,2025,39
18,Örebro,SK,93,1,2025,16
18,Örebro,SK,93,2,2025,37
18,Örebro,SK,94,1,2025,5
18,Örebro,SK,94,2,2025,27
18,Örebro,SK,95,1,2025,3
18,Örebro,SK,95,2,2025,13
18,Örebro,SK,96,1,2025,0
18,Örebro,SK,96,2,2025,16
18,Örebro,SK,97,1,2025,3
18,Örebro,SK,97,2,2025,7
18,Örebro,SK,98,1,2025,3
18,Örebro,SK,98,2,2025,8
18,Örebro,SK,99,1,2025,0
18,Örebro,SK,99,2,2025,0
18,Örebro,SK,100+1,1,2025,5
18,Örebro,SK,100+1,2,2025,4
19,Västmanland,OG,0,1,2025,1325
19,Västmanland,OG,0,2,2025,1203
19,Västmanland,OG,1,1,2025,1324
19,Västmanland,OG,1,2,2025,1262
19,Västmanland,OG,2,1,2025,1349
19,Västmanland,OG,2,2,2025,1284
19,Västmanland,OG,3,1,2025,1521
19,Västmanland,OG,3,2,2025,1401
19,Västmanland,OG,4,1,2025,1568
19,Västmanland,OG,4,2,2025,1455
19,Västmanland,OG,5,1,2025,1635
19,Västmanland,OG,5,2,2025,1558
19,Västmanland,OG,6,1,2025,1646
19,Västmanland,OG,6,2,2025,1567
19,Västmanland,OG,7,1,2025,1684
19,Västmanland,OG,7,2,2025,1615
19,Västmanland,OG,8,1,2025,1776
19,Västmanland,OG,8,2,2025,1591
19,Västmanland,OG,9,1,2025,1734
19,Västmanland,OG,9,2,2025,1606
19,Västmanland,OG,10,1,2025,1728
19,Västmanland,OG,10,2,2025,1567
19,Västmanland,OG,11,1,2025,1777
19,Västmanland,OG,11,2,2025,1616
19,Västmanland,OG,12,1,2025,1738
19,Västmanland,OG,12,2,2025,1644
19,Västmanland,OG,13,1,2025,1759
19,Västmanland,OG,13,2,2025,1714
19,Västmanland,OG,14,1,2025,1720
19,Västmanland,OG,14,2,2025,1679
19,Västmanland,OG,15,1,2025,1896
19,Västmanland,OG,15,2,2025,1612
19,Västmanland,OG,16,1,2025,1681
19,Västmanland,OG,16,2,2025,1644
19,Västmanland,OG,17,1,2025,1747
19,Västmanland,OG,17,2,2025,1594
19,Västmanland,OG,18,1,2025,1765
19,Västmanland,OG,18,2,2025,1560
19,Västmanland,OG,19,1,2025,1725
19,Västmanland,OG,19,2,2025,1532
19,Västmanland,OG,20,1,2025,1584
19,Västmanland,OG,20,2,2025,1395
19,Västmanland,OG,21,1,2025,1476
19,Västmanland,OG,21,2,2025,1321
19,Västmanland,OG,22,1,2025,1488
19,Västmanland,OG,22,2,2025,1285
19,Västmanland,OG,23,1,2025,1366
19,Västmanland,OG,23,2,2025,1325
19,Västmanland,OG,24,1,2025,1458
19,Västmanland,OG,24,2,2025,1155
19,Västmanland,OG,25,1,2025,1495
19,Västmanland,OG,25,2,2025,1179
19,Västmanland,OG,26,1,2025,1579
19,Västmanland,OG,26,2,2025,1145
19,Västmanland,OG,27,1,2025,1484
19,Västmanland,OG,27,2,2025,1154
19,Västmanland,OG,28,1,2025,1325
19,Västmanland,OG,28,2,2025,1078
19,Västmanland,OG,29,1,2025,1294
19,Västmanland,OG,29,2,2025,1070
19,Västmanland,OG,30,1,2025,1438
19,Västmanland,OG,30,2,2025,1124
19,Västmanland,OG,31,1,2025,1483
19,Västmanland,OG,31,2,2025,1250
19,Västmanland,OG,32,1,2025,1422
19,Västmanland,OG,32,2,2025,1209
19,Västmanland,OG,33,1,2025,1502
19,Västmanland,OG,33,2,2025,1158
19,Västmanland,OG,34,1,2025,1406
19,Västmanland,OG,34,2,2025,1110
19,Västmanland,OG,35,1,2025,1414
19,Västmanland,OG,35,2,2025,1034
19,Västmanland,OG,36,1,2025,1174
19,Västmanland,OG,36,2,2025,932
19,Västmanland,OG,37,1,2025,1098
19,Västmanland,OG,37,2,2025,841
19,Västmanland,OG,38,1,2025,1017
19,Västmanland,OG,38,2,2025,744
19,Västmanland,OG,39,1,2025,937
19,Västmanland,OG,39,2,2025,673
19,Västmanland,OG,40,1,2025,879
19,Västmanland,OG,40,2,2025,667
19,Västmanland,OG,41,1,2025,730
19,Västmanland,OG,41,2,2025,590
19,Västmanland,OG,42,1,2025,701
19,Västmanland,OG,42,2,2025,547
19,Västmanland,OG,43,1,2025,664
19,Västmanland,OG,43,2,2025,506
19,Västmanland,OG,44,1,2025,604
19,Västmanland,OG,44,2,2025,545
19,Västmanland,OG,45,1,2025,623
19,Västmanland,OG,45,2,2025,465
19,Västmanland,OG,46,1,2025,571
19,Västmanland,OG,46,2,2025,450
19,Västmanland,OG,47,1,2025,564
19,Västmanland,OG,47,2,2025,417
19,Västmanland,OG,48,1,2025,515
19,Västmanland,OG,48,2,2025,389
19,Västmanland,OG,49,1,2025,579
19,Västmanland,OG,49,2,2025,423
19,Västmanland,OG,50,1,2025,570
19,Västmanland,OG,50,2,2025,424
19,Västmanland,OG,51,1,2025,543
19,Västmanland,OG,51,2,2025,448
19,Västmanland,OG,52,1,2025,523
19,Västmanland,OG,52,2,2025,400
19,Västmanland,OG,53,1,2025,571
19,Västmanland,OG,53,2,2025,466
19,Västmanland,OG,54,1,2025,528
19,Västmanland,OG,54,2,2025,448
19,Västmanland,OG,55,1,2025,538
19,Västmanland,OG,55,2,2025,410
19,Västmanland,OG,56,1,2025,538
19,Västmanland,OG,56,2,2025,431
19,Västmanland,OG,57,1,2025,591
19,Västmanland,OG,57,2,2025,414
19,Västmanland,OG,58,1,2025,600
19,Västmanland,OG,58,2,2025,465
19,Västmanland,OG,59,1,2025,611
19,Västmanland,OG,59,2,2025,459
19,Västmanland,OG,60,1,2025,531
19,Västmanland,OG,60,2,2025,451
19,Västmanland,OG,61,1,2025,523
19,Västmanland,OG,61,2,2025,464
19,Västmanland,OG,62,1,2025,489
19,Västmanland,OG,62,2,2025,386
19,Västmanland,OG,63,1,2025,475
19,Västmanland,OG,63,2,2025,344
19,Västmanland,OG,64,1,2025,445
19,Västmanland,OG,64,2,2025,381
19,Västmanland,OG,65,1,2025,431
19,Västmanland,OG,65,2,2025,298
19,Västmanland,OG,66,1,2025,402
19,Västmanland,OG,66,2,2025,275
19,Västmanland,OG,67,1,2025,396
19,Västmanland,OG,67,2,2025,296
19,Västmanland,OG,68,1,2025,365
19,Västmanland,OG,68,2,2025,275
19,Västmanland,OG,69,1,2025,314
19,Västmanland,OG,69,2,2025,225
19,Västmanland,OG,70,1,2025,321
19,Västmanland,OG,70,2,2025,229
19,Västmanland,OG,71,1,2025,302
19,Västmanland,OG,71,2,2025,201
19,Västmanland,OG,72,1,2025,272
19,Västmanland,OG,72,2,2025,198
19,Västmanland,OG,73,1,2025,250
19,Västmanland,OG,73,2,2025,186
19,Västmanland,OG,74,1,2025,239
19,Västmanland,OG,74,2,2025,172
19,Västmanland,OG,75,1,2025,218
19,Västmanland,OG,75,2,2025,169
19,Västmanland,OG,76,1,2025,196
19,Västmanland,OG,76,2,2025,152
19,Västmanland,OG,77,1,2025,202
19,Västmanland,OG,77,2,2025,160
19,Västmanland,OG,78,1,2025,184
19,Västmanland,OG,78,2,2025,136
19,Västmanland,OG,79,1,2025,163
19,Västmanland,OG,79,2,2025,121
19,Västmanland,OG,80,1,2025,113
19,Västmanland,OG,80,2,2025,93
19,Västmanland,OG,81,1,2025,111
19,Västmanland,OG,81,2,2025,93
19,Västmanland,OG,82,1,2025,81
19,Västmanland,OG,82,2,2025,74
19,Västmanland,OG,83,1,2025,88
19,Västmanland,OG,83,2,2025,60
19,Västmanland,OG,84,1,2025,68
19,Västmanland,OG,84,2,2025,52
19,Västmanland,OG,85,1,2025,48
19,Västmanland,OG,85,2,2025,49
19,Västmanland,OG,86,1,2025,43
19,Västmanland,OG,86,2,2025,39
19,Västmanland,OG,87,1,2025,32
19,Västmanland,OG,87,2,2025,40
19,Västmanland,OG,88,1,2025,20
19,Västmanland,OG,88,2,2025,14
19,Västmanland,OG,89,1,2025,17
19,Västmanland,OG,89,2,2025,11
19,Västmanland,OG,90,1,2025,15
19,Västmanland,OG,90,2,2025,17
19,Västmanland,OG,91,1,2025,7
19,Västmanland,OG,91,2,2025,10
19,Västmanland,OG,92,1,2025,4
19,Västmanland,OG,92,2,2025,10
19,Västmanland,OG,93,1,2025,7
19,Västmanland,OG,93,2,2025,4
19,Västmanland,OG,94,1,2025,6
19,Västmanland,OG,94,2,2025,4
19,Västmanland,OG,95,1,2025,4
19,Västmanland,OG,95,2,2025,10
19,Västmanland,OG,96,1,2025,3
19,Västmanland,OG,96,2,2025,3
19,Västmanland,OG,97,1,2025,3
19,Västmanland,OG,97,2,2025,0
19,Västmanland,OG,98,1,2025,0
19,Västmanland,OG,98,2,2025,0
19,Västmanland,OG,99,1,2025,3
19,Västmanland,OG,99,2,2025,0
19,Västmanland,OG,100+1,1,2025,0
19,Västmanland,OG,100+1,2,2025,3
19,Västmanland,G,0,1,2025,0
19,Västmanland,G,0,2,2025,0
19,Västmanland,G,1,1,2025,0
19,Västmanland,G,1,2,2025,0
19,Västmanland,G,2,1,2025,0
19,Västmanland,G,2,2,2025,0
19,Västmanland,G,3,1,2025,0
19,Västmanland,G,3,2,2025,0
19,Västmanland,G,4,1,2025,0
19,Västmanland,G,4,2,2025,0
19,Västmanland,G,5,1,2025,0
19,Västmanland,G,5,2,2025,0
19,Västmanland,G,6,1,2025,0
19,Västmanland,G,6,2,2025,0
19,Västmanland,G,7,1,2025,0
19,Västmanland,G,7,2,2025,0
19,Västmanland,G,8,1,2025,0
19,Västmanland,G,8,2,2025,0
19,Västmanland,G,9,1,2025,0
19,Västmanland,G,9,2,2025,0
19,Västmanland,G,10,1,2025,0
19,Västmanland,G,10,2,2025,0
19,Västmanland,G,11,1,2025,0
19,Västmanland,G,11,2,2025,0
19,Västmanland,G,12,1,2025,0
19,Västmanland,G,12,2,2025,0
19,Västmanland,G,13,1,2025,0
19,Västmanland,G,13,2,2025,0
19,Västmanland,G,14,1,2025,0
19,Västmanland,G,14,2,2025,0
19,Västmanland,G,15,1,2025,0
19,Västmanland,G,15,2,2025,0
19,Västmanland,G,16,1,2025,0
19,Västmanland,G,16,2,2025,0
19,Västmanland,G,17,1,2025,0
19,Västmanland,G,17,2,2025,0
19,Västmanland,G,18,1,2025,0
19,Västmanland,G,18,2,2025,0
19,Västmanland,G,19,1,2025,0
19,Västmanland,G,19,2,2025,3
19,Västmanland,G,20,1,2025,3
19,Västmanland,G,20,2,2025,12
19,Västmanland,G,21,1,2025,8
19,Västmanland,G,21,2,2025,30
19,Västmanland,G,22,1,2025,8
19,Västmanland,G,22,2,2025,59
19,Västmanland,G,23,1,2025,25
19,Västmanland,G,23,2,2025,83
19,Västmanland,G,24,1,2025,47
19,Västmanland,G,24,2,2025,128
19,Västmanland,G,25,1,2025,89
19,Västmanland,G,25,2,2025,174
19,Västmanland,G,26,1,2025,157
19,Västmanland,G,26,2,2025,227
19,Västmanland,G,27,1,2025,147
19,Västmanland,G,27,2,2025,254
19,Västmanland,G,28,1,2025,207
19,Västmanland,G,28,2,2025,315
19,Västmanland,G,29,1,2025,254
19,Västmanland,G,29,2,2025,392
19,Västmanland,G,30,1,2025,312
19,Västmanland,G,30,2,2025,461
19,Västmanland,G,31,1,2025,406
19,Västmanland,G,31,2,2025,561
19,Västmanland,G,32,1,2025,495
19,Västmanland,G,32,2,2025,654
19,Västmanland,G,33,1,2025,474
19,Västmanland,G,33,2,2025,707
19,Västmanland,G,34,1,2025,566
19,Västmanland,G,34,2,2025,746
19,Västmanland,G,35,1,2025,683
19,Västmanland,G,35,2,2025,787
19,Västmanland,G,36,1,2025,709
19,Västmanland,G,36,2,2025,863
19,Västmanland,G,37,1,2025,755
19,Västmanland,G,37,2,2025,874
19,Västmanland,G,38,1,2025,777
19,Västmanland,G,38,2,2025,872
19,Västmanland,G,39,1,2025,775
19,Västmanland,G,39,2,2025,859
19,Västmanland,G,40,1,2025,880
19,Västmanland,G,40,2,2025,853
19,Västmanland,G,41,1,2025,800
19,Västmanland,G,41,2,2025,810
19,Västmanland,G,42,1,2025,759
19,Västmanland,G,42,2,2025,844
19,Västmanland,G,43,1,2025,854
19,Västmanland,G,43,2,2025,844
19,Västmanland,G,44,1,2025,782
19,Västmanland,G,44,2,2025,796
19,Västmanland,G,45,1,2025,839
19,Västmanland,G,45,2,2025,877
19,Västmanland,G,46,1,2025,812
19,Västmanland,G,46,2,2025,777
19,Västmanland,G,47,1,2025,797
19,Västmanland,G,47,2,2025,807
19,Västmanland,G,48,1,2025,775
19,Västmanland,G,48,2,2025,791
19,Västmanland,G,49,1,2025,804
19,Västmanland,G,49,2,2025,802
19,Västmanland,G,50,1,2025,855
19,Västmanland,G,50,2,2025,866
19,Västmanland,G,51,1,2025,862
19,Västmanland,G,51,2,2025,867
19,Västmanland,G,52,1,2025,860
19,Västmanland,G,52,2,2025,847
19,Västmanland,G,53,1,2025,949
19,Västmanland,G,53,2,2025,894
19,Västmanland,G,54,1,2025,903
19,Västmanland,G,54,2,2025,890
19,Västmanland,G,55,1,2025,884
19,Västmanland,G,55,2,2025,878
19,Västmanland,G,56,1,2025,915
19,Västmanland,G,56,2,2025,863
19,Västmanland,G,57,1,2025,937
19,Västmanland,G,57,2,2025,933
19,Västmanland,G,58,1,2025,945
19,Västmanland,G,58,2,2025,901
19,Västmanland,G,59,1,2025,961
19,Västmanland,G,59,2,2025,958
19,Västmanland,G,60,1,2025,1033
19,Västmanland,G,60,2,2025,980
19,Västmanland,G,61,1,2025,961
19,Västmanland,G,61,2,2025,926
19,Västmanland,G,62,1,2025,903
19,Västmanland,G,62,2,2025,864
19,Västmanland,G,63,1,2025,879
19,Västmanland,G,63,2,2025,786
19,Västmanland,G,64,1,2025,837
19,Västmanland,G,64,2,2025,765
19,Västmanland,G,65,1,2025,786
19,Västmanland,G,65,2,2025,787
19,Västmanland,G,66,1,2025,784
19,Västmanland,G,66,2,2025,776
19,Västmanland,G,67,1,2025,761
19,Västmanland,G,67,2,2025,734
19,Västmanland,G,68,1,2025,796
19,Västmanland,G,68,2,2025,747
19,Västmanland,G,69,1,2025,827
19,Västmanland,G,69,2,2025,715
19,Västmanland,G,70,1,2025,764
19,Västmanland,G,70,2,2025,725
19,Västmanland,G,71,1,2025,765
19,Västmanland,G,71,2,2025,725
19,Västmanland,G,72,1,2025,763
19,Västmanland,G,72,2,2025,728
19,Västmanland,G,73,1,2025,735
19,Västmanland,G,73,2,2025,765
19,Västmanland,G,74,1,2025,744
19,Västmanland,G,74,2,2025,733
19,Västmanland,G,75,1,2025,829
19,Västmanland,G,75,2,2025,716
19,Västmanland,G,76,1,2025,834
19,Västmanland,G,76,2,2025,778
19,Västmanland,G,77,1,2025,875
19,Västmanland,G,77,2,2025,738
19,Västmanland,G,78,1,2025,793
19,Västmanland,G,78,2,2025,739
19,Västmanland,G,79,1,2025,816
19,Västmanland,G,79,2,2025,669
19,Västmanland,G,80,1,2025,748
19,Västmanland,G,80,2,2025,597
19,Västmanland,G,81,1,2025,726
19,Västmanland,G,81,2,2025,578
19,Västmanland,G,82,1,2025,557
19,Västmanland,G,82,2,2025,488
19,Västmanland,G,83,1,2025,512
19,Västmanland,G,83,2,2025,386
19,Västmanland,G,84,1,2025,464
19,Västmanland,G,84,2,2025,314
19,Västmanland,G,85,1,2025,403
19,Västmanland,G,85,2,2025,236
19,Västmanland,G,86,1,2025,384
19,Västmanland,G,86,2,2025,212
19,Västmanland,G,87,1,2025,262
19,Västmanland,G,87,2,2025,184
19,Västmanland,G,88,1,2025,222
19,Västmanland,G,88,2,2025,105
19,Västmanland,G,89,1,2025,173
19,Västmanland,G,89,2,2025,104
19,Västmanland,G,90,1,2025,122
19,Västmanland,G,90,2,2025,50
19,Västmanland,G,91,1,2025,97
19,Västmanland,G,91,2,2025,43
19,Västmanland,G,92,1,2025,71
19,Västmanland,G,92,2,2025,33
19,Västmanland,G,93,1,2025,58
19,Västmanland,G,93,2,2025,20
19,Västmanland,G,94,1,2025,39
19,Västmanland,G,94,2,2025,23
19,Västmanland,G,95,1,2025,22
19,Västmanland,G,95,2,2025,8
19,Västmanland,G,96,1,2025,16
19,Västmanland,G,96,2,2025,4
19,Västmanland,G,97,1,2025,12
19,Västmanland,G,97,2,2025,4
19,Västmanland,G,98,1,2025,5
19,Västmanland,G,98,2,2025,3
19,Västmanland,G,99,1,2025,0
19,Västmanland,G,99,2,2025,3
19,Västmanland,G,100+1,1,2025,3
19,Västmanland,G,100+1,2,2025,0
19,Västmanland,ÄNKL,0,1,2025,0
19,Västmanland,ÄNKL,0,2,2025,0
19,Västmanland,ÄNKL,1,1,2025,0
19,Västmanland,ÄNKL,1,2,2025,0
19,Västmanland,ÄNKL,2,1,2025,0
19,Västmanland,ÄNKL,2,2,2025,0
19,Västmanland,ÄNKL,3,1,2025,0
19,Västmanland,ÄNKL,3,2,2025,0
19,Västmanland,ÄNKL,4,1,2025,0
19,Västmanland,ÄNKL,4,2,2025,0
19,Västmanland,ÄNKL,5,1,2025,0
19,Västmanland,ÄNKL,5,2,2025,0
19,Västmanland,ÄNKL,6,1,2025,0
19,Västmanland,ÄNKL,6,2,2025,0
19,Västmanland,ÄNKL,7,1,2025,0
19,Västmanland,ÄNKL,7,2,2025,0
19,Västmanland,ÄNKL,8,1,2025,0
19,Västmanland,ÄNKL,8,2,2025,0
19,Västmanland,ÄNKL,9,1,2025,0
19,Västmanland,ÄNKL,9,2,2025,0
19,Västmanland,ÄNKL,10,1,2025,0
19,Västmanland,ÄNKL,10,2,2025,0
19,Västmanland,ÄNKL,11,1,2025,0
19,Västmanland,ÄNKL,11,2,2025,0
19,Västmanland,ÄNKL,12,1,2025,0
19,Västmanland,ÄNKL,12,2,2025,0
19,Västmanland,ÄNKL,13,1,2025,0
19,Västmanland,ÄNKL,13,2,2025,0
19,Västmanland,ÄNKL,14,1,2025,0
19,Västmanland,ÄNKL,14,2,2025,0
19,Västmanland,ÄNKL,15,1,2025,0
19,Västmanland,ÄNKL,15,2,2025,0
19,Västmanland,ÄNKL,16,1,2025,0
19,Västmanland,ÄNKL,16,2,2025,0
19,Västmanland,ÄNKL,17,1,2025,0
19,Västmanland,ÄNKL,17,2,2025,0
19,Västmanland,ÄNKL,18,1,2025,0
19,Västmanland,ÄNKL,18,2,2025,0
19,Västmanland,ÄNKL,19,1,2025,0
19,Västmanland,ÄNKL,19,2,2025,0
19,Västmanland,ÄNKL,20,1,2025,0
19,Västmanland,ÄNKL,20,2,2025,0
19,Västmanland,ÄNKL,21,1,2025,0
19,Västmanland,ÄNKL,21,2,2025,0
19,Västmanland,ÄNKL,22,1,2025,0
19,Västmanland,ÄNKL,22,2,2025,0
19,Västmanland,ÄNKL,23,1,2025,0
19,Västmanland,ÄNKL,23,2,2025,0
19,Västmanland,ÄNKL,24,1,2025,0
19,Västmanland,ÄNKL,24,2,2025,0
19,Västmanland,ÄNKL,25,1,2025,0
19,Västmanland,ÄNKL,25,2,2025,0
19,Västmanland,ÄNKL,26,1,2025,0
19,Västmanland,ÄNKL,26,2,2025,0
19,Västmanland,ÄNKL,27,1,2025,0
19,Västmanland,ÄNKL,27,2,2025,0
19,Västmanland,ÄNKL,28,1,2025,0
19,Västmanland,ÄNKL,28,2,2025,0
19,Västmanland,ÄNKL,29,1,2025,0
19,Västmanland,ÄNKL,29,2,2025,3
19,Västmanland,ÄNKL,30,1,2025,0
19,Västmanland,ÄNKL,30,2,2025,3
19,Västmanland,ÄNKL,31,1,2025,0
19,Västmanland,ÄNKL,31,2,2025,0
19,Västmanland,ÄNKL,32,1,2025,0
19,Västmanland,ÄNKL,32,2,2025,3
19,Västmanland,ÄNKL,33,1,2025,0
19,Västmanland,ÄNKL,33,2,2025,0
19,Västmanland,ÄNKL,34,1,2025,0
19,Västmanland,ÄNKL,34,2,2025,0
19,Västmanland,ÄNKL,35,1,2025,0
19,Västmanland,ÄNKL,35,2,2025,3
19,Västmanland,ÄNKL,36,1,2025,0
19,Västmanland,ÄNKL,36,2,2025,5
19,Västmanland,ÄNKL,37,1,2025,0
19,Västmanland,ÄNKL,37,2,2025,9
19,Västmanland,ÄNKL,38,1,2025,3
19,Västmanland,ÄNKL,38,2,2025,5
19,Västmanland,ÄNKL,39,1,2025,0
19,Västmanland,ÄNKL,39,2,2025,0
19,Västmanland,ÄNKL,40,1,2025,0
19,Västmanland,ÄNKL,40,2,2025,6
19,Västmanland,ÄNKL,41,1,2025,0
19,Västmanland,ÄNKL,41,2,2025,10
19,Västmanland,ÄNKL,42,1,2025,6
19,Västmanland,ÄNKL,42,2,2025,12
19,Västmanland,ÄNKL,43,1,2025,5
19,Västmanland,ÄNKL,43,2,2025,10
19,Västmanland,ÄNKL,44,1,2025,0
19,Västmanland,ÄNKL,44,2,2025,15
19,Västmanland,ÄNKL,45,1,2025,4
19,Västmanland,ÄNKL,45,2,2025,21
19,Västmanland,ÄNKL,46,1,2025,6
19,Västmanland,ÄNKL,46,2,2025,11
19,Västmanland,ÄNKL,47,1,2025,5
19,Västmanland,ÄNKL,47,2,2025,16
19,Västmanland,ÄNKL,48,1,2025,5
19,Västmanland,ÄNKL,48,2,2025,23
19,Västmanland,ÄNKL,49,1,2025,3
19,Västmanland,ÄNKL,49,2,2025,22
19,Västmanland,ÄNKL,50,1,2025,4
19,Västmanland,ÄNKL,50,2,2025,23
19,Västmanland,ÄNKL,51,1,2025,7
19,Västmanland,ÄNKL,51,2,2025,28
19,Västmanland,ÄNKL,52,1,2025,5
19,Västmanland,ÄNKL,52,2,2025,27
19,Västmanland,ÄNKL,53,1,2025,17
19,Västmanland,ÄNKL,53,2,2025,32
19,Västmanland,ÄNKL,54,1,2025,10
19,Västmanland,ÄNKL,54,2,2025,31
19,Västmanland,ÄNKL,55,1,2025,7
19,Västmanland,ÄNKL,55,2,2025,35
19,Västmanland,ÄNKL,56,1,2025,20
19,Västmanland,ÄNKL,56,2,2025,37
19,Västmanland,ÄNKL,57,1,2025,16
19,Västmanland,ÄNKL,57,2,2025,40
19,Västmanland,ÄNKL,58,1,2025,14
19,Västmanland,ÄNKL,58,2,2025,33
19,Västmanland,ÄNKL,59,1,2025,9
19,Västmanland,ÄNKL,59,2,2025,49
19,Västmanland,ÄNKL,60,1,2025,21
19,Västmanland,ÄNKL,60,2,2025,69
19,Västmanland,ÄNKL,61,1,2025,22
19,Västmanland,ÄNKL,61,2,2025,57
19,Västmanland,ÄNKL,62,1,2025,23
19,Västmanland,ÄNKL,62,2,2025,65
19,Västmanland,ÄNKL,63,1,2025,20
19,Västmanland,ÄNKL,63,2,2025,73
19,Västmanland,ÄNKL,64,1,2025,14
19,Västmanland,ÄNKL,64,2,2025,71
19,Västmanland,ÄNKL,65,1,2025,24
19,Västmanland,ÄNKL,65,2,2025,81
19,Västmanland,ÄNKL,66,1,2025,32
19,Västmanland,ÄNKL,66,2,2025,91
19,Västmanland,ÄNKL,67,1,2025,25
19,Västmanland,ÄNKL,67,2,2025,102
19,Västmanland,ÄNKL,68,1,2025,41
19,Västmanland,ÄNKL,68,2,2025,121
19,Västmanland,ÄNKL,69,1,2025,41
19,Västmanland,ÄNKL,69,2,2025,114
19,Västmanland,ÄNKL,70,1,2025,44
19,Västmanland,ÄNKL,70,2,2025,151
19,Västmanland,ÄNKL,71,1,2025,61
19,Västmanland,ÄNKL,71,2,2025,155
19,Västmanland,ÄNKL,72,1,2025,44
19,Västmanland,ÄNKL,72,2,2025,175
19,Västmanland,ÄNKL,73,1,2025,66
19,Västmanland,ÄNKL,73,2,2025,203
19,Västmanland,ÄNKL,74,1,2025,61
19,Västmanland,ÄNKL,74,2,2025,203
19,Västmanland,ÄNKL,75,1,2025,95
19,Västmanland,ÄNKL,75,2,2025,263
19,Västmanland,ÄNKL,76,1,2025,71
19,Västmanland,ÄNKL,76,2,2025,281
19,Västmanland,ÄNKL,77,1,2025,115
19,Västmanland,ÄNKL,77,2,2025,318
19,Västmanland,ÄNKL,78,1,2025,138
19,Västmanland,ÄNKL,78,2,2025,338
19,Västmanland,ÄNKL,79,1,2025,141
19,Västmanland,ÄNKL,79,2,2025,383
19,Västmanland,ÄNKL,80,1,2025,176
19,Västmanland,ÄNKL,80,2,2025,408
19,Västmanland,ÄNKL,81,1,2025,141
19,Västmanland,ÄNKL,81,2,2025,468
19,Västmanland,ÄNKL,82,1,2025,168
19,Västmanland,ÄNKL,82,2,2025,409
19,Västmanland,ÄNKL,83,1,2025,128
19,Västmanland,ÄNKL,83,2,2025,417
19,Västmanland,ÄNKL,84,1,2025,148
19,Västmanland,ÄNKL,84,2,2025,375
19,Västmanland,ÄNKL,85,1,2025,133
19,Västmanland,ÄNKL,85,2,2025,368
19,Västmanland,ÄNKL,86,1,2025,141
19,Västmanland,ÄNKL,86,2,2025,361
19,Västmanland,ÄNKL,87,1,2025,123
19,Västmanland,ÄNKL,87,2,2025,370
19,Västmanland,ÄNKL,88,1,2025,122
19,Västmanland,ÄNKL,88,2,2025,375
19,Västmanland,ÄNKL,89,1,2025,104
19,Västmanland,ÄNKL,89,2,2025,319
19,Västmanland,ÄNKL,90,1,2025,80
19,Västmanland,ÄNKL,90,2,2025,278
19,Västmanland,ÄNKL,91,1,2025,79
19,Västmanland,ÄNKL,91,2,2025,254
19,Västmanland,ÄNKL,92,1,2025,65
19,Västmanland,ÄNKL,92,2,2025,211
19,Västmanland,ÄNKL,93,1,2025,59
19,Västmanland,ÄNKL,93,2,2025,203
19,Västmanland,ÄNKL,94,1,2025,47
19,Västmanland,ÄNKL,94,2,2025,183
19,Västmanland,ÄNKL,95,1,2025,33
19,Västmanland,ÄNKL,95,2,2025,119
19,Västmanland,ÄNKL,96,1,2025,29
19,Västmanland,ÄNKL,96,2,2025,101
19,Västmanland,ÄNKL,97,1,2025,22
19,Västmanland,ÄNKL,97,2,2025,87
19,Västmanland,ÄNKL,98,1,2025,10
19,Västmanland,ÄNKL,98,2,2025,60
19,Västmanland,ÄNKL,99,1,2025,12
19,Västmanland,ÄNKL,99,2,2025,39
19,Västmanland,ÄNKL,100+1,1,2025,9
19,Västmanland,ÄNKL,100+1,2,2025,64
19,Västmanland,SK,0,1,2025,0
19,Västmanland,SK,0,2,2025,0
19,Västmanland,SK,1,1,2025,0
19,Västmanland,SK,1,2,2025,0
19,Västmanland,SK,2,1,2025,0
19,Västmanland,SK,2,2,2025,0
19,Västmanland,SK,3,1,2025,0
19,Västmanland,SK,3,2,2025,0
19,Västmanland,SK,4,1,2025,0
19,Västmanland,SK,4,2,2025,0
19,Västmanland,SK,5,1,2025,0
19,Västmanland,SK,5,2,2025,0
19,Västmanland,SK,6,1,2025,0
19,Västmanland,SK,6,2,2025,0
19,Västmanland,SK,7,1,2025,0
19,Västmanland,SK,7,2,2025,0
19,Västmanland,SK,8,1,2025,0
19,Västmanland,SK,8,2,2025,0
19,Västmanland,SK,9,1,2025,0
19,Västmanland,SK,9,2,2025,0
19,Västmanland,SK,10,1,2025,0
19,Västmanland,SK,10,2,2025,0
19,Västmanland,SK,11,1,2025,0
19,Västmanland,SK,11,2,2025,0
19,Västmanland,SK,12,1,2025,0
19,Västmanland,SK,12,2,2025,0
19,Västmanland,SK,13,1,2025,0
19,Västmanland,SK,13,2,2025,0
19,Västmanland,SK,14,1,2025,0
19,Västmanland,SK,14,2,2025,0
19,Västmanland,SK,15,1,2025,0
19,Västmanland,SK,15,2,2025,0
19,Västmanland,SK,16,1,2025,0
19,Västmanland,SK,16,2,2025,0
19,Västmanland,SK,17,1,2025,0
19,Västmanland,SK,17,2,2025,0
19,Västmanland,SK,18,1,2025,0
19,Västmanland,SK,18,2,2025,0
19,Västmanland,SK,19,1,2025,0
19,Västmanland,SK,19,2,2025,0
19,Västmanland,SK,20,1,2025,0
19,Västmanland,SK,20,2,2025,0
19,Västmanland,SK,21,1,2025,0
19,Västmanland,SK,21,2,2025,0
19,Västmanland,SK,22,1,2025,0
19,Västmanland,SK,22,2,2025,3
19,Västmanland,SK,23,1,2025,0
19,Västmanland,SK,23,2,2025,6
19,Västmanland,SK,24,1,2025,0
19,Västmanland,SK,24,2,2025,8
19,Västmanland,SK,25,1,2025,3
19,Västmanland,SK,25,2,2025,13
19,Västmanland,SK,26,1,2025,9
19,Västmanland,SK,26,2,2025,22
19,Västmanland,SK,27,1,2025,13
19,Västmanland,SK,27,2,2025,24
19,Västmanland,SK,28,1,2025,13
19,Västmanland,SK,28,2,2025,26
19,Västmanland,SK,29,1,2025,18
19,Västmanland,SK,29,2,2025,32
19,Västmanland,SK,30,1,2025,23
19,Västmanland,SK,30,2,2025,58
19,Västmanland,SK,31,1,2025,36
19,Västmanland,SK,31,2,2025,81
19,Västmanland,SK,32,1,2025,48
19,Västmanland,SK,32,2,2025,101
19,Västmanland,SK,33,1,2025,59
19,Västmanland,SK,33,2,2025,103
19,Västmanland,SK,34,1,2025,96
19,Västmanland,SK,34,2,2025,138
19,Västmanland,SK,35,1,2025,117
19,Västmanland,SK,35,2,2025,173
19,Västmanland,SK,36,1,2025,120
19,Västmanland,SK,36,2,2025,230
19,Västmanland,SK,37,1,2025,105
19,Västmanland,SK,37,2,2025,203
19,Västmanland,SK,38,1,2025,160
19,Västmanland,SK,38,2,2025,212
19,Västmanland,SK,39,1,2025,156
19,Västmanland,SK,39,2,2025,238
19,Västmanland,SK,40,1,2025,144
19,Västmanland,SK,40,2,2025,243
19,Västmanland,SK,41,1,2025,185
19,Västmanland,SK,41,2,2025,255
19,Västmanland,SK,42,1,2025,177
19,Västmanland,SK,42,2,2025,238
19,Västmanland,SK,43,1,2025,198
19,Västmanland,SK,43,2,2025,265
19,Västmanland,SK,44,1,2025,192
19,Västmanland,SK,44,2,2025,273
19,Västmanland,SK,45,1,2025,230
19,Västmanland,SK,45,2,2025,306
19,Västmanland,SK,46,1,2025,228
19,Västmanland,SK,46,2,2025,286
19,Västmanland,SK,47,1,2025,221
19,Västmanland,SK,47,2,2025,333
19,Västmanland,SK,48,1,2025,230
19,Västmanland,SK,48,2,2025,312
19,Västmanland,SK,49,1,2025,240
19,Västmanland,SK,49,2,2025,353
19,Västmanland,SK,50,1,2025,269
19,Västmanland,SK,50,2,2025,340
19,Västmanland,SK,51,1,2025,273
19,Västmanland,SK,51,2,2025,380
19,Västmanland,SK,52,1,2025,285
19,Västmanland,SK,52,2,2025,359
19,Västmanland,SK,53,1,2025,301
19,Västmanland,SK,53,2,2025,387
19,Västmanland,SK,54,1,2025,316
19,Västmanland,SK,54,2,2025,391
19,Västmanland,SK,55,1,2025,305
19,Västmanland,SK,55,2,2025,365
19,Västmanland,SK,56,1,2025,310
19,Västmanland,SK,56,2,2025,339
19,Västmanland,SK,57,1,2025,358
19,Västmanland,SK,57,2,2025,371
19,Västmanland,SK,58,1,2025,321
19,Västmanland,SK,58,2,2025,422
19,Västmanland,SK,59,1,2025,336
19,Västmanland,SK,59,2,2025,384
19,Västmanland,SK,60,1,2025,394
19,Västmanland,SK,60,2,2025,423
19,Västmanland,SK,61,1,2025,351
19,Västmanland,SK,61,2,2025,439
19,Västmanland,SK,62,1,2025,346
19,Västmanland,SK,62,2,2025,378
19,Västmanland,SK,63,1,2025,336
19,Västmanland,SK,63,2,2025,386
19,Västmanland,SK,64,1,2025,304
19,Västmanland,SK,64,2,2025,384
19,Västmanland,SK,65,1,2025,314
19,Västmanland,SK,65,2,2025,348
19,Västmanland,SK,66,1,2025,295
19,Västmanland,SK,66,2,2025,375
19,Västmanland,SK,67,1,2025,294
19,Västmanland,SK,67,2,2025,359
19,Västmanland,SK,68,1,2025,292
19,Västmanland,SK,68,2,2025,334
19,Västmanland,SK,69,1,2025,268
19,Västmanland,SK,69,2,2025,270
19,Västmanland,SK,70,1,2025,278
19,Västmanland,SK,70,2,2025,313
19,Västmanland,SK,71,1,2025,262
19,Västmanland,SK,71,2,2025,309
19,Västmanland,SK,72,1,2025,222
19,Västmanland,SK,72,2,2025,305
19,Västmanland,SK,73,1,2025,236
19,Västmanland,SK,73,2,2025,292
19,Västmanland,SK,74,1,2025,220
19,Västmanland,SK,74,2,2025,298
19,Västmanland,SK,75,1,2025,249
19,Västmanland,SK,75,2,2025,282
19,Västmanland,SK,76,1,2025,243
19,Västmanland,SK,76,2,2025,321
19,Västmanland,SK,77,1,2025,207
19,Västmanland,SK,77,2,2025,342
19,Västmanland,SK,78,1,2025,243
19,Västmanland,SK,78,2,2025,295
19,Västmanland,SK,79,1,2025,201
19,Västmanland,SK,79,2,2025,322
19,Västmanland,SK,80,1,2025,231
19,Västmanland,SK,80,2,2025,320
19,Västmanland,SK,81,1,2025,184
19,Västmanland,SK,81,2,2025,285
19,Västmanland,SK,82,1,2025,160
19,Västmanland,SK,82,2,2025,236
19,Västmanland,SK,83,1,2025,118
19,Västmanland,SK,83,2,2025,192
19,Västmanland,SK,84,1,2025,113
19,Västmanland,SK,84,2,2025,168
19,Västmanland,SK,85,1,2025,99
19,Västmanland,SK,85,2,2025,155
19,Västmanland,SK,86,1,2025,98
19,Västmanland,SK,86,2,2025,139
19,Västmanland,SK,87,1,2025,72
19,Västmanland,SK,87,2,2025,124
19,Västmanland,SK,88,1,2025,53
19,Västmanland,SK,88,2,2025,99
19,Västmanland,SK,89,1,2025,44
19,Västmanland,SK,89,2,2025,74
19,Västmanland,SK,90,1,2025,39
19,Västmanland,SK,90,2,2025,58
19,Västmanland,SK,91,1,2025,23
19,Västmanland,SK,91,2,2025,50
19,Västmanland,SK,92,1,2025,20
19,Västmanland,SK,92,2,2025,44
19,Västmanland,SK,93,1,2025,12
19,Västmanland,SK,93,2,2025,34
19,Västmanland,SK,94,1,2025,12
19,Västmanland,SK,94,2,2025,24
19,Västmanland,SK,95,1,2025,6
19,Västmanland,SK,95,2,2025,17
19,Västmanland,SK,96,1,2025,3
19,Västmanland,SK,96,2,2025,6
19,Västmanland,SK,97,1,2025,3
19,Västmanland,SK,97,2,2025,9
19,Västmanland,SK,98,1,2025,3
19,Västmanland,SK,98,2,2025,4
19,Västmanland,SK,99,1,2025,0
19,Västmanland,SK,99,2,2025,0
19,Västmanland,SK,100+1,1,2025,4
19,Västmanland,SK,100+1,2,2025,3
20,Dalarna,OG,0,1,2025,1103
20,Dalarna,OG,0,2,2025,1113
20,Dalarna,OG,1,1,2025,1236
20,Dalarna,OG,1,2,2025,1155
20,Dalarna,OG,2,1,2025,1286
20,Dalarna,OG,2,2,2025,1230
20,Dalarna,OG,3,1,2025,1409
20,Dalarna,OG,3,2,2025,1254
20,Dalarna,OG,4,1,2025,1438
20,Dalarna,OG,4,2,2025,1470
20,Dalarna,OG,5,1,2025,1587
20,Dalarna,OG,5,2,2025,1463
20,Dalarna,OG,6,1,2025,1553
20,Dalarna,OG,6,2,2025,1569
20,Dalarna,OG,7,1,2025,1612
20,Dalarna,OG,7,2,2025,1577
20,Dalarna,OG,8,1,2025,1694
20,Dalarna,OG,8,2,2025,1607
20,Dalarna,OG,9,1,2025,1727
20,Dalarna,OG,9,2,2025,1643
20,Dalarna,OG,10,1,2025,1722
20,Dalarna,OG,10,2,2025,1562
20,Dalarna,OG,11,1,2025,1672
20,Dalarna,OG,11,2,2025,1630
20,Dalarna,OG,12,1,2025,1600
20,Dalarna,OG,12,2,2025,1550
20,Dalarna,OG,13,1,2025,1755
20,Dalarna,OG,13,2,2025,1595
20,Dalarna,OG,14,1,2025,1741
20,Dalarna,OG,14,2,2025,1654
20,Dalarna,OG,15,1,2025,1739
20,Dalarna,OG,15,2,2025,1643
20,Dalarna,OG,16,1,2025,1688
20,Dalarna,OG,16,2,2025,1586
20,Dalarna,OG,17,1,2025,1765
20,Dalarna,OG,17,2,2025,1627
20,Dalarna,OG,18,1,2025,1747
20,Dalarna,OG,18,2,2025,1663
20,Dalarna,OG,19,1,2025,1613
20,Dalarna,OG,19,2,2025,1541
20,Dalarna,OG,20,1,2025,1586
20,Dalarna,OG,20,2,2025,1414
20,Dalarna,OG,21,1,2025,1535
20,Dalarna,OG,21,2,2025,1260
20,Dalarna,OG,22,1,2025,1377
20,Dalarna,OG,22,2,2025,1153
20,Dalarna,OG,23,1,2025,1371
20,Dalarna,OG,23,2,2025,1068
20,Dalarna,OG,24,1,2025,1321
20,Dalarna,OG,24,2,2025,1016
20,Dalarna,OG,25,1,2025,1325
20,Dalarna,OG,25,2,2025,1023
20,Dalarna,OG,26,1,2025,1424
20,Dalarna,OG,26,2,2025,1010
20,Dalarna,OG,27,1,2025,1354
20,Dalarna,OG,27,2,2025,957
20,Dalarna,OG,28,1,2025,1274
20,Dalarna,OG,28,2,2025,965
20,Dalarna,OG,29,1,2025,1379
20,Dalarna,OG,29,2,2025,1082
20,Dalarna,OG,30,1,2025,1404
20,Dalarna,OG,30,2,2025,1082
20,Dalarna,OG,31,1,2025,1406
20,Dalarna,OG,31,2,2025,1164
20,Dalarna,OG,32,1,2025,1450
20,Dalarna,OG,32,2,2025,1166
20,Dalarna,OG,33,1,2025,1493
20,Dalarna,OG,33,2,2025,1202
20,Dalarna,OG,34,1,2025,1496
20,Dalarna,OG,34,2,2025,1232
20,Dalarna,OG,35,1,2025,1480
20,Dalarna,OG,35,2,2025,1154
20,Dalarna,OG,36,1,2025,1302
20,Dalarna,OG,36,2,2025,1071
20,Dalarna,OG,37,1,2025,1202
20,Dalarna,OG,37,2,2025,899
20,Dalarna,OG,38,1,2025,1100
20,Dalarna,OG,38,2,2025,879
20,Dalarna,OG,39,1,2025,1043
20,Dalarna,OG,39,2,2025,837
20,Dalarna,OG,40,1,2025,1029
20,Dalarna,OG,40,2,2025,700
20,Dalarna,OG,41,1,2025,871
20,Dalarna,OG,41,2,2025,704
20,Dalarna,OG,42,1,2025,822
20,Dalarna,OG,42,2,2025,634
20,Dalarna,OG,43,1,2025,816
20,Dalarna,OG,43,2,2025,626
20,Dalarna,OG,44,1,2025,791
20,Dalarna,OG,44,2,2025,649
20,Dalarna,OG,45,1,2025,755
20,Dalarna,OG,45,2,2025,616
20,Dalarna,OG,46,1,2025,715
20,Dalarna,OG,46,2,2025,587
20,Dalarna,OG,47,1,2025,653
20,Dalarna,OG,47,2,2025,562
20,Dalarna,OG,48,1,2025,644
20,Dalarna,OG,48,2,2025,539
20,Dalarna,OG,49,1,2025,709
20,Dalarna,OG,49,2,2025,556
20,Dalarna,OG,50,1,2025,675
20,Dalarna,OG,50,2,2025,546
20,Dalarna,OG,51,1,2025,711
20,Dalarna,OG,51,2,2025,537
20,Dalarna,OG,52,1,2025,677
20,Dalarna,OG,52,2,2025,559
20,Dalarna,OG,53,1,2025,687
20,Dalarna,OG,53,2,2025,597
20,Dalarna,OG,54,1,2025,681
20,Dalarna,OG,54,2,2025,595
20,Dalarna,OG,55,1,2025,697
20,Dalarna,OG,55,2,2025,536
20,Dalarna,OG,56,1,2025,691
20,Dalarna,OG,56,2,2025,522
20,Dalarna,OG,57,1,2025,694
20,Dalarna,OG,57,2,2025,562
20,Dalarna,OG,58,1,2025,704
20,Dalarna,OG,58,2,2025,595
20,Dalarna,OG,59,1,2025,725
20,Dalarna,OG,59,2,2025,571
20,Dalarna,OG,60,1,2025,705
20,Dalarna,OG,60,2,2025,551
20,Dalarna,OG,61,1,2025,700
20,Dalarna,OG,61,2,2025,530
20,Dalarna,OG,62,1,2025,650
20,Dalarna,OG,62,2,2025,513
20,Dalarna,OG,63,1,2025,599
20,Dalarna,OG,63,2,2025,489
20,Dalarna,OG,64,1,2025,559
20,Dalarna,OG,64,2,2025,419
20,Dalarna,OG,65,1,2025,575
20,Dalarna,OG,65,2,2025,418
20,Dalarna,OG,66,1,2025,515
20,Dalarna,OG,66,2,2025,369
20,Dalarna,OG,67,1,2025,500
20,Dalarna,OG,67,2,2025,389
20,Dalarna,OG,68,1,2025,466
20,Dalarna,OG,68,2,2025,420
20,Dalarna,OG,69,1,2025,498
20,Dalarna,OG,69,2,2025,344
20,Dalarna,OG,70,1,2025,433
20,Dalarna,OG,70,2,2025,378
20,Dalarna,OG,71,1,2025,412
20,Dalarna,OG,71,2,2025,330
20,Dalarna,OG,72,1,2025,413
20,Dalarna,OG,72,2,2025,291
20,Dalarna,OG,73,1,2025,390
20,Dalarna,OG,73,2,2025,306
20,Dalarna,OG,74,1,2025,371
20,Dalarna,OG,74,2,2025,263
20,Dalarna,OG,75,1,2025,342
20,Dalarna,OG,75,2,2025,284
20,Dalarna,OG,76,1,2025,338
20,Dalarna,OG,76,2,2025,255
20,Dalarna,OG,77,1,2025,347
20,Dalarna,OG,77,2,2025,250
20,Dalarna,OG,78,1,2025,298
20,Dalarna,OG,78,2,2025,196
20,Dalarna,OG,79,1,2025,272
20,Dalarna,OG,79,2,2025,172
20,Dalarna,OG,80,1,2025,244
20,Dalarna,OG,80,2,2025,142
20,Dalarna,OG,81,1,2025,183
20,Dalarna,OG,81,2,2025,123
20,Dalarna,OG,82,1,2025,122
20,Dalarna,OG,82,2,2025,113
20,Dalarna,OG,83,1,2025,128
20,Dalarna,OG,83,2,2025,93
20,Dalarna,OG,84,1,2025,122
20,Dalarna,OG,84,2,2025,78
20,Dalarna,OG,85,1,2025,73
20,Dalarna,OG,85,2,2025,57
20,Dalarna,OG,86,1,2025,55
20,Dalarna,OG,86,2,2025,45
20,Dalarna,OG,87,1,2025,44
20,Dalarna,OG,87,2,2025,44
20,Dalarna,OG,88,1,2025,33
20,Dalarna,OG,88,2,2025,26
20,Dalarna,OG,89,1,2025,23
20,Dalarna,OG,89,2,2025,28
20,Dalarna,OG,90,1,2025,26
20,Dalarna,OG,90,2,2025,14
20,Dalarna,OG,91,1,2025,17
20,Dalarna,OG,91,2,2025,18
20,Dalarna,OG,92,1,2025,15
20,Dalarna,OG,92,2,2025,7
20,Dalarna,OG,93,1,2025,7
20,Dalarna,OG,93,2,2025,8
20,Dalarna,OG,94,1,2025,4
20,Dalarna,OG,94,2,2025,14
20,Dalarna,OG,95,1,2025,3
20,Dalarna,OG,95,2,2025,9
20,Dalarna,OG,96,1,2025,3
20,Dalarna,OG,96,2,2025,0
20,Dalarna,OG,97,1,2025,0
20,Dalarna,OG,97,2,2025,5
20,Dalarna,OG,98,1,2025,0
20,Dalarna,OG,98,2,2025,5
20,Dalarna,OG,99,1,2025,0
20,Dalarna,OG,99,2,2025,4
20,Dalarna,OG,100+1,1,2025,0
20,Dalarna,OG,100+1,2,2025,0
20,Dalarna,G,0,1,2025,0
20,Dalarna,G,0,2,2025,0
20,Dalarna,G,1,1,2025,0
20,Dalarna,G,1,2,2025,0
20,Dalarna,G,2,1,2025,0
20,Dalarna,G,2,2,2025,0
20,Dalarna,G,3,1,2025,0
20,Dalarna,G,3,2,2025,0
20,Dalarna,G,4,1,2025,0
20,Dalarna,G,4,2,2025,0
20,Dalarna,G,5,1,2025,0
20,Dalarna,G,5,2,2025,0
20,Dalarna,G,6,1,2025,0
20,Dalarna,G,6,2,2025,0
20,Dalarna,G,7,1,2025,0
20,Dalarna,G,7,2,2025,0
20,Dalarna,G,8,1,2025,0
20,Dalarna,G,8,2,2025,0
20,Dalarna,G,9,1,2025,0
20,Dalarna,G,9,2,2025,0
20,Dalarna,G,10,1,2025,0
20,Dalarna,G,10,2,2025,0
20,Dalarna,G,11,1,2025,0
20,Dalarna,G,11,2,2025,0
20,Dalarna,G,12,1,2025,0
20,Dalarna,G,12,2,2025,0
20,Dalarna,G,13,1,2025,0
20,Dalarna,G,13,2,2025,0
20,Dalarna,G,14,1,2025,0
20,Dalarna,G,14,2,2025,0
20,Dalarna,G,15,1,2025,0
20,Dalarna,G,15,2,2025,0
20,Dalarna,G,16,1,2025,0
20,Dalarna,G,16,2,2025,0
20,Dalarna,G,17,1,2025,0
20,Dalarna,G,17,2,2025,0
20,Dalarna,G,18,1,2025,0
20,Dalarna,G,18,2,2025,3
20,Dalarna,G,19,1,2025,0
20,Dalarna,G,19,2,2025,3
20,Dalarna,G,20,1,2025,4
20,Dalarna,G,20,2,2025,3
20,Dalarna,G,21,1,2025,0
20,Dalarna,G,21,2,2025,15
20,Dalarna,G,22,1,2025,12
20,Dalarna,G,22,2,2025,49
20,Dalarna,G,23,1,2025,19
20,Dalarna,G,23,2,2025,60
20,Dalarna,G,24,1,2025,24
20,Dalarna,G,24,2,2025,78
20,Dalarna,G,25,1,2025,71
20,Dalarna,G,25,2,2025,124
20,Dalarna,G,26,1,2025,112
20,Dalarna,G,26,2,2025,154
20,Dalarna,G,27,1,2025,136
20,Dalarna,G,27,2,2025,200
20,Dalarna,G,28,1,2025,143
20,Dalarna,G,28,2,2025,231
20,Dalarna,G,29,1,2025,176
20,Dalarna,G,29,2,2025,262
20,Dalarna,G,30,1,2025,209
20,Dalarna,G,30,2,2025,321
20,Dalarna,G,31,1,2025,271
20,Dalarna,G,31,2,2025,373
20,Dalarna,G,32,1,2025,321
20,Dalarna,G,32,2,2025,443
20,Dalarna,G,33,1,2025,400
20,Dalarna,G,33,2,2025,517
20,Dalarna,G,34,1,2025,439
20,Dalarna,G,34,2,2025,606
20,Dalarna,G,35,1,2025,514
20,Dalarna,G,35,2,2025,662
20,Dalarna,G,36,1,2025,552
20,Dalarna,G,36,2,2025,624
20,Dalarna,G,37,1,2025,584
20,Dalarna,G,37,2,2025,720
20,Dalarna,G,38,1,2025,628
20,Dalarna,G,38,2,2025,768
20,Dalarna,G,39,1,2025,657
20,Dalarna,G,39,2,2025,719
20,Dalarna,G,40,1,2025,674
20,Dalarna,G,40,2,2025,774
20,Dalarna,G,41,1,2025,690
20,Dalarna,G,41,2,2025,677
20,Dalarna,G,42,1,2025,681
20,Dalarna,G,42,2,2025,695
20,Dalarna,G,43,1,2025,691
20,Dalarna,G,43,2,2025,683
20,Dalarna,G,44,1,2025,632
20,Dalarna,G,44,2,2025,673
20,Dalarna,G,45,1,2025,699
20,Dalarna,G,45,2,2025,727
20,Dalarna,G,46,1,2025,692
20,Dalarna,G,46,2,2025,692
20,Dalarna,G,47,1,2025,641
20,Dalarna,G,47,2,2025,725
20,Dalarna,G,48,1,2025,661
20,Dalarna,G,48,2,2025,724
20,Dalarna,G,49,1,2025,680
20,Dalarna,G,49,2,2025,726
20,Dalarna,G,50,1,2025,783
20,Dalarna,G,50,2,2025,715
20,Dalarna,G,51,1,2025,812
20,Dalarna,G,51,2,2025,819
20,Dalarna,G,52,1,2025,780
20,Dalarna,G,52,2,2025,782
20,Dalarna,G,53,1,2025,795
20,Dalarna,G,53,2,2025,797
20,Dalarna,G,54,1,2025,834
20,Dalarna,G,54,2,2025,837
20,Dalarna,G,55,1,2025,795
20,Dalarna,G,55,2,2025,761
20,Dalarna,G,56,1,2025,741
20,Dalarna,G,56,2,2025,795
20,Dalarna,G,57,1,2025,810
20,Dalarna,G,57,2,2025,819
20,Dalarna,G,58,1,2025,865
20,Dalarna,G,58,2,2025,884
20,Dalarna,G,59,1,2025,854
20,Dalarna,G,59,2,2025,898
20,Dalarna,G,60,1,2025,843
20,Dalarna,G,60,2,2025,934
20,Dalarna,G,61,1,2025,897
20,Dalarna,G,61,2,2025,954
20,Dalarna,G,62,1,2025,816
20,Dalarna,G,62,2,2025,829
20,Dalarna,G,63,1,2025,862
20,Dalarna,G,63,2,2025,797
20,Dalarna,G,64,1,2025,780
20,Dalarna,G,64,2,2025,835
20,Dalarna,G,65,1,2025,823
20,Dalarna,G,65,2,2025,905
20,Dalarna,G,66,1,2025,826
20,Dalarna,G,66,2,2025,886
20,Dalarna,G,67,1,2025,900
20,Dalarna,G,67,2,2025,905
20,Dalarna,G,68,1,2025,902
20,Dalarna,G,68,2,2025,947
20,Dalarna,G,69,1,2025,921
20,Dalarna,G,69,2,2025,895
20,Dalarna,G,70,1,2025,922
20,Dalarna,G,70,2,2025,907
20,Dalarna,G,71,1,2025,903
20,Dalarna,G,71,2,2025,854
20,Dalarna,G,72,1,2025,988
20,Dalarna,G,72,2,2025,902
20,Dalarna,G,73,1,2025,925
20,Dalarna,G,73,2,2025,817
20,Dalarna,G,74,1,2025,879
20,Dalarna,G,74,2,2025,814
20,Dalarna,G,75,1,2025,948
20,Dalarna,G,75,2,2025,856
20,Dalarna,G,76,1,2025,1013
20,Dalarna,G,76,2,2025,933
20,Dalarna,G,77,1,2025,1019
20,Dalarna,G,77,2,2025,878
20,Dalarna,G,78,1,2025,982
20,Dalarna,G,78,2,2025,817
20,Dalarna,G,79,1,2025,919
20,Dalarna,G,79,2,2025,816
20,Dalarna,G,80,1,2025,846
20,Dalarna,G,80,2,2025,632
20,Dalarna,G,81,1,2025,853
20,Dalarna,G,81,2,2025,650
20,Dalarna,G,82,1,2025,716
20,Dalarna,G,82,2,2025,525
20,Dalarna,G,83,1,2025,642
20,Dalarna,G,83,2,2025,451
20,Dalarna,G,84,1,2025,490
20,Dalarna,G,84,2,2025,317
20,Dalarna,G,85,1,2025,396
20,Dalarna,G,85,2,2025,238
20,Dalarna,G,86,1,2025,402
20,Dalarna,G,86,2,2025,230
20,Dalarna,G,87,1,2025,298
20,Dalarna,G,87,2,2025,182
20,Dalarna,G,88,1,2025,265
20,Dalarna,G,88,2,2025,110
20,Dalarna,G,89,1,2025,164
20,Dalarna,G,89,2,2025,100
20,Dalarna,G,90,1,2025,120
20,Dalarna,G,90,2,2025,69
20,Dalarna,G,91,1,2025,94
20,Dalarna,G,91,2,2025,53
20,Dalarna,G,92,1,2025,89
20,Dalarna,G,92,2,2025,26
20,Dalarna,G,93,1,2025,54
20,Dalarna,G,93,2,2025,20
20,Dalarna,G,94,1,2025,36
20,Dalarna,G,94,2,2025,21
20,Dalarna,G,95,1,2025,23
20,Dalarna,G,95,2,2025,6
20,Dalarna,G,96,1,2025,13
20,Dalarna,G,96,2,2025,6
20,Dalarna,G,97,1,2025,8
20,Dalarna,G,97,2,2025,0
20,Dalarna,G,98,1,2025,3
20,Dalarna,G,98,2,2025,5
20,Dalarna,G,99,1,2025,3
20,Dalarna,G,99,2,2025,0
20,Dalarna,G,100+1,1,2025,4
20,Dalarna,G,100+1,2,2025,0
20,Dalarna,ÄNKL,0,1,2025,0
20,Dalarna,ÄNKL,0,2,2025,0
20,Dalarna,ÄNKL,1,1,2025,0
20,Dalarna,ÄNKL,1,2,2025,0
20,Dalarna,ÄNKL,2,1,2025,0
20,Dalarna,ÄNKL,2,2,2025,0
20,Dalarna,ÄNKL,3,1,2025,0
20,Dalarna,ÄNKL,3,2,2025,0
20,Dalarna,ÄNKL,4,1,2025,0
20,Dalarna,ÄNKL,4,2,2025,0
20,Dalarna,ÄNKL,5,1,2025,0
20,Dalarna,ÄNKL,5,2,2025,0
20,Dalarna,ÄNKL,6,1,2025,0
20,Dalarna,ÄNKL,6,2,2025,0
20,Dalarna,ÄNKL,7,1,2025,0
20,Dalarna,ÄNKL,7,2,2025,0
20,Dalarna,ÄNKL,8,1,2025,0
20,Dalarna,ÄNKL,8,2,2025,0
20,Dalarna,ÄNKL,9,1,2025,0
20,Dalarna,ÄNKL,9,2,2025,0
20,Dalarna,ÄNKL,10,1,2025,0
20,Dalarna,ÄNKL,10,2,2025,0
20,Dalarna,ÄNKL,11,1,2025,0
20,Dalarna,ÄNKL,11,2,2025,0
20,Dalarna,ÄNKL,12,1,2025,0
20,Dalarna,ÄNKL,12,2,2025,0
20,Dalarna,ÄNKL,13,1,2025,0
20,Dalarna,ÄNKL,13,2,2025,0
20,Dalarna,ÄNKL,14,1,2025,0
20,Dalarna,ÄNKL,14,2,2025,0
20,Dalarna,ÄNKL,15,1,2025,0
20,Dalarna,ÄNKL,15,2,2025,0
20,Dalarna,ÄNKL,16,1,2025,0
20,Dalarna,ÄNKL,16,2,2025,0
20,Dalarna,ÄNKL,17,1,2025,0
20,Dalarna,ÄNKL,17,2,2025,0
20,Dalarna,ÄNKL,18,1,2025,0
20,Dalarna,ÄNKL,18,2,2025,0
20,Dalarna,ÄNKL,19,1,2025,0
20,Dalarna,ÄNKL,19,2,2025,0
20,Dalarna,ÄNKL,20,1,2025,0
20,Dalarna,ÄNKL,20,2,2025,0
20,Dalarna,ÄNKL,21,1,2025,0
20,Dalarna,ÄNKL,21,2,2025,0
20,Dalarna,ÄNKL,22,1,2025,0
20,Dalarna,ÄNKL,22,2,2025,0
20,Dalarna,ÄNKL,23,1,2025,0
20,Dalarna,ÄNKL,23,2,2025,0
20,Dalarna,ÄNKL,24,1,2025,0
20,Dalarna,ÄNKL,24,2,2025,0
20,Dalarna,ÄNKL,25,1,2025,0
20,Dalarna,ÄNKL,25,2,2025,0
20,Dalarna,ÄNKL,26,1,2025,3
20,Dalarna,ÄNKL,26,2,2025,0
20,Dalarna,ÄNKL,27,1,2025,0
20,Dalarna,ÄNKL,27,2,2025,0
20,Dalarna,ÄNKL,28,1,2025,0
20,Dalarna,ÄNKL,28,2,2025,0
20,Dalarna,ÄNKL,29,1,2025,0
20,Dalarna,ÄNKL,29,2,2025,0
20,Dalarna,ÄNKL,30,1,2025,3
20,Dalarna,ÄNKL,30,2,2025,3
20,Dalarna,ÄNKL,31,1,2025,0
20,Dalarna,ÄNKL,31,2,2025,3
20,Dalarna,ÄNKL,32,1,2025,0
20,Dalarna,ÄNKL,32,2,2025,6
20,Dalarna,ÄNKL,33,1,2025,0
20,Dalarna,ÄNKL,33,2,2025,5
20,Dalarna,ÄNKL,34,1,2025,0
20,Dalarna,ÄNKL,34,2,2025,3
20,Dalarna,ÄNKL,35,1,2025,0
20,Dalarna,ÄNKL,35,2,2025,3
20,Dalarna,ÄNKL,36,1,2025,3
20,Dalarna,ÄNKL,36,2,2025,7
20,Dalarna,ÄNKL,37,1,2025,0
20,Dalarna,ÄNKL,37,2,2025,3
20,Dalarna,ÄNKL,38,1,2025,0
20,Dalarna,ÄNKL,38,2,2025,5
20,Dalarna,ÄNKL,39,1,2025,0
20,Dalarna,ÄNKL,39,2,2025,3
20,Dalarna,ÄNKL,40,1,2025,5
20,Dalarna,ÄNKL,40,2,2025,9
20,Dalarna,ÄNKL,41,1,2025,3
20,Dalarna,ÄNKL,41,2,2025,8
20,Dalarna,ÄNKL,42,1,2025,0
20,Dalarna,ÄNKL,42,2,2025,5
20,Dalarna,ÄNKL,43,1,2025,0
20,Dalarna,ÄNKL,43,2,2025,6
20,Dalarna,ÄNKL,44,1,2025,0
20,Dalarna,ÄNKL,44,2,2025,13
20,Dalarna,ÄNKL,45,1,2025,3
20,Dalarna,ÄNKL,45,2,2025,10
20,Dalarna,ÄNKL,46,1,2025,0
20,Dalarna,ÄNKL,46,2,2025,12
20,Dalarna,ÄNKL,47,1,2025,4
20,Dalarna,ÄNKL,47,2,2025,10
20,Dalarna,ÄNKL,48,1,2025,4
20,Dalarna,ÄNKL,48,2,2025,18
20,Dalarna,ÄNKL,49,1,2025,5
20,Dalarna,ÄNKL,49,2,2025,15
20,Dalarna,ÄNKL,50,1,2025,0
20,Dalarna,ÄNKL,50,2,2025,22
20,Dalarna,ÄNKL,51,1,2025,6
20,Dalarna,ÄNKL,51,2,2025,24
20,Dalarna,ÄNKL,52,1,2025,12
20,Dalarna,ÄNKL,52,2,2025,19
20,Dalarna,ÄNKL,53,1,2025,11
20,Dalarna,ÄNKL,53,2,2025,24
20,Dalarna,ÄNKL,54,1,2025,7
20,Dalarna,ÄNKL,54,2,2025,22
20,Dalarna,ÄNKL,55,1,2025,6
20,Dalarna,ÄNKL,55,2,2025,26
20,Dalarna,ÄNKL,56,1,2025,12
20,Dalarna,ÄNKL,56,2,2025,27
20,Dalarna,ÄNKL,57,1,2025,11
20,Dalarna,ÄNKL,57,2,2025,31
20,Dalarna,ÄNKL,58,1,2025,8
20,Dalarna,ÄNKL,58,2,2025,43
20,Dalarna,ÄNKL,59,1,2025,18
20,Dalarna,ÄNKL,59,2,2025,40
20,Dalarna,ÄNKL,60,1,2025,21
20,Dalarna,ÄNKL,60,2,2025,42
20,Dalarna,ÄNKL,61,1,2025,29
20,Dalarna,ÄNKL,61,2,2025,61
20,Dalarna,ÄNKL,62,1,2025,19
20,Dalarna,ÄNKL,62,2,2025,57
20,Dalarna,ÄNKL,63,1,2025,18
20,Dalarna,ÄNKL,63,2,2025,69
20,Dalarna,ÄNKL,64,1,2025,21
20,Dalarna,ÄNKL,64,2,2025,67
20,Dalarna,ÄNKL,65,1,2025,30
20,Dalarna,ÄNKL,65,2,2025,72
20,Dalarna,ÄNKL,66,1,2025,25
20,Dalarna,ÄNKL,66,2,2025,92
20,Dalarna,ÄNKL,67,1,2025,30
20,Dalarna,ÄNKL,67,2,2025,104
20,Dalarna,ÄNKL,68,1,2025,50
20,Dalarna,ÄNKL,68,2,2025,119
20,Dalarna,ÄNKL,69,1,2025,53
20,Dalarna,ÄNKL,69,2,2025,135
20,Dalarna,ÄNKL,70,1,2025,51
20,Dalarna,ÄNKL,70,2,2025,156
20,Dalarna,ÄNKL,71,1,2025,62
20,Dalarna,ÄNKL,71,2,2025,192
20,Dalarna,ÄNKL,72,1,2025,72
20,Dalarna,ÄNKL,72,2,2025,172
20,Dalarna,ÄNKL,73,1,2025,77
20,Dalarna,ÄNKL,73,2,2025,187
20,Dalarna,ÄNKL,74,1,2025,104
20,Dalarna,ÄNKL,74,2,2025,227
20,Dalarna,ÄNKL,75,1,2025,102
20,Dalarna,ÄNKL,75,2,2025,261
20,Dalarna,ÄNKL,76,1,2025,107
20,Dalarna,ÄNKL,76,2,2025,301
20,Dalarna,ÄNKL,77,1,2025,138
20,Dalarna,ÄNKL,77,2,2025,311
20,Dalarna,ÄNKL,78,1,2025,134
20,Dalarna,ÄNKL,78,2,2025,356
20,Dalarna,ÄNKL,79,1,2025,161
20,Dalarna,ÄNKL,79,2,2025,409
20,Dalarna,ÄNKL,80,1,2025,163
20,Dalarna,ÄNKL,80,2,2025,425
20,Dalarna,ÄNKL,81,1,2025,188
20,Dalarna,ÄNKL,81,2,2025,483
20,Dalarna,ÄNKL,82,1,2025,178
20,Dalarna,ÄNKL,82,2,2025,432
20,Dalarna,ÄNKL,83,1,2025,159
20,Dalarna,ÄNKL,83,2,2025,425
20,Dalarna,ÄNKL,84,1,2025,158
20,Dalarna,ÄNKL,84,2,2025,442
20,Dalarna,ÄNKL,85,1,2025,153
20,Dalarna,ÄNKL,85,2,2025,385
20,Dalarna,ÄNKL,86,1,2025,140
20,Dalarna,ÄNKL,86,2,2025,449
20,Dalarna,ÄNKL,87,1,2025,144
20,Dalarna,ÄNKL,87,2,2025,414
20,Dalarna,ÄNKL,88,1,2025,133
20,Dalarna,ÄNKL,88,2,2025,390
20,Dalarna,ÄNKL,89,1,2025,126
20,Dalarna,ÄNKL,89,2,2025,388
20,Dalarna,ÄNKL,90,1,2025,111
20,Dalarna,ÄNKL,90,2,2025,316
20,Dalarna,ÄNKL,91,1,2025,93
20,Dalarna,ÄNKL,91,2,2025,281
20,Dalarna,ÄNKL,92,1,2025,75
20,Dalarna,ÄNKL,92,2,2025,250
20,Dalarna,ÄNKL,93,1,2025,63
20,Dalarna,ÄNKL,93,2,2025,197
20,Dalarna,ÄNKL,94,1,2025,51
20,Dalarna,ÄNKL,94,2,2025,194
20,Dalarna,ÄNKL,95,1,2025,48
20,Dalarna,ÄNKL,95,2,2025,175
20,Dalarna,ÄNKL,96,1,2025,21
20,Dalarna,ÄNKL,96,2,2025,94
20,Dalarna,ÄNKL,97,1,2025,18
20,Dalarna,ÄNKL,97,2,2025,86
20,Dalarna,ÄNKL,98,1,2025,9
20,Dalarna,ÄNKL,98,2,2025,71
20,Dalarna,ÄNKL,99,1,2025,5
20,Dalarna,ÄNKL,99,2,2025,36
20,Dalarna,ÄNKL,100+1,1,2025,8
20,Dalarna,ÄNKL,100+1,2,2025,66
20,Dalarna,SK,0,1,2025,0
20,Dalarna,SK,0,2,2025,0
20,Dalarna,SK,1,1,2025,0
20,Dalarna,SK,1,2,2025,0
20,Dalarna,SK,2,1,2025,0
20,Dalarna,SK,2,2,2025,0
20,Dalarna,SK,3,1,2025,0
20,Dalarna,SK,3,2,2025,0
20,Dalarna,SK,4,1,2025,0
20,Dalarna,SK,4,2,2025,0
20,Dalarna,SK,5,1,2025,0
20,Dalarna,SK,5,2,2025,0
20,Dalarna,SK,6,1,2025,0
20,Dalarna,SK,6,2,2025,0
20,Dalarna,SK,7,1,2025,0
20,Dalarna,SK,7,2,2025,0
20,Dalarna,SK,8,1,2025,0
20,Dalarna,SK,8,2,2025,0
20,Dalarna,SK,9,1,2025,0
20,Dalarna,SK,9,2,2025,0
20,Dalarna,SK,10,1,2025,0
20,Dalarna,SK,10,2,2025,0
20,Dalarna,SK,11,1,2025,0
20,Dalarna,SK,11,2,2025,0
20,Dalarna,SK,12,1,2025,0
20,Dalarna,SK,12,2,2025,0
20,Dalarna,SK,13,1,2025,0
20,Dalarna,SK,13,2,2025,0
20,Dalarna,SK,14,1,2025,0
20,Dalarna,SK,14,2,2025,0
20,Dalarna,SK,15,1,2025,0
20,Dalarna,SK,15,2,2025,0
20,Dalarna,SK,16,1,2025,0
20,Dalarna,SK,16,2,2025,0
20,Dalarna,SK,17,1,2025,0
20,Dalarna,SK,17,2,2025,0
20,Dalarna,SK,18,1,2025,0
20,Dalarna,SK,18,2,2025,0
20,Dalarna,SK,19,1,2025,0
20,Dalarna,SK,19,2,2025,0
20,Dalarna,SK,20,1,2025,0
20,Dalarna,SK,20,2,2025,0
20,Dalarna,SK,21,1,2025,0
20,Dalarna,SK,21,2,2025,0
20,Dalarna,SK,22,1,2025,0
20,Dalarna,SK,22,2,2025,0
20,Dalarna,SK,23,1,2025,0
20,Dalarna,SK,23,2,2025,0
20,Dalarna,SK,24,1,2025,0
20,Dalarna,SK,24,2,2025,4
20,Dalarna,SK,25,1,2025,3
20,Dalarna,SK,25,2,2025,6
20,Dalarna,SK,26,1,2025,6
20,Dalarna,SK,26,2,2025,8
20,Dalarna,SK,27,1,2025,10
20,Dalarna,SK,27,2,2025,10
20,Dalarna,SK,28,1,2025,5
20,Dalarna,SK,28,2,2025,22
20,Dalarna,SK,29,1,2025,8
20,Dalarna,SK,29,2,2025,31
20,Dalarna,SK,30,1,2025,17
20,Dalarna,SK,30,2,2025,38
20,Dalarna,SK,31,1,2025,24
20,Dalarna,SK,31,2,2025,52
20,Dalarna,SK,32,1,2025,37
20,Dalarna,SK,32,2,2025,70
20,Dalarna,SK,33,1,2025,59
20,Dalarna,SK,33,2,2025,91
20,Dalarna,SK,34,1,2025,67
20,Dalarna,SK,34,2,2025,123
20,Dalarna,SK,35,1,2025,88
20,Dalarna,SK,35,2,2025,135
20,Dalarna,SK,36,1,2025,111
20,Dalarna,SK,36,2,2025,132
20,Dalarna,SK,37,1,2025,96
20,Dalarna,SK,37,2,2025,163
20,Dalarna,SK,38,1,2025,100
20,Dalarna,SK,38,2,2025,191
20,Dalarna,SK,39,1,2025,126
20,Dalarna,SK,39,2,2025,203
20,Dalarna,SK,40,1,2025,164
20,Dalarna,SK,40,2,2025,209
20,Dalarna,SK,41,1,2025,145
20,Dalarna,SK,41,2,2025,195
20,Dalarna,SK,42,1,2025,137
20,Dalarna,SK,42,2,2025,223
20,Dalarna,SK,43,1,2025,149
20,Dalarna,SK,43,2,2025,219
20,Dalarna,SK,44,1,2025,163
20,Dalarna,SK,44,2,2025,216
20,Dalarna,SK,45,1,2025,183
20,Dalarna,SK,45,2,2025,258
20,Dalarna,SK,46,1,2025,225
20,Dalarna,SK,46,2,2025,246
20,Dalarna,SK,47,1,2025,195
20,Dalarna,SK,47,2,2025,222
20,Dalarna,SK,48,1,2025,182
20,Dalarna,SK,48,2,2025,289
20,Dalarna,SK,49,1,2025,221
20,Dalarna,SK,49,2,2025,301
20,Dalarna,SK,50,1,2025,213
20,Dalarna,SK,50,2,2025,276
20,Dalarna,SK,51,1,2025,247
20,Dalarna,SK,51,2,2025,323
20,Dalarna,SK,52,1,2025,264
20,Dalarna,SK,52,2,2025,285
20,Dalarna,SK,53,1,2025,281
20,Dalarna,SK,53,2,2025,341
20,Dalarna,SK,54,1,2025,277
20,Dalarna,SK,54,2,2025,330
20,Dalarna,SK,55,1,2025,269
20,Dalarna,SK,55,2,2025,324
20,Dalarna,SK,56,1,2025,275
20,Dalarna,SK,56,2,2025,359
20,Dalarna,SK,57,1,2025,300
20,Dalarna,SK,57,2,2025,343
20,Dalarna,SK,58,1,2025,346
20,Dalarna,SK,58,2,2025,377
20,Dalarna,SK,59,1,2025,351
20,Dalarna,SK,59,2,2025,378
20,Dalarna,SK,60,1,2025,315
20,Dalarna,SK,60,2,2025,391
20,Dalarna,SK,61,1,2025,369
20,Dalarna,SK,61,2,2025,419
20,Dalarna,SK,62,1,2025,330
20,Dalarna,SK,62,2,2025,365
20,Dalarna,SK,63,1,2025,319
20,Dalarna,SK,63,2,2025,366
20,Dalarna,SK,64,1,2025,322
20,Dalarna,SK,64,2,2025,354
20,Dalarna,SK,65,1,2025,321
20,Dalarna,SK,65,2,2025,345
20,Dalarna,SK,66,1,2025,332
20,Dalarna,SK,66,2,2025,404
20,Dalarna,SK,67,1,2025,341
20,Dalarna,SK,67,2,2025,357
20,Dalarna,SK,68,1,2025,315
20,Dalarna,SK,68,2,2025,378
20,Dalarna,SK,69,1,2025,334
20,Dalarna,SK,69,2,2025,387
20,Dalarna,SK,70,1,2025,315
20,Dalarna,SK,70,2,2025,395
20,Dalarna,SK,71,1,2025,324
20,Dalarna,SK,71,2,2025,364
20,Dalarna,SK,72,1,2025,303
20,Dalarna,SK,72,2,2025,360
20,Dalarna,SK,73,1,2025,319
20,Dalarna,SK,73,2,2025,338
20,Dalarna,SK,74,1,2025,303
20,Dalarna,SK,74,2,2025,316
20,Dalarna,SK,75,1,2025,290
20,Dalarna,SK,75,2,2025,345
20,Dalarna,SK,76,1,2025,297
20,Dalarna,SK,76,2,2025,377
20,Dalarna,SK,77,1,2025,317
20,Dalarna,SK,77,2,2025,369
20,Dalarna,SK,78,1,2025,314
20,Dalarna,SK,78,2,2025,354
20,Dalarna,SK,79,1,2025,276
20,Dalarna,SK,79,2,2025,326
20,Dalarna,SK,80,1,2025,262
20,Dalarna,SK,80,2,2025,360
20,Dalarna,SK,81,1,2025,275
20,Dalarna,SK,81,2,2025,316
20,Dalarna,SK,82,1,2025,211
20,Dalarna,SK,82,2,2025,261
20,Dalarna,SK,83,1,2025,166
20,Dalarna,SK,83,2,2025,221
20,Dalarna,SK,84,1,2025,168
20,Dalarna,SK,84,2,2025,209
20,Dalarna,SK,85,1,2025,116
20,Dalarna,SK,85,2,2025,183
20,Dalarna,SK,86,1,2025,130
20,Dalarna,SK,86,2,2025,160
20,Dalarna,SK,87,1,2025,98
20,Dalarna,SK,87,2,2025,134
20,Dalarna,SK,88,1,2025,64
20,Dalarna,SK,88,2,2025,111
20,Dalarna,SK,89,1,2025,36
20,Dalarna,SK,89,2,2025,78
20,Dalarna,SK,90,1,2025,43
20,Dalarna,SK,90,2,2025,88
20,Dalarna,SK,91,1,2025,37
20,Dalarna,SK,91,2,2025,55
20,Dalarna,SK,92,1,2025,24
20,Dalarna,SK,92,2,2025,55
20,Dalarna,SK,93,1,2025,16
20,Dalarna,SK,93,2,2025,34
20,Dalarna,SK,94,1,2025,15
20,Dalarna,SK,94,2,2025,28
20,Dalarna,SK,95,1,2025,4
20,Dalarna,SK,95,2,2025,13
20,Dalarna,SK,96,1,2025,5
20,Dalarna,SK,96,2,2025,19
20,Dalarna,SK,97,1,2025,0
20,Dalarna,SK,97,2,2025,6
20,Dalarna,SK,98,1,2025,0
20,Dalarna,SK,98,2,2025,3
20,Dalarna,SK,99,1,2025,0
20,Dalarna,SK,99,2,2025,9
20,Dalarna,SK,100+1,1,2025,0
20,Dalarna,SK,100+1,2,2025,9
21,Gävleborg,OG,0,1,2025,1149
21,Gävleborg,OG,0,2,2025,1061
21,Gävleborg,OG,1,1,2025,1179
21,Gävleborg,OG,1,2,2025,1094
21,Gävleborg,OG,2,1,2025,1183
21,Gävleborg,OG,2,2,2025,1172
21,Gävleborg,OG,3,1,2025,1299
21,Gävleborg,OG,3,2,2025,1214
21,Gävleborg,OG,4,1,2025,1499
21,Gävleborg,OG,4,2,2025,1365
21,Gävleborg,OG,5,1,2025,1411
21,Gävleborg,OG,5,2,2025,1432
21,Gävleborg,OG,6,1,2025,1531
21,Gävleborg,OG,6,2,2025,1426
21,Gävleborg,OG,7,1,2025,1635
21,Gävleborg,OG,7,2,2025,1609
21,Gävleborg,OG,8,1,2025,1537
21,Gävleborg,OG,8,2,2025,1501
21,Gävleborg,OG,9,1,2025,1587
21,Gävleborg,OG,9,2,2025,1538
21,Gävleborg,OG,10,1,2025,1670
21,Gävleborg,OG,10,2,2025,1512
21,Gävleborg,OG,11,1,2025,1582
21,Gävleborg,OG,11,2,2025,1578
21,Gävleborg,OG,12,1,2025,1624
21,Gävleborg,OG,12,2,2025,1570
21,Gävleborg,OG,13,1,2025,1678
21,Gävleborg,OG,13,2,2025,1642
21,Gävleborg,OG,14,1,2025,1674
21,Gävleborg,OG,14,2,2025,1558
21,Gävleborg,OG,15,1,2025,1715
21,Gävleborg,OG,15,2,2025,1678
21,Gävleborg,OG,16,1,2025,1684
21,Gävleborg,OG,16,2,2025,1605
21,Gävleborg,OG,17,1,2025,1648
21,Gävleborg,OG,17,2,2025,1561
21,Gävleborg,OG,18,1,2025,1701
21,Gävleborg,OG,18,2,2025,1617
21,Gävleborg,OG,19,1,2025,1682
21,Gävleborg,OG,19,2,2025,1545
21,Gävleborg,OG,20,1,2025,1573
21,Gävleborg,OG,20,2,2025,1340
21,Gävleborg,OG,21,1,2025,1501
21,Gävleborg,OG,21,2,2025,1341
21,Gävleborg,OG,22,1,2025,1501
21,Gävleborg,OG,22,2,2025,1228
21,Gävleborg,OG,23,1,2025,1524
21,Gävleborg,OG,23,2,2025,1200
21,Gävleborg,OG,24,1,2025,1432
21,Gävleborg,OG,24,2,2025,1105
21,Gävleborg,OG,25,1,2025,1401
21,Gävleborg,OG,25,2,2025,1135
21,Gävleborg,OG,26,1,2025,1393
21,Gävleborg,OG,26,2,2025,1069
21,Gävleborg,OG,27,1,2025,1384
21,Gävleborg,OG,27,2,2025,1058
21,Gävleborg,OG,28,1,2025,1283
21,Gävleborg,OG,28,2,2025,1041
21,Gävleborg,OG,29,1,2025,1366
21,Gävleborg,OG,29,2,2025,1037
21,Gävleborg,OG,30,1,2025,1329
21,Gävleborg,OG,30,2,2025,1082
21,Gävleborg,OG,31,1,2025,1427
21,Gävleborg,OG,31,2,2025,1130
21,Gävleborg,OG,32,1,2025,1405
21,Gävleborg,OG,32,2,2025,1230
21,Gävleborg,OG,33,1,2025,1531
21,Gävleborg,OG,33,2,2025,1216
21,Gävleborg,OG,34,1,2025,1497
21,Gävleborg,OG,34,2,2025,1180
21,Gävleborg,OG,35,1,2025,1451
21,Gävleborg,OG,35,2,2025,1121
21,Gävleborg,OG,36,1,2025,1325
21,Gävleborg,OG,36,2,2025,1099
21,Gävleborg,OG,37,1,2025,1239
21,Gävleborg,OG,37,2,2025,958
21,Gävleborg,OG,38,1,2025,1074
21,Gävleborg,OG,38,2,2025,849
21,Gävleborg,OG,39,1,2025,1015
21,Gävleborg,OG,39,2,2025,772
21,Gävleborg,OG,40,1,2025,920
21,Gävleborg,OG,40,2,2025,723
21,Gävleborg,OG,41,1,2025,869
21,Gävleborg,OG,41,2,2025,614
21,Gävleborg,OG,42,1,2025,840
21,Gävleborg,OG,42,2,2025,634
21,Gävleborg,OG,43,1,2025,757
21,Gävleborg,OG,43,2,2025,651
21,Gävleborg,OG,44,1,2025,767
21,Gävleborg,OG,44,2,2025,556
21,Gävleborg,OG,45,1,2025,738
21,Gävleborg,OG,45,2,2025,548
21,Gävleborg,OG,46,1,2025,725
21,Gävleborg,OG,46,2,2025,527
21,Gävleborg,OG,47,1,2025,667
21,Gävleborg,OG,47,2,2025,542
21,Gävleborg,OG,48,1,2025,677
21,Gävleborg,OG,48,2,2025,578
21,Gävleborg,OG,49,1,2025,667
21,Gävleborg,OG,49,2,2025,547
21,Gävleborg,OG,50,1,2025,699
21,Gävleborg,OG,50,2,2025,544
21,Gävleborg,OG,51,1,2025,660
21,Gävleborg,OG,51,2,2025,604
21,Gävleborg,OG,52,1,2025,727
21,Gävleborg,OG,52,2,2025,590
21,Gävleborg,OG,53,1,2025,747
21,Gävleborg,OG,53,2,2025,624
21,Gävleborg,OG,54,1,2025,715
21,Gävleborg,OG,54,2,2025,590
21,Gävleborg,OG,55,1,2025,703
21,Gävleborg,OG,55,2,2025,581
21,Gävleborg,OG,56,1,2025,702
21,Gävleborg,OG,56,2,2025,551
21,Gävleborg,OG,57,1,2025,725
21,Gävleborg,OG,57,2,2025,555
21,Gävleborg,OG,58,1,2025,770
21,Gävleborg,OG,58,2,2025,614
21,Gävleborg,OG,59,1,2025,763
21,Gävleborg,OG,59,2,2025,612
21,Gävleborg,OG,60,1,2025,796
21,Gävleborg,OG,60,2,2025,556
21,Gävleborg,OG,61,1,2025,715
21,Gävleborg,OG,61,2,2025,587
21,Gävleborg,OG,62,1,2025,631
21,Gävleborg,OG,62,2,2025,500
21,Gävleborg,OG,63,1,2025,614
21,Gävleborg,OG,63,2,2025,534
21,Gävleborg,OG,64,1,2025,568
21,Gävleborg,OG,64,2,2025,443
21,Gävleborg,OG,65,1,2025,554
21,Gävleborg,OG,65,2,2025,457
21,Gävleborg,OG,66,1,2025,562
21,Gävleborg,OG,66,2,2025,434
21,Gävleborg,OG,67,1,2025,521
21,Gävleborg,OG,67,2,2025,404
21,Gävleborg,OG,68,1,2025,512
21,Gävleborg,OG,68,2,2025,407
21,Gävleborg,OG,69,1,2025,451
21,Gävleborg,OG,69,2,2025,391
21,Gävleborg,OG,70,1,2025,441
21,Gävleborg,OG,70,2,2025,380
21,Gävleborg,OG,71,1,2025,474
21,Gävleborg,OG,71,2,2025,347
21,Gävleborg,OG,72,1,2025,440
21,Gävleborg,OG,72,2,2025,344
21,Gävleborg,OG,73,1,2025,380
21,Gävleborg,OG,73,2,2025,339
21,Gävleborg,OG,74,1,2025,358
21,Gävleborg,OG,74,2,2025,323
21,Gävleborg,OG,75,1,2025,372
21,Gävleborg,OG,75,2,2025,285
21,Gävleborg,OG,76,1,2025,359
21,Gävleborg,OG,76,2,2025,308
21,Gävleborg,OG,77,1,2025,332
21,Gävleborg,OG,77,2,2025,279
21,Gävleborg,OG,78,1,2025,320
21,Gävleborg,OG,78,2,2025,262
21,Gävleborg,OG,79,1,2025,263
21,Gävleborg,OG,79,2,2025,225
21,Gävleborg,OG,80,1,2025,246
21,Gävleborg,OG,80,2,2025,173
21,Gävleborg,OG,81,1,2025,221
21,Gävleborg,OG,81,2,2025,122
21,Gävleborg,OG,82,1,2025,153
21,Gävleborg,OG,82,2,2025,113
21,Gävleborg,OG,83,1,2025,105
21,Gävleborg,OG,83,2,2025,90
21,Gävleborg,OG,84,1,2025,90
21,Gävleborg,OG,84,2,2025,68
21,Gävleborg,OG,85,1,2025,74
21,Gävleborg,OG,85,2,2025,64
21,Gävleborg,OG,86,1,2025,55
21,Gävleborg,OG,86,2,2025,49
21,Gävleborg,OG,87,1,2025,52
21,Gävleborg,OG,87,2,2025,45
21,Gävleborg,OG,88,1,2025,40
21,Gävleborg,OG,88,2,2025,38
21,Gävleborg,OG,89,1,2025,23
21,Gävleborg,OG,89,2,2025,24
21,Gävleborg,OG,90,1,2025,22
21,Gävleborg,OG,90,2,2025,27
21,Gävleborg,OG,91,1,2025,9
21,Gävleborg,OG,91,2,2025,16
21,Gävleborg,OG,92,1,2025,11
21,Gävleborg,OG,92,2,2025,8
21,Gävleborg,OG,93,1,2025,12
21,Gävleborg,OG,93,2,2025,7
21,Gävleborg,OG,94,1,2025,3
21,Gävleborg,OG,94,2,2025,6
21,Gävleborg,OG,95,1,2025,3
21,Gävleborg,OG,95,2,2025,4
21,Gävleborg,OG,96,1,2025,3
21,Gävleborg,OG,96,2,2025,0
21,Gävleborg,OG,97,1,2025,4
21,Gävleborg,OG,97,2,2025,4
21,Gävleborg,OG,98,1,2025,0
21,Gävleborg,OG,98,2,2025,3
21,Gävleborg,OG,99,1,2025,0
21,Gävleborg,OG,99,2,2025,3
21,Gävleborg,OG,100+1,1,2025,0
21,Gävleborg,OG,100+1,2,2025,3
21,Gävleborg,G,0,1,2025,0
21,Gävleborg,G,0,2,2025,0
21,Gävleborg,G,1,1,2025,0
21,Gävleborg,G,1,2,2025,0
21,Gävleborg,G,2,1,2025,0
21,Gävleborg,G,2,2,2025,0
21,Gävleborg,G,3,1,2025,0
21,Gävleborg,G,3,2,2025,0
21,Gävleborg,G,4,1,2025,0
21,Gävleborg,G,4,2,2025,0
21,Gävleborg,G,5,1,2025,0
21,Gävleborg,G,5,2,2025,0
21,Gävleborg,G,6,1,2025,0
21,Gävleborg,G,6,2,2025,0
21,Gävleborg,G,7,1,2025,0
21,Gävleborg,G,7,2,2025,0
21,Gävleborg,G,8,1,2025,0
21,Gävleborg,G,8,2,2025,0
21,Gävleborg,G,9,1,2025,0
21,Gävleborg,G,9,2,2025,0
21,Gävleborg,G,10,1,2025,0
21,Gävleborg,G,10,2,2025,0
21,Gävleborg,G,11,1,2025,0
21,Gävleborg,G,11,2,2025,0
21,Gävleborg,G,12,1,2025,0
21,Gävleborg,G,12,2,2025,0
21,Gävleborg,G,13,1,2025,0
21,Gävleborg,G,13,2,2025,0
21,Gävleborg,G,14,1,2025,0
21,Gävleborg,G,14,2,2025,0
21,Gävleborg,G,15,1,2025,0
21,Gävleborg,G,15,2,2025,0
21,Gävleborg,G,16,1,2025,0
21,Gävleborg,G,16,2,2025,0
21,Gävleborg,G,17,1,2025,0
21,Gävleborg,G,17,2,2025,0
21,Gävleborg,G,18,1,2025,0
21,Gävleborg,G,18,2,2025,0
21,Gävleborg,G,19,1,2025,0
21,Gävleborg,G,19,2,2025,5
21,Gävleborg,G,20,1,2025,6
21,Gävleborg,G,20,2,2025,6
21,Gävleborg,G,21,1,2025,3
21,Gävleborg,G,21,2,2025,24
21,Gävleborg,G,22,1,2025,0
21,Gävleborg,G,22,2,2025,31
21,Gävleborg,G,23,1,2025,15
21,Gävleborg,G,23,2,2025,56
21,Gävleborg,G,24,1,2025,27
21,Gävleborg,G,24,2,2025,80
21,Gävleborg,G,25,1,2025,44
21,Gävleborg,G,25,2,2025,120
21,Gävleborg,G,26,1,2025,100
21,Gävleborg,G,26,2,2025,136
21,Gävleborg,G,27,1,2025,106
21,Gävleborg,G,27,2,2025,191
21,Gävleborg,G,28,1,2025,145
21,Gävleborg,G,28,2,2025,212
21,Gävleborg,G,29,1,2025,178
21,Gävleborg,G,29,2,2025,295
21,Gävleborg,G,30,1,2025,227
21,Gävleborg,G,30,2,2025,322
21,Gävleborg,G,31,1,2025,278
21,Gävleborg,G,31,2,2025,390
21,Gävleborg,G,32,1,2025,342
21,Gävleborg,G,32,2,2025,476
21,Gävleborg,G,33,1,2025,388
21,Gävleborg,G,33,2,2025,545
21,Gävleborg,G,34,1,2025,454
21,Gävleborg,G,34,2,2025,568
21,Gävleborg,G,35,1,2025,479
21,Gävleborg,G,35,2,2025,609
21,Gävleborg,G,36,1,2025,526
21,Gävleborg,G,36,2,2025,693
21,Gävleborg,G,37,1,2025,561
21,Gävleborg,G,37,2,2025,640
21,Gävleborg,G,38,1,2025,590
21,Gävleborg,G,38,2,2025,667
21,Gävleborg,G,39,1,2025,572
21,Gävleborg,G,39,2,2025,705
21,Gävleborg,G,40,1,2025,650
21,Gävleborg,G,40,2,2025,684
21,Gävleborg,G,41,1,2025,670
21,Gävleborg,G,41,2,2025,688
21,Gävleborg,G,42,1,2025,616
21,Gävleborg,G,42,2,2025,644
21,Gävleborg,G,43,1,2025,613
21,Gävleborg,G,43,2,2025,670
21,Gävleborg,G,44,1,2025,642
21,Gävleborg,G,44,2,2025,712
21,Gävleborg,G,45,1,2025,680
21,Gävleborg,G,45,2,2025,692
21,Gävleborg,G,46,1,2025,684
21,Gävleborg,G,46,2,2025,684
21,Gävleborg,G,47,1,2025,602
21,Gävleborg,G,47,2,2025,675
21,Gävleborg,G,48,1,2025,640
21,Gävleborg,G,48,2,2025,665
21,Gävleborg,G,49,1,2025,653
21,Gävleborg,G,49,2,2025,756
21,Gävleborg,G,50,1,2025,774
21,Gävleborg,G,50,2,2025,812
21,Gävleborg,G,51,1,2025,828
21,Gävleborg,G,51,2,2025,793
21,Gävleborg,G,52,1,2025,787
21,Gävleborg,G,52,2,2025,819
21,Gävleborg,G,53,1,2025,840
21,Gävleborg,G,53,2,2025,829
21,Gävleborg,G,54,1,2025,854
21,Gävleborg,G,54,2,2025,875
21,Gävleborg,G,55,1,2025,781
21,Gävleborg,G,55,2,2025,851
21,Gävleborg,G,56,1,2025,810
21,Gävleborg,G,56,2,2025,762
21,Gävleborg,G,57,1,2025,868
21,Gävleborg,G,57,2,2025,815
21,Gävleborg,G,58,1,2025,928
21,Gävleborg,G,58,2,2025,925
21,Gävleborg,G,59,1,2025,929
21,Gävleborg,G,59,2,2025,869
21,Gävleborg,G,60,1,2025,862
21,Gävleborg,G,60,2,2025,901
21,Gävleborg,G,61,1,2025,923
21,Gävleborg,G,61,2,2025,859
21,Gävleborg,G,62,1,2025,874
21,Gävleborg,G,62,2,2025,819
21,Gävleborg,G,63,1,2025,817
21,Gävleborg,G,63,2,2025,834
21,Gävleborg,G,64,1,2025,812
21,Gävleborg,G,64,2,2025,786
21,Gävleborg,G,65,1,2025,816
21,Gävleborg,G,65,2,2025,810
21,Gävleborg,G,66,1,2025,831
21,Gävleborg,G,66,2,2025,787
21,Gävleborg,G,67,1,2025,823
21,Gävleborg,G,67,2,2025,797
21,Gävleborg,G,68,1,2025,816
21,Gävleborg,G,68,2,2025,865
21,Gävleborg,G,69,1,2025,868
21,Gävleborg,G,69,2,2025,812
21,Gävleborg,G,70,1,2025,861
21,Gävleborg,G,70,2,2025,850
21,Gävleborg,G,71,1,2025,841
21,Gävleborg,G,71,2,2025,848
21,Gävleborg,G,72,1,2025,849
21,Gävleborg,G,72,2,2025,800
21,Gävleborg,G,73,1,2025,792
21,Gävleborg,G,73,2,2025,774
21,Gävleborg,G,74,1,2025,856
21,Gävleborg,G,74,2,2025,782
21,Gävleborg,G,75,1,2025,866
21,Gävleborg,G,75,2,2025,784
21,Gävleborg,G,76,1,2025,914
21,Gävleborg,G,76,2,2025,769
21,Gävleborg,G,77,1,2025,894
21,Gävleborg,G,77,2,2025,804
21,Gävleborg,G,78,1,2025,926
21,Gävleborg,G,78,2,2025,762
21,Gävleborg,G,79,1,2025,903
21,Gävleborg,G,79,2,2025,763
21,Gävleborg,G,80,1,2025,858
21,Gävleborg,G,80,2,2025,715
21,Gävleborg,G,81,1,2025,822
21,Gävleborg,G,81,2,2025,592
21,Gävleborg,G,82,1,2025,603
21,Gävleborg,G,82,2,2025,476
21,Gävleborg,G,83,1,2025,561
21,Gävleborg,G,83,2,2025,373
21,Gävleborg,G,84,1,2025,468
21,Gävleborg,G,84,2,2025,314
21,Gävleborg,G,85,1,2025,362
21,Gävleborg,G,85,2,2025,225
21,Gävleborg,G,86,1,2025,295
21,Gävleborg,G,86,2,2025,200
21,Gävleborg,G,87,1,2025,279
21,Gävleborg,G,87,2,2025,173
21,Gävleborg,G,88,1,2025,216
21,Gävleborg,G,88,2,2025,122
21,Gävleborg,G,89,1,2025,157
21,Gävleborg,G,89,2,2025,76
21,Gävleborg,G,90,1,2025,110
21,Gävleborg,G,90,2,2025,56
21,Gävleborg,G,91,1,2025,91
21,Gävleborg,G,91,2,2025,33
21,Gävleborg,G,92,1,2025,65
21,Gävleborg,G,92,2,2025,14
21,Gävleborg,G,93,1,2025,48
21,Gävleborg,G,93,2,2025,26
21,Gävleborg,G,94,1,2025,33
21,Gävleborg,G,94,2,2025,14
21,Gävleborg,G,95,1,2025,29
21,Gävleborg,G,95,2,2025,3
21,Gävleborg,G,96,1,2025,10
21,Gävleborg,G,96,2,2025,3
21,Gävleborg,G,97,1,2025,4
21,Gävleborg,G,97,2,2025,0
21,Gävleborg,G,98,1,2025,0
21,Gävleborg,G,98,2,2025,0
21,Gävleborg,G,99,1,2025,0
21,Gävleborg,G,99,2,2025,0
21,Gävleborg,G,100+1,1,2025,0
21,Gävleborg,G,100+1,2,2025,3
21,Gävleborg,ÄNKL,0,1,2025,0
21,Gävleborg,ÄNKL,0,2,2025,0
21,Gävleborg,ÄNKL,1,1,2025,0
21,Gävleborg,ÄNKL,1,2,2025,0
21,Gävleborg,ÄNKL,2,1,2025,0
21,Gävleborg,ÄNKL,2,2,2025,0
21,Gävleborg,ÄNKL,3,1,2025,0
21,Gävleborg,ÄNKL,3,2,2025,0
21,Gävleborg,ÄNKL,4,1,2025,0
21,Gävleborg,ÄNKL,4,2,2025,0
21,Gävleborg,ÄNKL,5,1,2025,0
21,Gävleborg,ÄNKL,5,2,2025,0
21,Gävleborg,ÄNKL,6,1,2025,0
21,Gävleborg,ÄNKL,6,2,2025,0
21,Gävleborg,ÄNKL,7,1,2025,0
21,Gävleborg,ÄNKL,7,2,2025,0
21,Gävleborg,ÄNKL,8,1,2025,0
21,Gävleborg,ÄNKL,8,2,2025,0
21,Gävleborg,ÄNKL,9,1,2025,0
21,Gävleborg,ÄNKL,9,2,2025,0
21,Gävleborg,ÄNKL,10,1,2025,0
21,Gävleborg,ÄNKL,10,2,2025,0
21,Gävleborg,ÄNKL,11,1,2025,0
21,Gävleborg,ÄNKL,11,2,2025,0
21,Gävleborg,ÄNKL,12,1,2025,0
21,Gävleborg,ÄNKL,12,2,2025,0
21,Gävleborg,ÄNKL,13,1,2025,0
21,Gävleborg,ÄNKL,13,2,2025,0
21,Gävleborg,ÄNKL,14,1,2025,0
21,Gävleborg,ÄNKL,14,2,2025,0
21,Gävleborg,ÄNKL,15,1,2025,0
21,Gävleborg,ÄNKL,15,2,2025,0
21,Gävleborg,ÄNKL,16,1,2025,0
21,Gävleborg,ÄNKL,16,2,2025,0
21,Gävleborg,ÄNKL,17,1,2025,0
21,Gävleborg,ÄNKL,17,2,2025,0
21,Gävleborg,ÄNKL,18,1,2025,0
21,Gävleborg,ÄNKL,18,2,2025,0
21,Gävleborg,ÄNKL,19,1,2025,0
21,Gävleborg,ÄNKL,19,2,2025,0
21,Gävleborg,ÄNKL,20,1,2025,0
21,Gävleborg,ÄNKL,20,2,2025,0
21,Gävleborg,ÄNKL,21,1,2025,0
21,Gävleborg,ÄNKL,21,2,2025,0
21,Gävleborg,ÄNKL,22,1,2025,0
21,Gävleborg,ÄNKL,22,2,2025,0
21,Gävleborg,ÄNKL,23,1,2025,0
21,Gävleborg,ÄNKL,23,2,2025,0
21,Gävleborg,ÄNKL,24,1,2025,0
21,Gävleborg,ÄNKL,24,2,2025,0
21,Gävleborg,ÄNKL,25,1,2025,0
21,Gävleborg,ÄNKL,25,2,2025,0
21,Gävleborg,ÄNKL,26,1,2025,0
21,Gävleborg,ÄNKL,26,2,2025,0
21,Gävleborg,ÄNKL,27,1,2025,0
21,Gävleborg,ÄNKL,27,2,2025,0
21,Gävleborg,ÄNKL,28,1,2025,0
21,Gävleborg,ÄNKL,28,2,2025,0
21,Gävleborg,ÄNKL,29,1,2025,0
21,Gävleborg,ÄNKL,29,2,2025,0
21,Gävleborg,ÄNKL,30,1,2025,0
21,Gävleborg,ÄNKL,30,2,2025,3
21,Gävleborg,ÄNKL,31,1,2025,0
21,Gävleborg,ÄNKL,31,2,2025,0
21,Gävleborg,ÄNKL,32,1,2025,0
21,Gävleborg,ÄNKL,32,2,2025,0
21,Gävleborg,ÄNKL,33,1,2025,0
21,Gävleborg,ÄNKL,33,2,2025,0
21,Gävleborg,ÄNKL,34,1,2025,0
21,Gävleborg,ÄNKL,34,2,2025,0
21,Gävleborg,ÄNKL,35,1,2025,0
21,Gävleborg,ÄNKL,35,2,2025,3
21,Gävleborg,ÄNKL,36,1,2025,0
21,Gävleborg,ÄNKL,36,2,2025,5
21,Gävleborg,ÄNKL,37,1,2025,3
21,Gävleborg,ÄNKL,37,2,2025,3
21,Gävleborg,ÄNKL,38,1,2025,0
21,Gävleborg,ÄNKL,38,2,2025,4
21,Gävleborg,ÄNKL,39,1,2025,3
21,Gävleborg,ÄNKL,39,2,2025,6
21,Gävleborg,ÄNKL,40,1,2025,0
21,Gävleborg,ÄNKL,40,2,2025,4
21,Gävleborg,ÄNKL,41,1,2025,0
21,Gävleborg,ÄNKL,41,2,2025,9
21,Gävleborg,ÄNKL,42,1,2025,3
21,Gävleborg,ÄNKL,42,2,2025,14
21,Gävleborg,ÄNKL,43,1,2025,3
21,Gävleborg,ÄNKL,43,2,2025,8
21,Gävleborg,ÄNKL,44,1,2025,4
21,Gävleborg,ÄNKL,44,2,2025,12
21,Gävleborg,ÄNKL,45,1,2025,4
21,Gävleborg,ÄNKL,45,2,2025,11
21,Gävleborg,ÄNKL,46,1,2025,4
21,Gävleborg,ÄNKL,46,2,2025,12
21,Gävleborg,ÄNKL,47,1,2025,0
21,Gävleborg,ÄNKL,47,2,2025,20
21,Gävleborg,ÄNKL,48,1,2025,4
21,Gävleborg,ÄNKL,48,2,2025,18
21,Gävleborg,ÄNKL,49,1,2025,5
21,Gävleborg,ÄNKL,49,2,2025,12
21,Gävleborg,ÄNKL,50,1,2025,0
21,Gävleborg,ÄNKL,50,2,2025,21
21,Gävleborg,ÄNKL,51,1,2025,7
21,Gävleborg,ÄNKL,51,2,2025,28
21,Gävleborg,ÄNKL,52,1,2025,7
21,Gävleborg,ÄNKL,52,2,2025,20
21,Gävleborg,ÄNKL,53,1,2025,16
21,Gävleborg,ÄNKL,53,2,2025,20
21,Gävleborg,ÄNKL,54,1,2025,5
21,Gävleborg,ÄNKL,54,2,2025,30
21,Gävleborg,ÄNKL,55,1,2025,10
21,Gävleborg,ÄNKL,55,2,2025,35
21,Gävleborg,ÄNKL,56,1,2025,14
21,Gävleborg,ÄNKL,56,2,2025,43
21,Gävleborg,ÄNKL,57,1,2025,12
21,Gävleborg,ÄNKL,57,2,2025,34
21,Gävleborg,ÄNKL,58,1,2025,11
21,Gävleborg,ÄNKL,58,2,2025,48
21,Gävleborg,ÄNKL,59,1,2025,20
21,Gävleborg,ÄNKL,59,2,2025,41
21,Gävleborg,ÄNKL,60,1,2025,14
21,Gävleborg,ÄNKL,60,2,2025,59
21,Gävleborg,ÄNKL,61,1,2025,26
21,Gävleborg,ÄNKL,61,2,2025,75
21,Gävleborg,ÄNKL,62,1,2025,13
21,Gävleborg,ÄNKL,62,2,2025,62
21,Gävleborg,ÄNKL,63,1,2025,29
21,Gävleborg,ÄNKL,63,2,2025,74
21,Gävleborg,ÄNKL,64,1,2025,28
21,Gävleborg,ÄNKL,64,2,2025,89
21,Gävleborg,ÄNKL,65,1,2025,18
21,Gävleborg,ÄNKL,65,2,2025,77
21,Gävleborg,ÄNKL,66,1,2025,38
21,Gävleborg,ÄNKL,66,2,2025,96
21,Gävleborg,ÄNKL,67,1,2025,35
21,Gävleborg,ÄNKL,67,2,2025,116
21,Gävleborg,ÄNKL,68,1,2025,41
21,Gävleborg,ÄNKL,68,2,2025,122
21,Gävleborg,ÄNKL,69,1,2025,48
21,Gävleborg,ÄNKL,69,2,2025,155
21,Gävleborg,ÄNKL,70,1,2025,41
21,Gävleborg,ÄNKL,70,2,2025,139
21,Gävleborg,ÄNKL,71,1,2025,64
21,Gävleborg,ÄNKL,71,2,2025,174
21,Gävleborg,ÄNKL,72,1,2025,80
21,Gävleborg,ÄNKL,72,2,2025,185
21,Gävleborg,ÄNKL,73,1,2025,88
21,Gävleborg,ÄNKL,73,2,2025,218
21,Gävleborg,ÄNKL,74,1,2025,86
21,Gävleborg,ÄNKL,74,2,2025,210
21,Gävleborg,ÄNKL,75,1,2025,99
21,Gävleborg,ÄNKL,75,2,2025,248
21,Gävleborg,ÄNKL,76,1,2025,134
21,Gävleborg,ÄNKL,76,2,2025,296
21,Gävleborg,ÄNKL,77,1,2025,114
21,Gävleborg,ÄNKL,77,2,2025,370
21,Gävleborg,ÄNKL,78,1,2025,132
21,Gävleborg,ÄNKL,78,2,2025,378
21,Gävleborg,ÄNKL,79,1,2025,162
21,Gävleborg,ÄNKL,79,2,2025,431
21,Gävleborg,ÄNKL,80,1,2025,161
21,Gävleborg,ÄNKL,80,2,2025,468
21,Gävleborg,ÄNKL,81,1,2025,184
21,Gävleborg,ÄNKL,81,2,2025,485
21,Gävleborg,ÄNKL,82,1,2025,164
21,Gävleborg,ÄNKL,82,2,2025,461
21,Gävleborg,ÄNKL,83,1,2025,156
21,Gävleborg,ÄNKL,83,2,2025,466
21,Gävleborg,ÄNKL,84,1,2025,174
21,Gävleborg,ÄNKL,84,2,2025,435
21,Gävleborg,ÄNKL,85,1,2025,127
21,Gävleborg,ÄNKL,85,2,2025,402
21,Gävleborg,ÄNKL,86,1,2025,158
21,Gävleborg,ÄNKL,86,2,2025,418
21,Gävleborg,ÄNKL,87,1,2025,135
21,Gävleborg,ÄNKL,87,2,2025,395
21,Gävleborg,ÄNKL,88,1,2025,128
21,Gävleborg,ÄNKL,88,2,2025,387
21,Gävleborg,ÄNKL,89,1,2025,107
21,Gävleborg,ÄNKL,89,2,2025,350
21,Gävleborg,ÄNKL,90,1,2025,131
21,Gävleborg,ÄNKL,90,2,2025,317
21,Gävleborg,ÄNKL,91,1,2025,70
21,Gävleborg,ÄNKL,91,2,2025,277
21,Gävleborg,ÄNKL,92,1,2025,81
21,Gävleborg,ÄNKL,92,2,2025,263
21,Gävleborg,ÄNKL,93,1,2025,61
21,Gävleborg,ÄNKL,93,2,2025,203
21,Gävleborg,ÄNKL,94,1,2025,64
21,Gävleborg,ÄNKL,94,2,2025,168
21,Gävleborg,ÄNKL,95,1,2025,38
21,Gävleborg,ÄNKL,95,2,2025,134
21,Gävleborg,ÄNKL,96,1,2025,25
21,Gävleborg,ÄNKL,96,2,2025,102
21,Gävleborg,ÄNKL,97,1,2025,16
21,Gävleborg,ÄNKL,97,2,2025,65
21,Gävleborg,ÄNKL,98,1,2025,11
21,Gävleborg,ÄNKL,98,2,2025,58
21,Gävleborg,ÄNKL,99,1,2025,12
21,Gävleborg,ÄNKL,99,2,2025,34
21,Gävleborg,ÄNKL,100+1,1,2025,3
21,Gävleborg,ÄNKL,100+1,2,2025,53
21,Gävleborg,SK,0,1,2025,0
21,Gävleborg,SK,0,2,2025,0
21,Gävleborg,SK,1,1,2025,0
21,Gävleborg,SK,1,2,2025,0
21,Gävleborg,SK,2,1,2025,0
21,Gävleborg,SK,2,2,2025,0
21,Gävleborg,SK,3,1,2025,0
21,Gävleborg,SK,3,2,2025,0
21,Gävleborg,SK,4,1,2025,0
21,Gävleborg,SK,4,2,2025,0
21,Gävleborg,SK,5,1,2025,0
21,Gävleborg,SK,5,2,2025,0
21,Gävleborg,SK,6,1,2025,0
21,Gävleborg,SK,6,2,2025,0
21,Gävleborg,SK,7,1,2025,0
21,Gävleborg,SK,7,2,2025,0
21,Gävleborg,SK,8,1,2025,0
21,Gävleborg,SK,8,2,2025,0
21,Gävleborg,SK,9,1,2025,0
21,Gävleborg,SK,9,2,2025,0
21,Gävleborg,SK,10,1,2025,0
21,Gävleborg,SK,10,2,2025,0
21,Gävleborg,SK,11,1,2025,0
21,Gävleborg,SK,11,2,2025,0
21,Gävleborg,SK,12,1,2025,0
21,Gävleborg,SK,12,2,2025,0
21,Gävleborg,SK,13,1,2025,0
21,Gävleborg,SK,13,2,2025,0
21,Gävleborg,SK,14,1,2025,0
21,Gävleborg,SK,14,2,2025,0
21,Gävleborg,SK,15,1,2025,0
21,Gävleborg,SK,15,2,2025,0
21,Gävleborg,SK,16,1,2025,0
21,Gävleborg,SK,16,2,2025,0
21,Gävleborg,SK,17,1,2025,0
21,Gävleborg,SK,17,2,2025,0
21,Gävleborg,SK,18,1,2025,0
21,Gävleborg,SK,18,2,2025,0
21,Gävleborg,SK,19,1,2025,0
21,Gävleborg,SK,19,2,2025,0
21,Gävleborg,SK,20,1,2025,0
21,Gävleborg,SK,20,2,2025,0
21,Gävleborg,SK,21,1,2025,0
21,Gävleborg,SK,21,2,2025,0
21,Gävleborg,SK,22,1,2025,0
21,Gävleborg,SK,22,2,2025,3
21,Gävleborg,SK,23,1,2025,3
21,Gävleborg,SK,23,2,2025,3
21,Gävleborg,SK,24,1,2025,3
21,Gävleborg,SK,24,2,2025,0
21,Gävleborg,SK,25,1,2025,3
21,Gävleborg,SK,25,2,2025,9
21,Gävleborg,SK,26,1,2025,9
21,Gävleborg,SK,26,2,2025,9
21,Gävleborg,SK,27,1,2025,11
21,Gävleborg,SK,27,2,2025,19
21,Gävleborg,SK,28,1,2025,7
21,Gävleborg,SK,28,2,2025,23
21,Gävleborg,SK,29,1,2025,15
21,Gävleborg,SK,29,2,2025,30
21,Gävleborg,SK,30,1,2025,21
21,Gävleborg,SK,30,2,2025,38
21,Gävleborg,SK,31,1,2025,33
21,Gävleborg,SK,31,2,2025,55
21,Gävleborg,SK,32,1,2025,43
21,Gävleborg,SK,32,2,2025,88
21,Gävleborg,SK,33,1,2025,38
21,Gävleborg,SK,33,2,2025,97
21,Gävleborg,SK,34,1,2025,69
21,Gävleborg,SK,34,2,2025,142
21,Gävleborg,SK,35,1,2025,77
21,Gävleborg,SK,35,2,2025,169
21,Gävleborg,SK,36,1,2025,93
21,Gävleborg,SK,36,2,2025,159
21,Gävleborg,SK,37,1,2025,94
21,Gävleborg,SK,37,2,2025,190
21,Gävleborg,SK,38,1,2025,110
21,Gävleborg,SK,38,2,2025,194
21,Gävleborg,SK,39,1,2025,144
21,Gävleborg,SK,39,2,2025,195
21,Gävleborg,SK,40,1,2025,152
21,Gävleborg,SK,40,2,2025,216
21,Gävleborg,SK,41,1,2025,156
21,Gävleborg,SK,41,2,2025,214
21,Gävleborg,SK,42,1,2025,159
21,Gävleborg,SK,42,2,2025,205
21,Gävleborg,SK,43,1,2025,165
21,Gävleborg,SK,43,2,2025,237
21,Gävleborg,SK,44,1,2025,162
21,Gävleborg,SK,44,2,2025,242
21,Gävleborg,SK,45,1,2025,221
21,Gävleborg,SK,45,2,2025,248
21,Gävleborg,SK,46,1,2025,180
21,Gävleborg,SK,46,2,2025,227
21,Gävleborg,SK,47,1,2025,200
21,Gävleborg,SK,47,2,2025,264
21,Gävleborg,SK,48,1,2025,217
21,Gävleborg,SK,48,2,2025,288
21,Gävleborg,SK,49,1,2025,209
21,Gävleborg,SK,49,2,2025,294
21,Gävleborg,SK,50,1,2025,245
21,Gävleborg,SK,50,2,2025,321
21,Gävleborg,SK,51,1,2025,267
21,Gävleborg,SK,51,2,2025,379
21,Gävleborg,SK,52,1,2025,282
21,Gävleborg,SK,52,2,2025,353
21,Gävleborg,SK,53,1,2025,303
21,Gävleborg,SK,53,2,2025,341
21,Gävleborg,SK,54,1,2025,253
21,Gävleborg,SK,54,2,2025,348
21,Gävleborg,SK,55,1,2025,311
21,Gävleborg,SK,55,2,2025,322
21,Gävleborg,SK,56,1,2025,322
21,Gävleborg,SK,56,2,2025,344
21,Gävleborg,SK,57,1,2025,300
21,Gävleborg,SK,57,2,2025,405
21,Gävleborg,SK,58,1,2025,350
21,Gävleborg,SK,58,2,2025,392
21,Gävleborg,SK,59,1,2025,328
21,Gävleborg,SK,59,2,2025,416
21,Gävleborg,SK,60,1,2025,356
21,Gävleborg,SK,60,2,2025,452
21,Gävleborg,SK,61,1,2025,373
21,Gävleborg,SK,61,2,2025,413
21,Gävleborg,SK,62,1,2025,350
21,Gävleborg,SK,62,2,2025,383
21,Gävleborg,SK,63,1,2025,327
21,Gävleborg,SK,63,2,2025,420
21,Gävleborg,SK,64,1,2025,352
21,Gävleborg,SK,64,2,2025,398
21,Gävleborg,SK,65,1,2025,329
21,Gävleborg,SK,65,2,2025,387
21,Gävleborg,SK,66,1,2025,360
21,Gävleborg,SK,66,2,2025,377
21,Gävleborg,SK,67,1,2025,299
21,Gävleborg,SK,67,2,2025,365
21,Gävleborg,SK,68,1,2025,334
21,Gävleborg,SK,68,2,2025,336
21,Gävleborg,SK,69,1,2025,323
21,Gävleborg,SK,69,2,2025,386
21,Gävleborg,SK,70,1,2025,331
21,Gävleborg,SK,70,2,2025,324
21,Gävleborg,SK,71,1,2025,310
21,Gävleborg,SK,71,2,2025,333
21,Gävleborg,SK,72,1,2025,324
21,Gävleborg,SK,72,2,2025,368
21,Gävleborg,SK,73,1,2025,296
21,Gävleborg,SK,73,2,2025,334
21,Gävleborg,SK,74,1,2025,257
21,Gävleborg,SK,74,2,2025,308
21,Gävleborg,SK,75,1,2025,299
21,Gävleborg,SK,75,2,2025,321
21,Gävleborg,SK,76,1,2025,286
21,Gävleborg,SK,76,2,2025,350
21,Gävleborg,SK,77,1,2025,283
21,Gävleborg,SK,77,2,2025,345
21,Gävleborg,SK,78,1,2025,272
21,Gävleborg,SK,78,2,2025,334
21,Gävleborg,SK,79,1,2025,303
21,Gävleborg,SK,79,2,2025,371
21,Gävleborg,SK,80,1,2025,234
21,Gävleborg,SK,80,2,2025,306
21,Gävleborg,SK,81,1,2025,238
21,Gävleborg,SK,81,2,2025,335
21,Gävleborg,SK,82,1,2025,219
21,Gävleborg,SK,82,2,2025,244
21,Gävleborg,SK,83,1,2025,169
21,Gävleborg,SK,83,2,2025,222
21,Gävleborg,SK,84,1,2025,141
21,Gävleborg,SK,84,2,2025,176
21,Gävleborg,SK,85,1,2025,107
21,Gävleborg,SK,85,2,2025,153
21,Gävleborg,SK,86,1,2025,117
21,Gävleborg,SK,86,2,2025,155
21,Gävleborg,SK,87,1,2025,76
21,Gävleborg,SK,87,2,2025,142
21,Gävleborg,SK,88,1,2025,44
21,Gävleborg,SK,88,2,2025,88
21,Gävleborg,SK,89,1,2025,60
21,Gävleborg,SK,89,2,2025,91
21,Gävleborg,SK,90,1,2025,38
21,Gävleborg,SK,90,2,2025,85
21,Gävleborg,SK,91,1,2025,36
21,Gävleborg,SK,91,2,2025,56
21,Gävleborg,SK,92,1,2025,28
21,Gävleborg,SK,92,2,2025,41
21,Gävleborg,SK,93,1,2025,16
21,Gävleborg,SK,93,2,2025,35
21,Gävleborg,SK,94,1,2025,5
21,Gävleborg,SK,94,2,2025,26
21,Gävleborg,SK,95,1,2025,11
21,Gävleborg,SK,95,2,2025,15
21,Gävleborg,SK,96,1,2025,6
21,Gävleborg,SK,96,2,2025,14
21,Gävleborg,SK,97,1,2025,5
21,Gävleborg,SK,97,2,2025,3
21,Gävleborg,SK,98,1,2025,5
21,Gävleborg,SK,98,2,2025,4
21,Gävleborg,SK,99,1,2025,3
21,Gävleborg,SK,99,2,2025,3
21,Gävleborg,SK,100+1,1,2025,0
21,Gävleborg,SK,100+1,2,2025,6
22,Västernorrland,OG,0,1,2025,926
22,Västernorrland,OG,0,2,2025,924
22,Västernorrland,OG,1,1,2025,942
22,Västernorrland,OG,1,2,2025,911
22,Västernorrland,OG,2,1,2025,1029
22,Västernorrland,OG,2,2,2025,978
22,Västernorrland,OG,3,1,2025,1097
22,Västernorrland,OG,3,2,2025,1020
22,Västernorrland,OG,4,1,2025,1281
22,Västernorrland,OG,4,2,2025,1190
22,Västernorrland,OG,5,1,2025,1232
22,Västernorrland,OG,5,2,2025,1146
22,Västernorrland,OG,6,1,2025,1311
22,Västernorrland,OG,6,2,2025,1260
22,Västernorrland,OG,7,1,2025,1404
22,Västernorrland,OG,7,2,2025,1295
22,Västernorrland,OG,8,1,2025,1340
22,Västernorrland,OG,8,2,2025,1261
22,Västernorrland,OG,9,1,2025,1424
22,Västernorrland,OG,9,2,2025,1331
22,Västernorrland,OG,10,1,2025,1410
22,Västernorrland,OG,10,2,2025,1302
22,Västernorrland,OG,11,1,2025,1400
22,Västernorrland,OG,11,2,2025,1305
22,Västernorrland,OG,12,1,2025,1355
22,Västernorrland,OG,12,2,2025,1320
22,Västernorrland,OG,13,1,2025,1406
22,Västernorrland,OG,13,2,2025,1289
22,Västernorrland,OG,14,1,2025,1425
22,Västernorrland,OG,14,2,2025,1350
22,Västernorrland,OG,15,1,2025,1446
22,Västernorrland,OG,15,2,2025,1457
22,Västernorrland,OG,16,1,2025,1479
22,Västernorrland,OG,16,2,2025,1373
22,Västernorrland,OG,17,1,2025,1511
22,Västernorrland,OG,17,2,2025,1421
22,Västernorrland,OG,18,1,2025,1474
22,Västernorrland,OG,18,2,2025,1402
22,Västernorrland,OG,19,1,2025,1423
22,Västernorrland,OG,19,2,2025,1353
22,Västernorrland,OG,20,1,2025,1325
22,Västernorrland,OG,20,2,2025,1193
22,Västernorrland,OG,21,1,2025,1300
22,Västernorrland,OG,21,2,2025,1109
22,Västernorrland,OG,22,1,2025,1220
22,Västernorrland,OG,22,2,2025,1023
22,Västernorrland,OG,23,1,2025,1184
22,Västernorrland,OG,23,2,2025,988
22,Västernorrland,OG,24,1,2025,1166
22,Västernorrland,OG,24,2,2025,902
22,Västernorrland,OG,25,1,2025,1146
22,Västernorrland,OG,25,2,2025,971
22,Västernorrland,OG,26,1,2025,1237
22,Västernorrland,OG,26,2,2025,902
22,Västernorrland,OG,27,1,2025,1096
22,Västernorrland,OG,27,2,2025,856
22,Västernorrland,OG,28,1,2025,1167
22,Västernorrland,OG,28,2,2025,876
22,Västernorrland,OG,29,1,2025,1110
22,Västernorrland,OG,29,2,2025,843
22,Västernorrland,OG,30,1,2025,1137
22,Västernorrland,OG,30,2,2025,993
22,Västernorrland,OG,31,1,2025,1214
22,Västernorrland,OG,31,2,2025,985
22,Västernorrland,OG,32,1,2025,1197
22,Västernorrland,OG,32,2,2025,964
22,Västernorrland,OG,33,1,2025,1264
22,Västernorrland,OG,33,2,2025,935
22,Västernorrland,OG,34,1,2025,1340
22,Västernorrland,OG,34,2,2025,979
22,Västernorrland,OG,35,1,2025,1221
22,Västernorrland,OG,35,2,2025,979
22,Västernorrland,OG,36,1,2025,1158
22,Västernorrland,OG,36,2,2025,849
22,Västernorrland,OG,37,1,2025,1016
22,Västernorrland,OG,37,2,2025,803
22,Västernorrland,OG,38,1,2025,914
22,Västernorrland,OG,38,2,2025,780
22,Västernorrland,OG,39,1,2025,862
22,Västernorrland,OG,39,2,2025,690
22,Västernorrland,OG,40,1,2025,817
22,Västernorrland,OG,40,2,2025,631
22,Västernorrland,OG,41,1,2025,793
22,Västernorrland,OG,41,2,2025,501
22,Västernorrland,OG,42,1,2025,696
22,Västernorrland,OG,42,2,2025,523
22,Västernorrland,OG,43,1,2025,663
22,Västernorrland,OG,43,2,2025,498
22,Västernorrland,OG,44,1,2025,658
22,Västernorrland,OG,44,2,2025,490
22,Västernorrland,OG,45,1,2025,664
22,Västernorrland,OG,45,2,2025,534
22,Västernorrland,OG,46,1,2025,608
22,Västernorrland,OG,46,2,2025,498
22,Västernorrland,OG,47,1,2025,580
22,Västernorrland,OG,47,2,2025,427
22,Västernorrland,OG,48,1,2025,626
22,Västernorrland,OG,48,2,2025,458
22,Västernorrland,OG,49,1,2025,592
22,Västernorrland,OG,49,2,2025,494
22,Västernorrland,OG,50,1,2025,602
22,Västernorrland,OG,50,2,2025,477
22,Västernorrland,OG,51,1,2025,587
22,Västernorrland,OG,51,2,2025,525
22,Västernorrland,OG,52,1,2025,563
22,Västernorrland,OG,52,2,2025,494
22,Västernorrland,OG,53,1,2025,585
22,Västernorrland,OG,53,2,2025,500
22,Västernorrland,OG,54,1,2025,598
22,Västernorrland,OG,54,2,2025,513
22,Västernorrland,OG,55,1,2025,574
22,Västernorrland,OG,55,2,2025,493
22,Västernorrland,OG,56,1,2025,582
22,Västernorrland,OG,56,2,2025,474
22,Västernorrland,OG,57,1,2025,608
22,Västernorrland,OG,57,2,2025,446
22,Västernorrland,OG,58,1,2025,665
22,Västernorrland,OG,58,2,2025,497
22,Västernorrland,OG,59,1,2025,641
22,Västernorrland,OG,59,2,2025,499
22,Västernorrland,OG,60,1,2025,601
22,Västernorrland,OG,60,2,2025,461
22,Västernorrland,OG,61,1,2025,549
22,Västernorrland,OG,61,2,2025,444
22,Västernorrland,OG,62,1,2025,522
22,Västernorrland,OG,62,2,2025,421
22,Västernorrland,OG,63,1,2025,487
22,Västernorrland,OG,63,2,2025,402
22,Västernorrland,OG,64,1,2025,471
22,Västernorrland,OG,64,2,2025,355
22,Västernorrland,OG,65,1,2025,415
22,Västernorrland,OG,65,2,2025,351
22,Västernorrland,OG,66,1,2025,443
22,Västernorrland,OG,66,2,2025,361
22,Västernorrland,OG,67,1,2025,420
22,Västernorrland,OG,67,2,2025,320
22,Västernorrland,OG,68,1,2025,412
22,Västernorrland,OG,68,2,2025,292
22,Västernorrland,OG,69,1,2025,441
22,Västernorrland,OG,69,2,2025,282
22,Västernorrland,OG,70,1,2025,365
22,Västernorrland,OG,70,2,2025,251
22,Västernorrland,OG,71,1,2025,334
22,Västernorrland,OG,71,2,2025,273
22,Västernorrland,OG,72,1,2025,349
22,Västernorrland,OG,72,2,2025,259
22,Västernorrland,OG,73,1,2025,312
22,Västernorrland,OG,73,2,2025,237
22,Västernorrland,OG,74,1,2025,271
22,Västernorrland,OG,74,2,2025,204
22,Västernorrland,OG,75,1,2025,278
22,Västernorrland,OG,75,2,2025,203
22,Västernorrland,OG,76,1,2025,262
22,Västernorrland,OG,76,2,2025,179
22,Västernorrland,OG,77,1,2025,233
22,Västernorrland,OG,77,2,2025,180
22,Västernorrland,OG,78,1,2025,207
22,Västernorrland,OG,78,2,2025,160
22,Västernorrland,OG,79,1,2025,215
22,Västernorrland,OG,79,2,2025,173
22,Västernorrland,OG,80,1,2025,180
22,Västernorrland,OG,80,2,2025,128
22,Västernorrland,OG,81,1,2025,147
22,Västernorrland,OG,81,2,2025,115
22,Västernorrland,OG,82,1,2025,159
22,Västernorrland,OG,82,2,2025,87
22,Västernorrland,OG,83,1,2025,100
22,Västernorrland,OG,83,2,2025,54
22,Västernorrland,OG,84,1,2025,77
22,Västernorrland,OG,84,2,2025,69
22,Västernorrland,OG,85,1,2025,48
22,Västernorrland,OG,85,2,2025,42
22,Västernorrland,OG,86,1,2025,57
22,Västernorrland,OG,86,2,2025,39
22,Västernorrland,OG,87,1,2025,37
22,Västernorrland,OG,87,2,2025,36
22,Västernorrland,OG,88,1,2025,37
22,Västernorrland,OG,88,2,2025,25
22,Västernorrland,OG,89,1,2025,23
22,Västernorrland,OG,89,2,2025,20
22,Västernorrland,OG,90,1,2025,12
22,Västernorrland,OG,90,2,2025,13
22,Västernorrland,OG,91,1,2025,12
22,Västernorrland,OG,91,2,2025,20
22,Västernorrland,OG,92,1,2025,12
22,Västernorrland,OG,92,2,2025,11
22,Västernorrland,OG,93,1,2025,5
22,Västernorrland,OG,93,2,2025,4
22,Västernorrland,OG,94,1,2025,0
22,Västernorrland,OG,94,2,2025,5
22,Västernorrland,OG,95,1,2025,6
22,Västernorrland,OG,95,2,2025,9
22,Västernorrland,OG,96,1,2025,0
22,Västernorrland,OG,96,2,2025,0
22,Västernorrland,OG,97,1,2025,0
22,Västernorrland,OG,97,2,2025,3
22,Västernorrland,OG,98,1,2025,0
22,Västernorrland,OG,98,2,2025,3
22,Västernorrland,OG,99,1,2025,0
22,Västernorrland,OG,99,2,2025,0
22,Västernorrland,OG,100+1,1,2025,0
22,Västernorrland,OG,100+1,2,2025,3
22,Västernorrland,G,0,1,2025,0
22,Västernorrland,G,0,2,2025,0
22,Västernorrland,G,1,1,2025,0
22,Västernorrland,G,1,2,2025,0
22,Västernorrland,G,2,1,2025,0
22,Västernorrland,G,2,2,2025,0
22,Västernorrland,G,3,1,2025,0
22,Västernorrland,G,3,2,2025,0
22,Västernorrland,G,4,1,2025,0
22,Västernorrland,G,4,2,2025,0
22,Västernorrland,G,5,1,2025,0
22,Västernorrland,G,5,2,2025,0
22,Västernorrland,G,6,1,2025,0
22,Västernorrland,G,6,2,2025,0
22,Västernorrland,G,7,1,2025,0
22,Västernorrland,G,7,2,2025,0
22,Västernorrland,G,8,1,2025,0
22,Västernorrland,G,8,2,2025,0
22,Västernorrland,G,9,1,2025,0
22,Västernorrland,G,9,2,2025,0
22,Västernorrland,G,10,1,2025,0
22,Västernorrland,G,10,2,2025,0
22,Västernorrland,G,11,1,2025,0
22,Västernorrland,G,11,2,2025,0
22,Västernorrland,G,12,1,2025,0
22,Västernorrland,G,12,2,2025,0
22,Västernorrland,G,13,1,2025,0
22,Västernorrland,G,13,2,2025,0
22,Västernorrland,G,14,1,2025,0
22,Västernorrland,G,14,2,2025,0
22,Västernorrland,G,15,1,2025,0
22,Västernorrland,G,15,2,2025,0
22,Västernorrland,G,16,1,2025,0
22,Västernorrland,G,16,2,2025,0
22,Västernorrland,G,17,1,2025,0
22,Västernorrland,G,17,2,2025,0
22,Västernorrland,G,18,1,2025,3
22,Västernorrland,G,18,2,2025,0
22,Västernorrland,G,19,1,2025,0
22,Västernorrland,G,19,2,2025,4
22,Västernorrland,G,20,1,2025,0
22,Västernorrland,G,20,2,2025,9
22,Västernorrland,G,21,1,2025,4
22,Västernorrland,G,21,2,2025,10
22,Västernorrland,G,22,1,2025,10
22,Västernorrland,G,22,2,2025,34
22,Västernorrland,G,23,1,2025,15
22,Västernorrland,G,23,2,2025,50
22,Västernorrland,G,24,1,2025,22
22,Västernorrland,G,24,2,2025,55
22,Västernorrland,G,25,1,2025,48
22,Västernorrland,G,25,2,2025,77
22,Västernorrland,G,26,1,2025,94
22,Västernorrland,G,26,2,2025,113
22,Västernorrland,G,27,1,2025,75
22,Västernorrland,G,27,2,2025,134
22,Västernorrland,G,28,1,2025,114
22,Västernorrland,G,28,2,2025,187
22,Västernorrland,G,29,1,2025,150
22,Västernorrland,G,29,2,2025,202
22,Västernorrland,G,30,1,2025,159
22,Västernorrland,G,30,2,2025,211
22,Västernorrland,G,31,1,2025,208
22,Västernorrland,G,31,2,2025,316
22,Västernorrland,G,32,1,2025,251
22,Västernorrland,G,32,2,2025,375
22,Västernorrland,G,33,1,2025,372
22,Västernorrland,G,33,2,2025,454
22,Västernorrland,G,34,1,2025,360
22,Västernorrland,G,34,2,2025,499
22,Västernorrland,G,35,1,2025,420
22,Västernorrland,G,35,2,2025,528
22,Västernorrland,G,36,1,2025,491
22,Västernorrland,G,36,2,2025,570
22,Västernorrland,G,37,1,2025,491
22,Västernorrland,G,37,2,2025,599
22,Västernorrland,G,38,1,2025,488
22,Västernorrland,G,38,2,2025,562
22,Västernorrland,G,39,1,2025,475
22,Västernorrland,G,39,2,2025,587
22,Västernorrland,G,40,1,2025,542
22,Västernorrland,G,40,2,2025,590
22,Västernorrland,G,41,1,2025,521
22,Västernorrland,G,41,2,2025,623
22,Västernorrland,G,42,1,2025,536
22,Västernorrland,G,42,2,2025,580
22,Västernorrland,G,43,1,2025,597
22,Västernorrland,G,43,2,2025,619
22,Västernorrland,G,44,1,2025,560
22,Västernorrland,G,44,2,2025,616
22,Västernorrland,G,45,1,2025,613
22,Västernorrland,G,45,2,2025,658
22,Västernorrland,G,46,1,2025,583
22,Västernorrland,G,46,2,2025,687
22,Västernorrland,G,47,1,2025,609
22,Västernorrland,G,47,2,2025,666
22,Västernorrland,G,48,1,2025,627
22,Västernorrland,G,48,2,2025,638
22,Västernorrland,G,49,1,2025,614
22,Västernorrland,G,49,2,2025,613
22,Västernorrland,G,50,1,2025,662
22,Västernorrland,G,50,2,2025,702
22,Västernorrland,G,51,1,2025,723
22,Västernorrland,G,51,2,2025,746
22,Västernorrland,G,52,1,2025,725
22,Västernorrland,G,52,2,2025,710
22,Västernorrland,G,53,1,2025,674
22,Västernorrland,G,53,2,2025,735
22,Västernorrland,G,54,1,2025,735
22,Västernorrland,G,54,2,2025,737
22,Västernorrland,G,55,1,2025,726
22,Västernorrland,G,55,2,2025,773
22,Västernorrland,G,56,1,2025,732
22,Västernorrland,G,56,2,2025,742
22,Västernorrland,G,57,1,2025,745
22,Västernorrland,G,57,2,2025,777
22,Västernorrland,G,58,1,2025,837
22,Västernorrland,G,58,2,2025,841
22,Västernorrland,G,59,1,2025,835
22,Västernorrland,G,59,2,2025,838
22,Västernorrland,G,60,1,2025,848
22,Västernorrland,G,60,2,2025,790
22,Västernorrland,G,61,1,2025,795
22,Västernorrland,G,61,2,2025,770
22,Västernorrland,G,62,1,2025,740
22,Västernorrland,G,62,2,2025,767
22,Västernorrland,G,63,1,2025,662
22,Västernorrland,G,63,2,2025,659
22,Västernorrland,G,64,1,2025,658
22,Västernorrland,G,64,2,2025,675
22,Västernorrland,G,65,1,2025,696
22,Västernorrland,G,65,2,2025,749
22,Västernorrland,G,66,1,2025,745
22,Västernorrland,G,66,2,2025,694
22,Västernorrland,G,67,1,2025,737
22,Västernorrland,G,67,2,2025,705
22,Västernorrland,G,68,1,2025,775
22,Västernorrland,G,68,2,2025,788
22,Västernorrland,G,69,1,2025,784
22,Västernorrland,G,69,2,2025,759
22,Västernorrland,G,70,1,2025,719
22,Västernorrland,G,70,2,2025,732
22,Västernorrland,G,71,1,2025,777
22,Västernorrland,G,71,2,2025,712
22,Västernorrland,G,72,1,2025,762
22,Västernorrland,G,72,2,2025,709
22,Västernorrland,G,73,1,2025,783
22,Västernorrland,G,73,2,2025,772
22,Västernorrland,G,74,1,2025,737
22,Västernorrland,G,74,2,2025,677
22,Västernorrland,G,75,1,2025,779
22,Västernorrland,G,75,2,2025,641
22,Västernorrland,G,76,1,2025,837
22,Västernorrland,G,76,2,2025,695
22,Västernorrland,G,77,1,2025,790
22,Västernorrland,G,77,2,2025,693
22,Västernorrland,G,78,1,2025,716
22,Västernorrland,G,78,2,2025,671
22,Västernorrland,G,79,1,2025,732
22,Västernorrland,G,79,2,2025,602
22,Västernorrland,G,80,1,2025,708
22,Västernorrland,G,80,2,2025,568
22,Västernorrland,G,81,1,2025,643
22,Västernorrland,G,81,2,2025,475
22,Västernorrland,G,82,1,2025,546
22,Västernorrland,G,82,2,2025,421
22,Västernorrland,G,83,1,2025,479
22,Västernorrland,G,83,2,2025,325
22,Västernorrland,G,84,1,2025,391
22,Västernorrland,G,84,2,2025,262
22,Västernorrland,G,85,1,2025,305
22,Västernorrland,G,85,2,2025,222
22,Västernorrland,G,86,1,2025,303
22,Västernorrland,G,86,2,2025,172
22,Västernorrland,G,87,1,2025,246
22,Västernorrland,G,87,2,2025,128
22,Västernorrland,G,88,1,2025,220
22,Västernorrland,G,88,2,2025,114
22,Västernorrland,G,89,1,2025,135
22,Västernorrland,G,89,2,2025,83
22,Västernorrland,G,90,1,2025,105
22,Västernorrland,G,90,2,2025,54
22,Västernorrland,G,91,1,2025,84
22,Västernorrland,G,91,2,2025,33
22,Västernorrland,G,92,1,2025,54
22,Västernorrland,G,92,2,2025,18
22,Västernorrland,G,93,1,2025,44
22,Västernorrland,G,93,2,2025,22
22,Västernorrland,G,94,1,2025,29
22,Västernorrland,G,94,2,2025,7
22,Västernorrland,G,95,1,2025,15
22,Västernorrland,G,95,2,2025,3
22,Västernorrland,G,96,1,2025,3
22,Västernorrland,G,96,2,2025,0
22,Västernorrland,G,97,1,2025,8
22,Västernorrland,G,97,2,2025,0
22,Västernorrland,G,98,1,2025,0
22,Västernorrland,G,98,2,2025,0
22,Västernorrland,G,99,1,2025,3
22,Västernorrland,G,99,2,2025,0
22,Västernorrland,G,100+1,1,2025,0
22,Västernorrland,G,100+1,2,2025,0
22,Västernorrland,ÄNKL,0,1,2025,0
22,Västernorrland,ÄNKL,0,2,2025,0
22,Västernorrland,ÄNKL,1,1,2025,0
22,Västernorrland,ÄNKL,1,2,2025,0
22,Västernorrland,ÄNKL,2,1,2025,0
22,Västernorrland,ÄNKL,2,2,2025,0
22,Västernorrland,ÄNKL,3,1,2025,0
22,Västernorrland,ÄNKL,3,2,2025,0
22,Västernorrland,ÄNKL,4,1,2025,0
22,Västernorrland,ÄNKL,4,2,2025,0
22,Västernorrland,ÄNKL,5,1,2025,0
22,Västernorrland,ÄNKL,5,2,2025,0
22,Västernorrland,ÄNKL,6,1,2025,0
22,Västernorrland,ÄNKL,6,2,2025,0
22,Västernorrland,ÄNKL,7,1,2025,0
22,Västernorrland,ÄNKL,7,2,2025,0
22,Västernorrland,ÄNKL,8,1,2025,0
22,Västernorrland,ÄNKL,8,2,2025,0
22,Västernorrland,ÄNKL,9,1,2025,0
22,Västernorrland,ÄNKL,9,2,2025,0
22,Västernorrland,ÄNKL,10,1,2025,0
22,Västernorrland,ÄNKL,10,2,2025,0
22,Västernorrland,ÄNKL,11,1,2025,0
22,Västernorrland,ÄNKL,11,2,2025,0
22,Västernorrland,ÄNKL,12,1,2025,0
22,Västernorrland,ÄNKL,12,2,2025,0
22,Västernorrland,ÄNKL,13,1,2025,0
22,Västernorrland,ÄNKL,13,2,2025,0
22,Västernorrland,ÄNKL,14,1,2025,0
22,Västernorrland,ÄNKL,14,2,2025,0
22,Västernorrland,ÄNKL,15,1,2025,0
22,Västernorrland,ÄNKL,15,2,2025,0
22,Västernorrland,ÄNKL,16,1,2025,0
22,Västernorrland,ÄNKL,16,2,2025,0
22,Västernorrland,ÄNKL,17,1,2025,0
22,Västernorrland,ÄNKL,17,2,2025,0
22,Västernorrland,ÄNKL,18,1,2025,0
22,Västernorrland,ÄNKL,18,2,2025,0
22,Västernorrland,ÄNKL,19,1,2025,0
22,Västernorrland,ÄNKL,19,2,2025,0
22,Västernorrland,ÄNKL,20,1,2025,0
22,Västernorrland,ÄNKL,20,2,2025,0
22,Västernorrland,ÄNKL,21,1,2025,0
22,Västernorrland,ÄNKL,21,2,2025,0
22,Västernorrland,ÄNKL,22,1,2025,0
22,Västernorrland,ÄNKL,22,2,2025,0
22,Västernorrland,ÄNKL,23,1,2025,0
22,Västernorrland,ÄNKL,23,2,2025,0
22,Västernorrland,ÄNKL,24,1,2025,0
22,Västernorrland,ÄNKL,24,2,2025,0
22,Västernorrland,ÄNKL,25,1,2025,0
22,Västernorrland,ÄNKL,25,2,2025,3
22,Västernorrland,ÄNKL,26,1,2025,0
22,Västernorrland,ÄNKL,26,2,2025,0
22,Västernorrland,ÄNKL,27,1,2025,0
22,Västernorrland,ÄNKL,27,2,2025,0
22,Västernorrland,ÄNKL,28,1,2025,0
22,Västernorrland,ÄNKL,28,2,2025,0
22,Västernorrland,ÄNKL,29,1,2025,0
22,Västernorrland,ÄNKL,29,2,2025,0
22,Västernorrland,ÄNKL,30,1,2025,0
22,Västernorrland,ÄNKL,30,2,2025,0
22,Västernorrland,ÄNKL,31,1,2025,0
22,Västernorrland,ÄNKL,31,2,2025,0
22,Västernorrland,ÄNKL,32,1,2025,0
22,Västernorrland,ÄNKL,32,2,2025,0
22,Västernorrland,ÄNKL,33,1,2025,0
22,Västernorrland,ÄNKL,33,2,2025,0
22,Västernorrland,ÄNKL,34,1,2025,0
22,Västernorrland,ÄNKL,34,2,2025,0
22,Västernorrland,ÄNKL,35,1,2025,0
22,Västernorrland,ÄNKL,35,2,2025,3
22,Västernorrland,ÄNKL,36,1,2025,0
22,Västernorrland,ÄNKL,36,2,2025,3
22,Västernorrland,ÄNKL,37,1,2025,0
22,Västernorrland,ÄNKL,37,2,2025,3
22,Västernorrland,ÄNKL,38,1,2025,0
22,Västernorrland,ÄNKL,38,2,2025,4
22,Västernorrland,ÄNKL,39,1,2025,0
22,Västernorrland,ÄNKL,39,2,2025,3
22,Västernorrland,ÄNKL,40,1,2025,0
22,Västernorrland,ÄNKL,40,2,2025,8
22,Västernorrland,ÄNKL,41,1,2025,0
22,Västernorrland,ÄNKL,41,2,2025,7
22,Västernorrland,ÄNKL,42,1,2025,3
22,Västernorrland,ÄNKL,42,2,2025,7
22,Västernorrland,ÄNKL,43,1,2025,0
22,Västernorrland,ÄNKL,43,2,2025,6
22,Västernorrland,ÄNKL,44,1,2025,3
22,Västernorrland,ÄNKL,44,2,2025,17
22,Västernorrland,ÄNKL,45,1,2025,4
22,Västernorrland,ÄNKL,45,2,2025,19
22,Västernorrland,ÄNKL,46,1,2025,0
22,Västernorrland,ÄNKL,46,2,2025,5
22,Västernorrland,ÄNKL,47,1,2025,4
22,Västernorrland,ÄNKL,47,2,2025,10
22,Västernorrland,ÄNKL,48,1,2025,4
22,Västernorrland,ÄNKL,48,2,2025,13
22,Västernorrland,ÄNKL,49,1,2025,3
22,Västernorrland,ÄNKL,49,2,2025,15
22,Västernorrland,ÄNKL,50,1,2025,3
22,Västernorrland,ÄNKL,50,2,2025,18
22,Västernorrland,ÄNKL,51,1,2025,7
22,Västernorrland,ÄNKL,51,2,2025,17
22,Västernorrland,ÄNKL,52,1,2025,5
22,Västernorrland,ÄNKL,52,2,2025,20
22,Västernorrland,ÄNKL,53,1,2025,7
22,Västernorrland,ÄNKL,53,2,2025,20
22,Västernorrland,ÄNKL,54,1,2025,10
22,Västernorrland,ÄNKL,54,2,2025,23
22,Västernorrland,ÄNKL,55,1,2025,7
22,Västernorrland,ÄNKL,55,2,2025,32
22,Västernorrland,ÄNKL,56,1,2025,13
22,Västernorrland,ÄNKL,56,2,2025,30
22,Västernorrland,ÄNKL,57,1,2025,13
22,Västernorrland,ÄNKL,57,2,2025,35
22,Västernorrland,ÄNKL,58,1,2025,12
22,Västernorrland,ÄNKL,58,2,2025,40
22,Västernorrland,ÄNKL,59,1,2025,14
22,Västernorrland,ÄNKL,59,2,2025,28
22,Västernorrland,ÄNKL,60,1,2025,25
22,Västernorrland,ÄNKL,60,2,2025,49
22,Västernorrland,ÄNKL,61,1,2025,12
22,Västernorrland,ÄNKL,61,2,2025,52
22,Västernorrland,ÄNKL,62,1,2025,20
22,Västernorrland,ÄNKL,62,2,2025,58
22,Västernorrland,ÄNKL,63,1,2025,15
22,Västernorrland,ÄNKL,63,2,2025,52
22,Västernorrland,ÄNKL,64,1,2025,28
22,Västernorrland,ÄNKL,64,2,2025,63
22,Västernorrland,ÄNKL,65,1,2025,20
22,Västernorrland,ÄNKL,65,2,2025,75
22,Västernorrland,ÄNKL,66,1,2025,21
22,Västernorrland,ÄNKL,66,2,2025,75
22,Västernorrland,ÄNKL,67,1,2025,27
22,Västernorrland,ÄNKL,67,2,2025,115
22,Västernorrland,ÄNKL,68,1,2025,44
22,Västernorrland,ÄNKL,68,2,2025,113
22,Västernorrland,ÄNKL,69,1,2025,40
22,Västernorrland,ÄNKL,69,2,2025,105
22,Västernorrland,ÄNKL,70,1,2025,54
22,Västernorrland,ÄNKL,70,2,2025,147
22,Västernorrland,ÄNKL,71,1,2025,50
22,Västernorrland,ÄNKL,71,2,2025,169
22,Västernorrland,ÄNKL,72,1,2025,67
22,Västernorrland,ÄNKL,72,2,2025,184
22,Västernorrland,ÄNKL,73,1,2025,78
22,Västernorrland,ÄNKL,73,2,2025,172
22,Västernorrland,ÄNKL,74,1,2025,84
22,Västernorrland,ÄNKL,74,2,2025,184
22,Västernorrland,ÄNKL,75,1,2025,105
22,Västernorrland,ÄNKL,75,2,2025,251
22,Västernorrland,ÄNKL,76,1,2025,134
22,Västernorrland,ÄNKL,76,2,2025,274
22,Västernorrland,ÄNKL,77,1,2025,122
22,Västernorrland,ÄNKL,77,2,2025,297
22,Västernorrland,ÄNKL,78,1,2025,114
22,Västernorrland,ÄNKL,78,2,2025,344
22,Västernorrland,ÄNKL,79,1,2025,150
22,Västernorrland,ÄNKL,79,2,2025,413
22,Västernorrland,ÄNKL,80,1,2025,159
22,Västernorrland,ÄNKL,80,2,2025,414
22,Västernorrland,ÄNKL,81,1,2025,159
22,Västernorrland,ÄNKL,81,2,2025,418
22,Västernorrland,ÄNKL,82,1,2025,128
22,Västernorrland,ÄNKL,82,2,2025,443
22,Västernorrland,ÄNKL,83,1,2025,163
22,Västernorrland,ÄNKL,83,2,2025,380
22,Västernorrland,ÄNKL,84,1,2025,146
22,Västernorrland,ÄNKL,84,2,2025,377
22,Västernorrland,ÄNKL,85,1,2025,116
22,Västernorrland,ÄNKL,85,2,2025,400
22,Västernorrland,ÄNKL,86,1,2025,147
22,Västernorrland,ÄNKL,86,2,2025,398
22,Västernorrland,ÄNKL,87,1,2025,106
22,Västernorrland,ÄNKL,87,2,2025,390
22,Västernorrland,ÄNKL,88,1,2025,114
22,Västernorrland,ÄNKL,88,2,2025,345
22,Västernorrland,ÄNKL,89,1,2025,105
22,Västernorrland,ÄNKL,89,2,2025,306
22,Västernorrland,ÄNKL,90,1,2025,89
22,Västernorrland,ÄNKL,90,2,2025,281
22,Västernorrland,ÄNKL,91,1,2025,69
22,Västernorrland,ÄNKL,91,2,2025,268
22,Västernorrland,ÄNKL,92,1,2025,71
22,Västernorrland,ÄNKL,92,2,2025,216
22,Västernorrland,ÄNKL,93,1,2025,50
22,Västernorrland,ÄNKL,93,2,2025,191
22,Västernorrland,ÄNKL,94,1,2025,44
22,Västernorrland,ÄNKL,94,2,2025,141
22,Västernorrland,ÄNKL,95,1,2025,42
22,Västernorrland,ÄNKL,95,2,2025,113
22,Västernorrland,ÄNKL,96,1,2025,18
22,Västernorrland,ÄNKL,96,2,2025,86
22,Västernorrland,ÄNKL,97,1,2025,11
22,Västernorrland,ÄNKL,97,2,2025,58
22,Västernorrland,ÄNKL,98,1,2025,7
22,Västernorrland,ÄNKL,98,2,2025,48
22,Västernorrland,ÄNKL,99,1,2025,0
22,Västernorrland,ÄNKL,99,2,2025,31
22,Västernorrland,ÄNKL,100+1,1,2025,8
22,Västernorrland,ÄNKL,100+1,2,2025,31
22,Västernorrland,SK,0,1,2025,0
22,Västernorrland,SK,0,2,2025,0
22,Västernorrland,SK,1,1,2025,0
22,Västernorrland,SK,1,2,2025,0
22,Västernorrland,SK,2,1,2025,0
22,Västernorrland,SK,2,2,2025,0
22,Västernorrland,SK,3,1,2025,0
22,Västernorrland,SK,3,2,2025,0
22,Västernorrland,SK,4,1,2025,0
22,Västernorrland,SK,4,2,2025,0
22,Västernorrland,SK,5,1,2025,0
22,Västernorrland,SK,5,2,2025,0
22,Västernorrland,SK,6,1,2025,0
22,Västernorrland,SK,6,2,2025,0
22,Västernorrland,SK,7,1,2025,0
22,Västernorrland,SK,7,2,2025,0
22,Västernorrland,SK,8,1,2025,0
22,Västernorrland,SK,8,2,2025,0
22,Västernorrland,SK,9,1,2025,0
22,Västernorrland,SK,9,2,2025,0
22,Västernorrland,SK,10,1,2025,0
22,Västernorrland,SK,10,2,2025,0
22,Västernorrland,SK,11,1,2025,0
22,Västernorrland,SK,11,2,2025,0
22,Västernorrland,SK,12,1,2025,0
22,Västernorrland,SK,12,2,2025,0
22,Västernorrland,SK,13,1,2025,0
22,Västernorrland,SK,13,2,2025,0
22,Västernorrland,SK,14,1,2025,0
22,Västernorrland,SK,14,2,2025,0
22,Västernorrland,SK,15,1,2025,0
22,Västernorrland,SK,15,2,2025,0
22,Västernorrland,SK,16,1,2025,0
22,Västernorrland,SK,16,2,2025,0
22,Västernorrland,SK,17,1,2025,0
22,Västernorrland,SK,17,2,2025,0
22,Västernorrland,SK,18,1,2025,0
22,Västernorrland,SK,18,2,2025,0
22,Västernorrland,SK,19,1,2025,0
22,Västernorrland,SK,19,2,2025,0
22,Västernorrland,SK,20,1,2025,0
22,Västernorrland,SK,20,2,2025,0
22,Västernorrland,SK,21,1,2025,0
22,Västernorrland,SK,21,2,2025,0
22,Västernorrland,SK,22,1,2025,0
22,Västernorrland,SK,22,2,2025,4
22,Västernorrland,SK,23,1,2025,0
22,Västernorrland,SK,23,2,2025,6
22,Västernorrland,SK,24,1,2025,0
22,Västernorrland,SK,24,2,2025,0
22,Västernorrland,SK,25,1,2025,3
22,Västernorrland,SK,25,2,2025,0
22,Västernorrland,SK,26,1,2025,6
22,Västernorrland,SK,26,2,2025,9
22,Västernorrland,SK,27,1,2025,6
22,Västernorrland,SK,27,2,2025,16
22,Västernorrland,SK,28,1,2025,7
22,Västernorrland,SK,28,2,2025,13
22,Västernorrland,SK,29,1,2025,7
22,Västernorrland,SK,29,2,2025,36
22,Västernorrland,SK,30,1,2025,18
22,Västernorrland,SK,30,2,2025,33
22,Västernorrland,SK,31,1,2025,13
22,Västernorrland,SK,31,2,2025,46
22,Västernorrland,SK,32,1,2025,30
22,Västernorrland,SK,32,2,2025,42
22,Västernorrland,SK,33,1,2025,38
22,Västernorrland,SK,33,2,2025,63
22,Västernorrland,SK,34,1,2025,55
22,Västernorrland,SK,34,2,2025,79
22,Västernorrland,SK,35,1,2025,75
22,Västernorrland,SK,35,2,2025,106
22,Västernorrland,SK,36,1,2025,69
22,Västernorrland,SK,36,2,2025,120
22,Västernorrland,SK,37,1,2025,80
22,Västernorrland,SK,37,2,2025,124
22,Västernorrland,SK,38,1,2025,94
22,Västernorrland,SK,38,2,2025,136
22,Västernorrland,SK,39,1,2025,100
22,Västernorrland,SK,39,2,2025,147
22,Västernorrland,SK,40,1,2025,106
22,Västernorrland,SK,40,2,2025,165
22,Västernorrland,SK,41,1,2025,138
22,Västernorrland,SK,41,2,2025,146
22,Västernorrland,SK,42,1,2025,107
22,Västernorrland,SK,42,2,2025,186
22,Västernorrland,SK,43,1,2025,138
22,Västernorrland,SK,43,2,2025,170
22,Västernorrland,SK,44,1,2025,173
22,Västernorrland,SK,44,2,2025,179
22,Västernorrland,SK,45,1,2025,159
22,Västernorrland,SK,45,2,2025,213
22,Västernorrland,SK,46,1,2025,159
22,Västernorrland,SK,46,2,2025,209
22,Västernorrland,SK,47,1,2025,188
22,Västernorrland,SK,47,2,2025,225
22,Västernorrland,SK,48,1,2025,196
22,Västernorrland,SK,48,2,2025,252
22,Västernorrland,SK,49,1,2025,165
22,Västernorrland,SK,49,2,2025,267
22,Västernorrland,SK,50,1,2025,219
22,Västernorrland,SK,50,2,2025,267
22,Västernorrland,SK,51,1,2025,218
22,Västernorrland,SK,51,2,2025,240
22,Västernorrland,SK,52,1,2025,221
22,Västernorrland,SK,52,2,2025,278
22,Västernorrland,SK,53,1,2025,247
22,Västernorrland,SK,53,2,2025,305
22,Västernorrland,SK,54,1,2025,215
22,Västernorrland,SK,54,2,2025,250
22,Västernorrland,SK,55,1,2025,242
22,Västernorrland,SK,55,2,2025,286
22,Västernorrland,SK,56,1,2025,242
22,Västernorrland,SK,56,2,2025,296
22,Västernorrland,SK,57,1,2025,253
22,Västernorrland,SK,57,2,2025,317
22,Västernorrland,SK,58,1,2025,286
22,Västernorrland,SK,58,2,2025,324
22,Västernorrland,SK,59,1,2025,250
22,Västernorrland,SK,59,2,2025,358
22,Västernorrland,SK,60,1,2025,298
22,Västernorrland,SK,60,2,2025,340
22,Västernorrland,SK,61,1,2025,330
22,Västernorrland,SK,61,2,2025,347
22,Västernorrland,SK,62,1,2025,280
22,Västernorrland,SK,62,2,2025,306
22,Västernorrland,SK,63,1,2025,289
22,Västernorrland,SK,63,2,2025,308
22,Västernorrland,SK,64,1,2025,255
22,Västernorrland,SK,64,2,2025,290
22,Västernorrland,SK,65,1,2025,261
22,Västernorrland,SK,65,2,2025,275
22,Västernorrland,SK,66,1,2025,248
22,Västernorrland,SK,66,2,2025,300
22,Västernorrland,SK,67,1,2025,263
22,Västernorrland,SK,67,2,2025,319
22,Västernorrland,SK,68,1,2025,274
22,Västernorrland,SK,68,2,2025,334
22,Västernorrland,SK,69,1,2025,276
22,Västernorrland,SK,69,2,2025,302
22,Västernorrland,SK,70,1,2025,264
22,Västernorrland,SK,70,2,2025,273
22,Västernorrland,SK,71,1,2025,265
22,Västernorrland,SK,71,2,2025,285
22,Västernorrland,SK,72,1,2025,222
22,Västernorrland,SK,72,2,2025,255
22,Västernorrland,SK,73,1,2025,244
22,Västernorrland,SK,73,2,2025,261
22,Västernorrland,SK,74,1,2025,247
22,Västernorrland,SK,74,2,2025,268
22,Västernorrland,SK,75,1,2025,218
22,Västernorrland,SK,75,2,2025,252
22,Västernorrland,SK,76,1,2025,251
22,Västernorrland,SK,76,2,2025,259
22,Västernorrland,SK,77,1,2025,227
22,Västernorrland,SK,77,2,2025,255
22,Västernorrland,SK,78,1,2025,221
22,Västernorrland,SK,78,2,2025,294
22,Västernorrland,SK,79,1,2025,235
22,Västernorrland,SK,79,2,2025,273
22,Västernorrland,SK,80,1,2025,187
22,Västernorrland,SK,80,2,2025,261
22,Västernorrland,SK,81,1,2025,192
22,Västernorrland,SK,81,2,2025,230
22,Västernorrland,SK,82,1,2025,147
22,Västernorrland,SK,82,2,2025,231
22,Västernorrland,SK,83,1,2025,138
22,Västernorrland,SK,83,2,2025,183
22,Västernorrland,SK,84,1,2025,98
22,Västernorrland,SK,84,2,2025,141
22,Västernorrland,SK,85,1,2025,91
22,Västernorrland,SK,85,2,2025,139
22,Västernorrland,SK,86,1,2025,74
22,Västernorrland,SK,86,2,2025,131
22,Västernorrland,SK,87,1,2025,61
22,Västernorrland,SK,87,2,2025,110
22,Västernorrland,SK,88,1,2025,57
22,Västernorrland,SK,88,2,2025,92
22,Västernorrland,SK,89,1,2025,39
22,Västernorrland,SK,89,2,2025,65
22,Västernorrland,SK,90,1,2025,21
22,Västernorrland,SK,90,2,2025,51
22,Västernorrland,SK,91,1,2025,18
22,Västernorrland,SK,91,2,2025,47
22,Västernorrland,SK,92,1,2025,18
22,Västernorrland,SK,92,2,2025,36
22,Västernorrland,SK,93,1,2025,13
22,Västernorrland,SK,93,2,2025,23
22,Västernorrland,SK,94,1,2025,7
22,Västernorrland,SK,94,2,2025,24
22,Västernorrland,SK,95,1,2025,8
22,Västernorrland,SK,95,2,2025,23
22,Västernorrland,SK,96,1,2025,0
22,Västernorrland,SK,96,2,2025,11
22,Västernorrland,SK,97,1,2025,3
22,Västernorrland,SK,97,2,2025,4
22,Västernorrland,SK,98,1,2025,0
22,Västernorrland,SK,98,2,2025,3
22,Västernorrland,SK,99,1,2025,0
22,Västernorrland,SK,99,2,2025,0
22,Västernorrland,SK,100+1,1,2025,0
22,Västernorrland,SK,100+1,2,2025,3
23,Jämtland,OG,0,1,2025,581
23,Jämtland,OG,0,2,2025,543
23,Jämtland,OG,1,1,2025,606
23,Jämtland,OG,1,2,2025,563
23,Jämtland,OG,2,1,2025,600
23,Jämtland,OG,2,2,2025,596
23,Jämtland,OG,3,1,2025,623
23,Jämtland,OG,3,2,2025,579
23,Jämtland,OG,4,1,2025,720
23,Jämtland,OG,4,2,2025,674
23,Jämtland,OG,5,1,2025,679
23,Jämtland,OG,5,2,2025,669
23,Jämtland,OG,6,1,2025,778
23,Jämtland,OG,6,2,2025,688
23,Jämtland,OG,7,1,2025,771
23,Jämtland,OG,7,2,2025,769
23,Jämtland,OG,8,1,2025,839
23,Jämtland,OG,8,2,2025,719
23,Jämtland,OG,9,1,2025,802
23,Jämtland,OG,9,2,2025,710
23,Jämtland,OG,10,1,2025,827
23,Jämtland,OG,10,2,2025,742
23,Jämtland,OG,11,1,2025,823
23,Jämtland,OG,11,2,2025,740
23,Jämtland,OG,12,1,2025,798
23,Jämtland,OG,12,2,2025,698
23,Jämtland,OG,13,1,2025,736
23,Jämtland,OG,13,2,2025,734
23,Jämtland,OG,14,1,2025,815
23,Jämtland,OG,14,2,2025,763
23,Jämtland,OG,15,1,2025,851
23,Jämtland,OG,15,2,2025,759
23,Jämtland,OG,16,1,2025,771
23,Jämtland,OG,16,2,2025,760
23,Jämtland,OG,17,1,2025,821
23,Jämtland,OG,17,2,2025,751
23,Jämtland,OG,18,1,2025,766
23,Jämtland,OG,18,2,2025,758
23,Jämtland,OG,19,1,2025,772
23,Jämtland,OG,19,2,2025,740
23,Jämtland,OG,20,1,2025,734
23,Jämtland,OG,20,2,2025,693
23,Jämtland,OG,21,1,2025,741
23,Jämtland,OG,21,2,2025,691
23,Jämtland,OG,22,1,2025,676
23,Jämtland,OG,22,2,2025,654
23,Jämtland,OG,23,1,2025,645
23,Jämtland,OG,23,2,2025,595
23,Jämtland,OG,24,1,2025,600
23,Jämtland,OG,24,2,2025,571
23,Jämtland,OG,25,1,2025,621
23,Jämtland,OG,25,2,2025,522
23,Jämtland,OG,26,1,2025,725
23,Jämtland,OG,26,2,2025,537
23,Jämtland,OG,27,1,2025,633
23,Jämtland,OG,27,2,2025,508
23,Jämtland,OG,28,1,2025,632
23,Jämtland,OG,28,2,2025,563
23,Jämtland,OG,29,1,2025,626
23,Jämtland,OG,29,2,2025,525
23,Jämtland,OG,30,1,2025,649
23,Jämtland,OG,30,2,2025,614
23,Jämtland,OG,31,1,2025,720
23,Jämtland,OG,31,2,2025,635
23,Jämtland,OG,32,1,2025,735
23,Jämtland,OG,32,2,2025,638
23,Jämtland,OG,33,1,2025,800
23,Jämtland,OG,33,2,2025,633
23,Jämtland,OG,34,1,2025,746
23,Jämtland,OG,34,2,2025,713
23,Jämtland,OG,35,1,2025,754
23,Jämtland,OG,35,2,2025,647
23,Jämtland,OG,36,1,2025,723
23,Jämtland,OG,36,2,2025,581
23,Jämtland,OG,37,1,2025,660
23,Jämtland,OG,37,2,2025,517
23,Jämtland,OG,38,1,2025,565
23,Jämtland,OG,38,2,2025,517
23,Jämtland,OG,39,1,2025,583
23,Jämtland,OG,39,2,2025,503
23,Jämtland,OG,40,1,2025,534
23,Jämtland,OG,40,2,2025,432
23,Jämtland,OG,41,1,2025,521
23,Jämtland,OG,41,2,2025,381
23,Jämtland,OG,42,1,2025,425
23,Jämtland,OG,42,2,2025,364
23,Jämtland,OG,43,1,2025,425
23,Jämtland,OG,43,2,2025,353
23,Jämtland,OG,44,1,2025,408
23,Jämtland,OG,44,2,2025,316
23,Jämtland,OG,45,1,2025,383
23,Jämtland,OG,45,2,2025,311
23,Jämtland,OG,46,1,2025,399
23,Jämtland,OG,46,2,2025,317
23,Jämtland,OG,47,1,2025,372
23,Jämtland,OG,47,2,2025,299
23,Jämtland,OG,48,1,2025,378
23,Jämtland,OG,48,2,2025,283
23,Jämtland,OG,49,1,2025,343
23,Jämtland,OG,49,2,2025,303
23,Jämtland,OG,50,1,2025,332
23,Jämtland,OG,50,2,2025,305
23,Jämtland,OG,51,1,2025,400
23,Jämtland,OG,51,2,2025,321
23,Jämtland,OG,52,1,2025,378
23,Jämtland,OG,52,2,2025,294
23,Jämtland,OG,53,1,2025,387
23,Jämtland,OG,53,2,2025,306
23,Jämtland,OG,54,1,2025,364
23,Jämtland,OG,54,2,2025,299
23,Jämtland,OG,55,1,2025,350
23,Jämtland,OG,55,2,2025,258
23,Jämtland,OG,56,1,2025,307
23,Jämtland,OG,56,2,2025,273
23,Jämtland,OG,57,1,2025,333
23,Jämtland,OG,57,2,2025,301
23,Jämtland,OG,58,1,2025,373
23,Jämtland,OG,58,2,2025,328
23,Jämtland,OG,59,1,2025,408
23,Jämtland,OG,59,2,2025,301
23,Jämtland,OG,60,1,2025,372
23,Jämtland,OG,60,2,2025,300
23,Jämtland,OG,61,1,2025,357
23,Jämtland,OG,61,2,2025,312
23,Jämtland,OG,62,1,2025,334
23,Jämtland,OG,62,2,2025,243
23,Jämtland,OG,63,1,2025,305
23,Jämtland,OG,63,2,2025,240
23,Jämtland,OG,64,1,2025,306
23,Jämtland,OG,64,2,2025,252
23,Jämtland,OG,65,1,2025,268
23,Jämtland,OG,65,2,2025,259
23,Jämtland,OG,66,1,2025,279
23,Jämtland,OG,66,2,2025,222
23,Jämtland,OG,67,1,2025,284
23,Jämtland,OG,67,2,2025,198
23,Jämtland,OG,68,1,2025,261
23,Jämtland,OG,68,2,2025,207
23,Jämtland,OG,69,1,2025,257
23,Jämtland,OG,69,2,2025,205
23,Jämtland,OG,70,1,2025,250
23,Jämtland,OG,70,2,2025,199
23,Jämtland,OG,71,1,2025,257
23,Jämtland,OG,71,2,2025,198
23,Jämtland,OG,72,1,2025,244
23,Jämtland,OG,72,2,2025,191
23,Jämtland,OG,73,1,2025,252
23,Jämtland,OG,73,2,2025,159
23,Jämtland,OG,74,1,2025,189
23,Jämtland,OG,74,2,2025,178
23,Jämtland,OG,75,1,2025,180
23,Jämtland,OG,75,2,2025,156
23,Jämtland,OG,76,1,2025,177
23,Jämtland,OG,76,2,2025,138
23,Jämtland,OG,77,1,2025,189
23,Jämtland,OG,77,2,2025,151
23,Jämtland,OG,78,1,2025,179
23,Jämtland,OG,78,2,2025,127
23,Jämtland,OG,79,1,2025,172
23,Jämtland,OG,79,2,2025,115
23,Jämtland,OG,80,1,2025,144
23,Jämtland,OG,80,2,2025,91
23,Jämtland,OG,81,1,2025,125
23,Jämtland,OG,81,2,2025,70
23,Jämtland,OG,82,1,2025,94
23,Jämtland,OG,82,2,2025,77
23,Jämtland,OG,83,1,2025,62
23,Jämtland,OG,83,2,2025,45
23,Jämtland,OG,84,1,2025,57
23,Jämtland,OG,84,2,2025,40
23,Jämtland,OG,85,1,2025,35
23,Jämtland,OG,85,2,2025,39
23,Jämtland,OG,86,1,2025,35
23,Jämtland,OG,86,2,2025,41
23,Jämtland,OG,87,1,2025,25
23,Jämtland,OG,87,2,2025,27
23,Jämtland,OG,88,1,2025,22
23,Jämtland,OG,88,2,2025,17
23,Jämtland,OG,89,1,2025,28
23,Jämtland,OG,89,2,2025,17
23,Jämtland,OG,90,1,2025,11
23,Jämtland,OG,90,2,2025,16
23,Jämtland,OG,91,1,2025,9
23,Jämtland,OG,91,2,2025,11
23,Jämtland,OG,92,1,2025,4
23,Jämtland,OG,92,2,2025,5
23,Jämtland,OG,93,1,2025,3
23,Jämtland,OG,93,2,2025,14
23,Jämtland,OG,94,1,2025,3
23,Jämtland,OG,94,2,2025,7
23,Jämtland,OG,95,1,2025,3
23,Jämtland,OG,95,2,2025,0
23,Jämtland,OG,96,1,2025,3
23,Jämtland,OG,96,2,2025,0
23,Jämtland,OG,97,1,2025,3
23,Jämtland,OG,97,2,2025,3
23,Jämtland,OG,98,1,2025,0
23,Jämtland,OG,98,2,2025,0
23,Jämtland,OG,99,1,2025,0
23,Jämtland,OG,99,2,2025,4
23,Jämtland,OG,100+1,1,2025,0
23,Jämtland,OG,100+1,2,2025,0
23,Jämtland,G,0,1,2025,0
23,Jämtland,G,0,2,2025,0
23,Jämtland,G,1,1,2025,0
23,Jämtland,G,1,2,2025,0
23,Jämtland,G,2,1,2025,0
23,Jämtland,G,2,2,2025,0
23,Jämtland,G,3,1,2025,0
23,Jämtland,G,3,2,2025,0
23,Jämtland,G,4,1,2025,0
23,Jämtland,G,4,2,2025,0
23,Jämtland,G,5,1,2025,0
23,Jämtland,G,5,2,2025,0
23,Jämtland,G,6,1,2025,0
23,Jämtland,G,6,2,2025,0
23,Jämtland,G,7,1,2025,0
23,Jämtland,G,7,2,2025,0
23,Jämtland,G,8,1,2025,0
23,Jämtland,G,8,2,2025,0
23,Jämtland,G,9,1,2025,0
23,Jämtland,G,9,2,2025,0
23,Jämtland,G,10,1,2025,0
23,Jämtland,G,10,2,2025,0
23,Jämtland,G,11,1,2025,0
23,Jämtland,G,11,2,2025,0
23,Jämtland,G,12,1,2025,0
23,Jämtland,G,12,2,2025,0
23,Jämtland,G,13,1,2025,0
23,Jämtland,G,13,2,2025,0
23,Jämtland,G,14,1,2025,0
23,Jämtland,G,14,2,2025,0
23,Jämtland,G,15,1,2025,0
23,Jämtland,G,15,2,2025,0
23,Jämtland,G,16,1,2025,0
23,Jämtland,G,16,2,2025,0
23,Jämtland,G,17,1,2025,0
23,Jämtland,G,17,2,2025,0
23,Jämtland,G,18,1,2025,0
23,Jämtland,G,18,2,2025,0
23,Jämtland,G,19,1,2025,0
23,Jämtland,G,19,2,2025,3
23,Jämtland,G,20,1,2025,0
23,Jämtland,G,20,2,2025,0
23,Jämtland,G,21,1,2025,0
23,Jämtland,G,21,2,2025,9
23,Jämtland,G,22,1,2025,9
23,Jämtland,G,22,2,2025,10
23,Jämtland,G,23,1,2025,3
23,Jämtland,G,23,2,2025,24
23,Jämtland,G,24,1,2025,11
23,Jämtland,G,24,2,2025,18
23,Jämtland,G,25,1,2025,18
23,Jämtland,G,25,2,2025,44
23,Jämtland,G,26,1,2025,50
23,Jämtland,G,26,2,2025,40
23,Jämtland,G,27,1,2025,51
23,Jämtland,G,27,2,2025,63
23,Jämtland,G,28,1,2025,46
23,Jämtland,G,28,2,2025,68
23,Jämtland,G,29,1,2025,57
23,Jämtland,G,29,2,2025,100
23,Jämtland,G,30,1,2025,77
23,Jämtland,G,30,2,2025,140
23,Jämtland,G,31,1,2025,107
23,Jämtland,G,31,2,2025,134
23,Jämtland,G,32,1,2025,129
23,Jämtland,G,32,2,2025,169
23,Jämtland,G,33,1,2025,159
23,Jämtland,G,33,2,2025,202
23,Jämtland,G,34,1,2025,192
23,Jämtland,G,34,2,2025,243
23,Jämtland,G,35,1,2025,220
23,Jämtland,G,35,2,2025,298
23,Jämtland,G,36,1,2025,227
23,Jämtland,G,36,2,2025,274
23,Jämtland,G,37,1,2025,232
23,Jämtland,G,37,2,2025,295
23,Jämtland,G,38,1,2025,273
23,Jämtland,G,38,2,2025,305
23,Jämtland,G,39,1,2025,259
23,Jämtland,G,39,2,2025,306
23,Jämtland,G,40,1,2025,272
23,Jämtland,G,40,2,2025,306
23,Jämtland,G,41,1,2025,278
23,Jämtland,G,41,2,2025,312
23,Jämtland,G,42,1,2025,260
23,Jämtland,G,42,2,2025,331
23,Jämtland,G,43,1,2025,313
23,Jämtland,G,43,2,2025,320
23,Jämtland,G,44,1,2025,297
23,Jämtland,G,44,2,2025,322
23,Jämtland,G,45,1,2025,320
23,Jämtland,G,45,2,2025,329
23,Jämtland,G,46,1,2025,296
23,Jämtland,G,46,2,2025,329
23,Jämtland,G,47,1,2025,324
23,Jämtland,G,47,2,2025,319
23,Jämtland,G,48,1,2025,283
23,Jämtland,G,48,2,2025,309
23,Jämtland,G,49,1,2025,318
23,Jämtland,G,49,2,2025,334
23,Jämtland,G,50,1,2025,350
23,Jämtland,G,50,2,2025,350
23,Jämtland,G,51,1,2025,373
23,Jämtland,G,51,2,2025,393
23,Jämtland,G,52,1,2025,381
23,Jämtland,G,52,2,2025,324
23,Jämtland,G,53,1,2025,366
23,Jämtland,G,53,2,2025,380
23,Jämtland,G,54,1,2025,336
23,Jämtland,G,54,2,2025,376
23,Jämtland,G,55,1,2025,307
23,Jämtland,G,55,2,2025,357
23,Jämtland,G,56,1,2025,314
23,Jämtland,G,56,2,2025,315
23,Jämtland,G,57,1,2025,380
23,Jämtland,G,57,2,2025,300
23,Jämtland,G,58,1,2025,378
23,Jämtland,G,58,2,2025,385
23,Jämtland,G,59,1,2025,374
23,Jämtland,G,59,2,2025,385
23,Jämtland,G,60,1,2025,389
23,Jämtland,G,60,2,2025,393
23,Jämtland,G,61,1,2025,411
23,Jämtland,G,61,2,2025,403
23,Jämtland,G,62,1,2025,355
23,Jämtland,G,62,2,2025,345
23,Jämtland,G,63,1,2025,335
23,Jämtland,G,63,2,2025,335
23,Jämtland,G,64,1,2025,318
23,Jämtland,G,64,2,2025,352
23,Jämtland,G,65,1,2025,325
23,Jämtland,G,65,2,2025,329
23,Jämtland,G,66,1,2025,331
23,Jämtland,G,66,2,2025,377
23,Jämtland,G,67,1,2025,366
23,Jämtland,G,67,2,2025,343
23,Jämtland,G,68,1,2025,386
23,Jämtland,G,68,2,2025,363
23,Jämtland,G,69,1,2025,355
23,Jämtland,G,69,2,2025,386
23,Jämtland,G,70,1,2025,383
23,Jämtland,G,70,2,2025,364
23,Jämtland,G,71,1,2025,365
23,Jämtland,G,71,2,2025,337
23,Jämtland,G,72,1,2025,374
23,Jämtland,G,72,2,2025,335
23,Jämtland,G,73,1,2025,369
23,Jämtland,G,73,2,2025,299
23,Jämtland,G,74,1,2025,344
23,Jämtland,G,74,2,2025,313
23,Jämtland,G,75,1,2025,370
23,Jämtland,G,75,2,2025,348
23,Jämtland,G,76,1,2025,365
23,Jämtland,G,76,2,2025,346
23,Jämtland,G,77,1,2025,400
23,Jämtland,G,77,2,2025,345
23,Jämtland,G,78,1,2025,361
23,Jämtland,G,78,2,2025,332
23,Jämtland,G,79,1,2025,378
23,Jämtland,G,79,2,2025,316
23,Jämtland,G,80,1,2025,350
23,Jämtland,G,80,2,2025,297
23,Jämtland,G,81,1,2025,324
23,Jämtland,G,81,2,2025,258
23,Jämtland,G,82,1,2025,299
23,Jämtland,G,82,2,2025,202
23,Jämtland,G,83,1,2025,251
23,Jämtland,G,83,2,2025,154
23,Jämtland,G,84,1,2025,186
23,Jämtland,G,84,2,2025,114
23,Jämtland,G,85,1,2025,153
23,Jämtland,G,85,2,2025,85
23,Jämtland,G,86,1,2025,116
23,Jämtland,G,86,2,2025,101
23,Jämtland,G,87,1,2025,125
23,Jämtland,G,87,2,2025,50
23,Jämtland,G,88,1,2025,96
23,Jämtland,G,88,2,2025,43
23,Jämtland,G,89,1,2025,71
23,Jämtland,G,89,2,2025,41
23,Jämtland,G,90,1,2025,55
23,Jämtland,G,90,2,2025,23
23,Jämtland,G,91,1,2025,39
23,Jämtland,G,91,2,2025,14
23,Jämtland,G,92,1,2025,12
23,Jämtland,G,92,2,2025,5
23,Jämtland,G,93,1,2025,28
23,Jämtland,G,93,2,2025,11
23,Jämtland,G,94,1,2025,10
23,Jämtland,G,94,2,2025,0
23,Jämtland,G,95,1,2025,5
23,Jämtland,G,95,2,2025,4
23,Jämtland,G,96,1,2025,3
23,Jämtland,G,96,2,2025,0
23,Jämtland,G,97,1,2025,3
23,Jämtland,G,97,2,2025,0
23,Jämtland,G,98,1,2025,0
23,Jämtland,G,98,2,2025,0
23,Jämtland,G,99,1,2025,0
23,Jämtland,G,99,2,2025,0
23,Jämtland,G,100+1,1,2025,3
23,Jämtland,G,100+1,2,2025,0
23,Jämtland,ÄNKL,0,1,2025,0
23,Jämtland,ÄNKL,0,2,2025,0
23,Jämtland,ÄNKL,1,1,2025,0
23,Jämtland,ÄNKL,1,2,2025,0
23,Jämtland,ÄNKL,2,1,2025,0
23,Jämtland,ÄNKL,2,2,2025,0
23,Jämtland,ÄNKL,3,1,2025,0
23,Jämtland,ÄNKL,3,2,2025,0
23,Jämtland,ÄNKL,4,1,2025,0
23,Jämtland,ÄNKL,4,2,2025,0
23,Jämtland,ÄNKL,5,1,2025,0
23,Jämtland,ÄNKL,5,2,2025,0
23,Jämtland,ÄNKL,6,1,2025,0
23,Jämtland,ÄNKL,6,2,2025,0
23,Jämtland,ÄNKL,7,1,2025,0
23,Jämtland,ÄNKL,7,2,2025,0
23,Jämtland,ÄNKL,8,1,2025,0
23,Jämtland,ÄNKL,8,2,2025,0
23,Jämtland,ÄNKL,9,1,2025,0
23,Jämtland,ÄNKL,9,2,2025,0
23,Jämtland,ÄNKL,10,1,2025,0
23,Jämtland,ÄNKL,10,2,2025,0
23,Jämtland,ÄNKL,11,1,2025,0
23,Jämtland,ÄNKL,11,2,2025,0
23,Jämtland,ÄNKL,12,1,2025,0
23,Jämtland,ÄNKL,12,2,2025,0
23,Jämtland,ÄNKL,13,1,2025,0
23,Jämtland,ÄNKL,13,2,2025,0
23,Jämtland,ÄNKL,14,1,2025,0
23,Jämtland,ÄNKL,14,2,2025,0
23,Jämtland,ÄNKL,15,1,2025,0
23,Jämtland,ÄNKL,15,2,2025,0
23,Jämtland,ÄNKL,16,1,2025,0
23,Jämtland,ÄNKL,16,2,2025,0
23,Jämtland,ÄNKL,17,1,2025,0
23,Jämtland,ÄNKL,17,2,2025,0
23,Jämtland,ÄNKL,18,1,2025,0
23,Jämtland,ÄNKL,18,2,2025,0
23,Jämtland,ÄNKL,19,1,2025,0
23,Jämtland,ÄNKL,19,2,2025,0
23,Jämtland,ÄNKL,20,1,2025,0
23,Jämtland,ÄNKL,20,2,2025,0
23,Jämtland,ÄNKL,21,1,2025,0
23,Jämtland,ÄNKL,21,2,2025,0
23,Jämtland,ÄNKL,22,1,2025,0
23,Jämtland,ÄNKL,22,2,2025,0
23,Jämtland,ÄNKL,23,1,2025,0
23,Jämtland,ÄNKL,23,2,2025,0
23,Jämtland,ÄNKL,24,1,2025,0
23,Jämtland,ÄNKL,24,2,2025,0
23,Jämtland,ÄNKL,25,1,2025,0
23,Jämtland,ÄNKL,25,2,2025,0
23,Jämtland,ÄNKL,26,1,2025,0
23,Jämtland,ÄNKL,26,2,2025,0
23,Jämtland,ÄNKL,27,1,2025,0
23,Jämtland,ÄNKL,27,2,2025,0
23,Jämtland,ÄNKL,28,1,2025,0
23,Jämtland,ÄNKL,28,2,2025,0
23,Jämtland,ÄNKL,29,1,2025,0
23,Jämtland,ÄNKL,29,2,2025,3
23,Jämtland,ÄNKL,30,1,2025,0
23,Jämtland,ÄNKL,30,2,2025,3
23,Jämtland,ÄNKL,31,1,2025,0
23,Jämtland,ÄNKL,31,2,2025,0
23,Jämtland,ÄNKL,32,1,2025,0
23,Jämtland,ÄNKL,32,2,2025,0
23,Jämtland,ÄNKL,33,1,2025,0
23,Jämtland,ÄNKL,33,2,2025,0
23,Jämtland,ÄNKL,34,1,2025,0
23,Jämtland,ÄNKL,34,2,2025,3
23,Jämtland,ÄNKL,35,1,2025,3
23,Jämtland,ÄNKL,35,2,2025,0
23,Jämtland,ÄNKL,36,1,2025,0
23,Jämtland,ÄNKL,36,2,2025,3
23,Jämtland,ÄNKL,37,1,2025,0
23,Jämtland,ÄNKL,37,2,2025,4
23,Jämtland,ÄNKL,38,1,2025,0
23,Jämtland,ÄNKL,38,2,2025,4
23,Jämtland,ÄNKL,39,1,2025,3
23,Jämtland,ÄNKL,39,2,2025,0
23,Jämtland,ÄNKL,40,1,2025,0
23,Jämtland,ÄNKL,40,2,2025,0
23,Jämtland,ÄNKL,41,1,2025,0
23,Jämtland,ÄNKL,41,2,2025,4
23,Jämtland,ÄNKL,42,1,2025,0
23,Jämtland,ÄNKL,42,2,2025,7
23,Jämtland,ÄNKL,43,1,2025,0
23,Jämtland,ÄNKL,43,2,2025,3
23,Jämtland,ÄNKL,44,1,2025,3
23,Jämtland,ÄNKL,44,2,2025,4
23,Jämtland,ÄNKL,45,1,2025,0
23,Jämtland,ÄNKL,45,2,2025,8
23,Jämtland,ÄNKL,46,1,2025,0
23,Jämtland,ÄNKL,46,2,2025,7
23,Jämtland,ÄNKL,47,1,2025,0
23,Jämtland,ÄNKL,47,2,2025,8
23,Jämtland,ÄNKL,48,1,2025,3
23,Jämtland,ÄNKL,48,2,2025,9
23,Jämtland,ÄNKL,49,1,2025,4
23,Jämtland,ÄNKL,49,2,2025,8
23,Jämtland,ÄNKL,50,1,2025,0
23,Jämtland,ÄNKL,50,2,2025,6
23,Jämtland,ÄNKL,51,1,2025,3
23,Jämtland,ÄNKL,51,2,2025,4
23,Jämtland,ÄNKL,52,1,2025,4
23,Jämtland,ÄNKL,52,2,2025,12
23,Jämtland,ÄNKL,53,1,2025,3
23,Jämtland,ÄNKL,53,2,2025,16
23,Jämtland,ÄNKL,54,1,2025,5
23,Jämtland,ÄNKL,54,2,2025,14
23,Jämtland,ÄNKL,55,1,2025,0
23,Jämtland,ÄNKL,55,2,2025,8
23,Jämtland,ÄNKL,56,1,2025,8
23,Jämtland,ÄNKL,56,2,2025,14
23,Jämtland,ÄNKL,57,1,2025,0
23,Jämtland,ÄNKL,57,2,2025,18
23,Jämtland,ÄNKL,58,1,2025,4
23,Jämtland,ÄNKL,58,2,2025,24
23,Jämtland,ÄNKL,59,1,2025,7
23,Jämtland,ÄNKL,59,2,2025,18
23,Jämtland,ÄNKL,60,1,2025,6
23,Jämtland,ÄNKL,60,2,2025,27
23,Jämtland,ÄNKL,61,1,2025,16
23,Jämtland,ÄNKL,61,2,2025,27
23,Jämtland,ÄNKL,62,1,2025,10
23,Jämtland,ÄNKL,62,2,2025,18
23,Jämtland,ÄNKL,63,1,2025,8
23,Jämtland,ÄNKL,63,2,2025,24
23,Jämtland,ÄNKL,64,1,2025,11
23,Jämtland,ÄNKL,64,2,2025,25
23,Jämtland,ÄNKL,65,1,2025,18
23,Jämtland,ÄNKL,65,2,2025,26
23,Jämtland,ÄNKL,66,1,2025,8
23,Jämtland,ÄNKL,66,2,2025,31
23,Jämtland,ÄNKL,67,1,2025,21
23,Jämtland,ÄNKL,67,2,2025,44
23,Jämtland,ÄNKL,68,1,2025,21
23,Jämtland,ÄNKL,68,2,2025,53
23,Jämtland,ÄNKL,69,1,2025,23
23,Jämtland,ÄNKL,69,2,2025,59
23,Jämtland,ÄNKL,70,1,2025,14
23,Jämtland,ÄNKL,70,2,2025,56
23,Jämtland,ÄNKL,71,1,2025,34
23,Jämtland,ÄNKL,71,2,2025,65
23,Jämtland,ÄNKL,72,1,2025,35
23,Jämtland,ÄNKL,72,2,2025,67
23,Jämtland,ÄNKL,73,1,2025,44
23,Jämtland,ÄNKL,73,2,2025,102
23,Jämtland,ÄNKL,74,1,2025,38
23,Jämtland,ÄNKL,74,2,2025,79
23,Jämtland,ÄNKL,75,1,2025,37
23,Jämtland,ÄNKL,75,2,2025,102
23,Jämtland,ÄNKL,76,1,2025,46
23,Jämtland,ÄNKL,76,2,2025,106
23,Jämtland,ÄNKL,77,1,2025,59
23,Jämtland,ÄNKL,77,2,2025,156
23,Jämtland,ÄNKL,78,1,2025,52
23,Jämtland,ÄNKL,78,2,2025,135
23,Jämtland,ÄNKL,79,1,2025,65
23,Jämtland,ÄNKL,79,2,2025,182
23,Jämtland,ÄNKL,80,1,2025,78
23,Jämtland,ÄNKL,80,2,2025,172
23,Jämtland,ÄNKL,81,1,2025,87
23,Jämtland,ÄNKL,81,2,2025,186
23,Jämtland,ÄNKL,82,1,2025,78
23,Jämtland,ÄNKL,82,2,2025,188
23,Jämtland,ÄNKL,83,1,2025,84
23,Jämtland,ÄNKL,83,2,2025,210
23,Jämtland,ÄNKL,84,1,2025,50
23,Jämtland,ÄNKL,84,2,2025,179
23,Jämtland,ÄNKL,85,1,2025,63
23,Jämtland,ÄNKL,85,2,2025,173
23,Jämtland,ÄNKL,86,1,2025,53
23,Jämtland,ÄNKL,86,2,2025,221
23,Jämtland,ÄNKL,87,1,2025,48
23,Jämtland,ÄNKL,87,2,2025,167
23,Jämtland,ÄNKL,88,1,2025,47
23,Jämtland,ÄNKL,88,2,2025,156
23,Jämtland,ÄNKL,89,1,2025,51
23,Jämtland,ÄNKL,89,2,2025,143
23,Jämtland,ÄNKL,90,1,2025,50
23,Jämtland,ÄNKL,90,2,2025,144
23,Jämtland,ÄNKL,91,1,2025,38
23,Jämtland,ÄNKL,91,2,2025,117
23,Jämtland,ÄNKL,92,1,2025,26
23,Jämtland,ÄNKL,92,2,2025,85
23,Jämtland,ÄNKL,93,1,2025,14
23,Jämtland,ÄNKL,93,2,2025,108
23,Jämtland,ÄNKL,94,1,2025,11
23,Jämtland,ÄNKL,94,2,2025,80
23,Jämtland,ÄNKL,95,1,2025,13
23,Jämtland,ÄNKL,95,2,2025,46
23,Jämtland,ÄNKL,96,1,2025,18
23,Jämtland,ÄNKL,96,2,2025,53
23,Jämtland,ÄNKL,97,1,2025,10
23,Jämtland,ÄNKL,97,2,2025,26
23,Jämtland,ÄNKL,98,1,2025,6
23,Jämtland,ÄNKL,98,2,2025,16
23,Jämtland,ÄNKL,99,1,2025,3
23,Jämtland,ÄNKL,99,2,2025,8
23,Jämtland,ÄNKL,100+1,1,2025,10
23,Jämtland,ÄNKL,100+1,2,2025,17
23,Jämtland,SK,0,1,2025,0
23,Jämtland,SK,0,2,2025,0
23,Jämtland,SK,1,1,2025,0
23,Jämtland,SK,1,2,2025,0
23,Jämtland,SK,2,1,2025,0
23,Jämtland,SK,2,2,2025,0
23,Jämtland,SK,3,1,2025,0
23,Jämtland,SK,3,2,2025,0
23,Jämtland,SK,4,1,2025,0
23,Jämtland,SK,4,2,2025,0
23,Jämtland,SK,5,1,2025,0
23,Jämtland,SK,5,2,2025,0
23,Jämtland,SK,6,1,2025,0
23,Jämtland,SK,6,2,2025,0
23,Jämtland,SK,7,1,2025,0
23,Jämtland,SK,7,2,2025,0
23,Jämtland,SK,8,1,2025,0
23,Jämtland,SK,8,2,2025,0
23,Jämtland,SK,9,1,2025,0
23,Jämtland,SK,9,2,2025,0
23,Jämtland,SK,10,1,2025,0
23,Jämtland,SK,10,2,2025,0
23,Jämtland,SK,11,1,2025,0
23,Jämtland,SK,11,2,2025,0
23,Jämtland,SK,12,1,2025,0
23,Jämtland,SK,12,2,2025,0
23,Jämtland,SK,13,1,2025,0
23,Jämtland,SK,13,2,2025,0
23,Jämtland,SK,14,1,2025,0
23,Jämtland,SK,14,2,2025,0
23,Jämtland,SK,15,1,2025,0
23,Jämtland,SK,15,2,2025,0
23,Jämtland,SK,16,1,2025,0
23,Jämtland,SK,16,2,2025,0
23,Jämtland,SK,17,1,2025,0
23,Jämtland,SK,17,2,2025,0
23,Jämtland,SK,18,1,2025,0
23,Jämtland,SK,18,2,2025,0
23,Jämtland,SK,19,1,2025,0
23,Jämtland,SK,19,2,2025,0
23,Jämtland,SK,20,1,2025,0
23,Jämtland,SK,20,2,2025,0
23,Jämtland,SK,21,1,2025,3
23,Jämtland,SK,21,2,2025,0
23,Jämtland,SK,22,1,2025,0
23,Jämtland,SK,22,2,2025,3
23,Jämtland,SK,23,1,2025,0
23,Jämtland,SK,23,2,2025,3
23,Jämtland,SK,24,1,2025,0
23,Jämtland,SK,24,2,2025,3
23,Jämtland,SK,25,1,2025,0
23,Jämtland,SK,25,2,2025,0
23,Jämtland,SK,26,1,2025,3
23,Jämtland,SK,26,2,2025,3
23,Jämtland,SK,27,1,2025,0
23,Jämtland,SK,27,2,2025,8
23,Jämtland,SK,28,1,2025,3
23,Jämtland,SK,28,2,2025,3
23,Jämtland,SK,29,1,2025,6
23,Jämtland,SK,29,2,2025,10
23,Jämtland,SK,30,1,2025,5
23,Jämtland,SK,30,2,2025,20
23,Jämtland,SK,31,1,2025,5
23,Jämtland,SK,31,2,2025,19
23,Jämtland,SK,32,1,2025,19
23,Jämtland,SK,32,2,2025,23
23,Jämtland,SK,33,1,2025,15
23,Jämtland,SK,33,2,2025,21
23,Jämtland,SK,34,1,2025,24
23,Jämtland,SK,34,2,2025,44
23,Jämtland,SK,35,1,2025,29
23,Jämtland,SK,35,2,2025,57
23,Jämtland,SK,36,1,2025,34
23,Jämtland,SK,36,2,2025,47
23,Jämtland,SK,37,1,2025,52
23,Jämtland,SK,37,2,2025,60
23,Jämtland,SK,38,1,2025,50
23,Jämtland,SK,38,2,2025,67
23,Jämtland,SK,39,1,2025,46
23,Jämtland,SK,39,2,2025,54
23,Jämtland,SK,40,1,2025,55
23,Jämtland,SK,40,2,2025,74
23,Jämtland,SK,41,1,2025,58
23,Jämtland,SK,41,2,2025,83
23,Jämtland,SK,42,1,2025,63
23,Jämtland,SK,42,2,2025,87
23,Jämtland,SK,43,1,2025,63
23,Jämtland,SK,43,2,2025,78
23,Jämtland,SK,44,1,2025,75
23,Jämtland,SK,44,2,2025,93
23,Jämtland,SK,45,1,2025,70
23,Jämtland,SK,45,2,2025,100
23,Jämtland,SK,46,1,2025,75
23,Jämtland,SK,46,2,2025,113
23,Jämtland,SK,47,1,2025,84
23,Jämtland,SK,47,2,2025,92
23,Jämtland,SK,48,1,2025,90
23,Jämtland,SK,48,2,2025,95
23,Jämtland,SK,49,1,2025,74
23,Jämtland,SK,49,2,2025,114
23,Jämtland,SK,50,1,2025,89
23,Jämtland,SK,50,2,2025,132
23,Jämtland,SK,51,1,2025,102
23,Jämtland,SK,51,2,2025,121
23,Jämtland,SK,52,1,2025,109
23,Jämtland,SK,52,2,2025,121
23,Jämtland,SK,53,1,2025,107
23,Jämtland,SK,53,2,2025,116
23,Jämtland,SK,54,1,2025,114
23,Jämtland,SK,54,2,2025,155
23,Jämtland,SK,55,1,2025,100
23,Jämtland,SK,55,2,2025,141
23,Jämtland,SK,56,1,2025,127
23,Jämtland,SK,56,2,2025,141
23,Jämtland,SK,57,1,2025,129
23,Jämtland,SK,57,2,2025,151
23,Jämtland,SK,58,1,2025,136
23,Jämtland,SK,58,2,2025,152
23,Jämtland,SK,59,1,2025,137
23,Jämtland,SK,59,2,2025,173
23,Jämtland,SK,60,1,2025,135
23,Jämtland,SK,60,2,2025,148
23,Jämtland,SK,61,1,2025,120
23,Jämtland,SK,61,2,2025,173
23,Jämtland,SK,62,1,2025,147
23,Jämtland,SK,62,2,2025,155
23,Jämtland,SK,63,1,2025,128
23,Jämtland,SK,63,2,2025,180
23,Jämtland,SK,64,1,2025,136
23,Jämtland,SK,64,2,2025,123
23,Jämtland,SK,65,1,2025,147
23,Jämtland,SK,65,2,2025,150
23,Jämtland,SK,66,1,2025,150
23,Jämtland,SK,66,2,2025,183
23,Jämtland,SK,67,1,2025,147
23,Jämtland,SK,67,2,2025,170
23,Jämtland,SK,68,1,2025,126
23,Jämtland,SK,68,2,2025,171
23,Jämtland,SK,69,1,2025,149
23,Jämtland,SK,69,2,2025,162
23,Jämtland,SK,70,1,2025,148
23,Jämtland,SK,70,2,2025,154
23,Jämtland,SK,71,1,2025,157
23,Jämtland,SK,71,2,2025,178
23,Jämtland,SK,72,1,2025,129
23,Jämtland,SK,72,2,2025,141
23,Jämtland,SK,73,1,2025,135
23,Jämtland,SK,73,2,2025,152
23,Jämtland,SK,74,1,2025,118
23,Jämtland,SK,74,2,2025,131
23,Jämtland,SK,75,1,2025,145
23,Jämtland,SK,75,2,2025,145
23,Jämtland,SK,76,1,2025,135
23,Jämtland,SK,76,2,2025,152
23,Jämtland,SK,77,1,2025,141
23,Jämtland,SK,77,2,2025,161
23,Jämtland,SK,78,1,2025,127
23,Jämtland,SK,78,2,2025,147
23,Jämtland,SK,79,1,2025,124
23,Jämtland,SK,79,2,2025,131
23,Jämtland,SK,80,1,2025,121
23,Jämtland,SK,80,2,2025,133
23,Jämtland,SK,81,1,2025,88
23,Jämtland,SK,81,2,2025,142
23,Jämtland,SK,82,1,2025,89
23,Jämtland,SK,82,2,2025,109
23,Jämtland,SK,83,1,2025,89
23,Jämtland,SK,83,2,2025,73
23,Jämtland,SK,84,1,2025,54
23,Jämtland,SK,84,2,2025,93
23,Jämtland,SK,85,1,2025,62
23,Jämtland,SK,85,2,2025,66
23,Jämtland,SK,86,1,2025,47
23,Jämtland,SK,86,2,2025,57
23,Jämtland,SK,87,1,2025,34
23,Jämtland,SK,87,2,2025,42
23,Jämtland,SK,88,1,2025,32
23,Jämtland,SK,88,2,2025,46
23,Jämtland,SK,89,1,2025,22
23,Jämtland,SK,89,2,2025,38
23,Jämtland,SK,90,1,2025,19
23,Jämtland,SK,90,2,2025,28
23,Jämtland,SK,91,1,2025,15
23,Jämtland,SK,91,2,2025,21
23,Jämtland,SK,92,1,2025,13
23,Jämtland,SK,92,2,2025,21
23,Jämtland,SK,93,1,2025,6
23,Jämtland,SK,93,2,2025,12
23,Jämtland,SK,94,1,2025,6
23,Jämtland,SK,94,2,2025,16
23,Jämtland,SK,95,1,2025,7
23,Jämtland,SK,95,2,2025,3
23,Jämtland,SK,96,1,2025,3
23,Jämtland,SK,96,2,2025,6
23,Jämtland,SK,97,1,2025,0
23,Jämtland,SK,97,2,2025,3
23,Jämtland,SK,98,1,2025,3
23,Jämtland,SK,98,2,2025,5
23,Jämtland,SK,99,1,2025,0
23,Jämtland,SK,99,2,2025,4
23,Jämtland,SK,100+1,1,2025,0
23,Jämtland,SK,100+1,2,2025,3
24,Västerbotten,OG,0,1,2025,1187
24,Västerbotten,OG,0,2,2025,1132
24,Västerbotten,OG,1,1,2025,1234
24,Västerbotten,OG,1,2,2025,1134
24,Västerbotten,OG,2,1,2025,1205
24,Västerbotten,OG,2,2,2025,1194
24,Västerbotten,OG,3,1,2025,1392
24,Västerbotten,OG,3,2,2025,1318
24,Västerbotten,OG,4,1,2025,1518
24,Västerbotten,OG,4,2,2025,1411
24,Västerbotten,OG,5,1,2025,1597
24,Västerbotten,OG,5,2,2025,1450
24,Västerbotten,OG,6,1,2025,1583
24,Västerbotten,OG,6,2,2025,1497
24,Västerbotten,OG,7,1,2025,1585
24,Västerbotten,OG,7,2,2025,1481
24,Västerbotten,OG,8,1,2025,1631
24,Västerbotten,OG,8,2,2025,1465
24,Västerbotten,OG,9,1,2025,1648
24,Västerbotten,OG,9,2,2025,1566
24,Västerbotten,OG,10,1,2025,1611
24,Västerbotten,OG,10,2,2025,1514
24,Västerbotten,OG,11,1,2025,1604
24,Västerbotten,OG,11,2,2025,1491
24,Västerbotten,OG,12,1,2025,1666
24,Västerbotten,OG,12,2,2025,1513
24,Västerbotten,OG,13,1,2025,1639
24,Västerbotten,OG,13,2,2025,1505
24,Västerbotten,OG,14,1,2025,1631
24,Västerbotten,OG,14,2,2025,1553
24,Västerbotten,OG,15,1,2025,1626
24,Västerbotten,OG,15,2,2025,1589
24,Västerbotten,OG,16,1,2025,1677
24,Västerbotten,OG,16,2,2025,1580
24,Västerbotten,OG,17,1,2025,1662
24,Västerbotten,OG,17,2,2025,1543
24,Västerbotten,OG,18,1,2025,1564
24,Västerbotten,OG,18,2,2025,1444
24,Västerbotten,OG,19,1,2025,1754
24,Västerbotten,OG,19,2,2025,1592
24,Västerbotten,OG,20,1,2025,1778
24,Västerbotten,OG,20,2,2025,1808
24,Västerbotten,OG,21,1,2025,1861
24,Västerbotten,OG,21,2,2025,1965
24,Västerbotten,OG,22,1,2025,1987
24,Västerbotten,OG,22,2,2025,1979
24,Västerbotten,OG,23,1,2025,1961
24,Västerbotten,OG,23,2,2025,1997
24,Västerbotten,OG,24,1,2025,1882
24,Västerbotten,OG,24,2,2025,1873
24,Västerbotten,OG,25,1,2025,1921
24,Västerbotten,OG,25,2,2025,1650
24,Västerbotten,OG,26,1,2025,1897
24,Västerbotten,OG,26,2,2025,1437
24,Västerbotten,OG,27,1,2025,1706
24,Västerbotten,OG,27,2,2025,1369
24,Västerbotten,OG,28,1,2025,1652
24,Västerbotten,OG,28,2,2025,1269
24,Västerbotten,OG,29,1,2025,1550
24,Västerbotten,OG,29,2,2025,1312
24,Västerbotten,OG,30,1,2025,1651
24,Västerbotten,OG,30,2,2025,1274
24,Västerbotten,OG,31,1,2025,1689
24,Västerbotten,OG,31,2,2025,1261
24,Västerbotten,OG,32,1,2025,1707
24,Västerbotten,OG,32,2,2025,1312
24,Västerbotten,OG,33,1,2025,1655
24,Västerbotten,OG,33,2,2025,1343
24,Västerbotten,OG,34,1,2025,1717
24,Västerbotten,OG,34,2,2025,1332
24,Västerbotten,OG,35,1,2025,1525
24,Västerbotten,OG,35,2,2025,1185
24,Västerbotten,OG,36,1,2025,1464
24,Västerbotten,OG,36,2,2025,1047
24,Västerbotten,OG,37,1,2025,1275
24,Västerbotten,OG,37,2,2025,934
24,Västerbotten,OG,38,1,2025,1084
24,Västerbotten,OG,38,2,2025,850
24,Västerbotten,OG,39,1,2025,1060
24,Västerbotten,OG,39,2,2025,810
24,Västerbotten,OG,40,1,2025,1021
24,Västerbotten,OG,40,2,2025,771
24,Västerbotten,OG,41,1,2025,894
24,Västerbotten,OG,41,2,2025,644
24,Västerbotten,OG,42,1,2025,845
24,Västerbotten,OG,42,2,2025,632
24,Västerbotten,OG,43,1,2025,866
24,Västerbotten,OG,43,2,2025,614
24,Västerbotten,OG,44,1,2025,825
24,Västerbotten,OG,44,2,2025,631
24,Västerbotten,OG,45,1,2025,743
24,Västerbotten,OG,45,2,2025,562
24,Västerbotten,OG,46,1,2025,719
24,Västerbotten,OG,46,2,2025,540
24,Västerbotten,OG,47,1,2025,663
24,Västerbotten,OG,47,2,2025,477
24,Västerbotten,OG,48,1,2025,666
24,Västerbotten,OG,48,2,2025,543
24,Västerbotten,OG,49,1,2025,654
24,Västerbotten,OG,49,2,2025,484
24,Västerbotten,OG,50,1,2025,656
24,Västerbotten,OG,50,2,2025,511
24,Västerbotten,OG,51,1,2025,658
24,Västerbotten,OG,51,2,2025,513
24,Västerbotten,OG,52,1,2025,622
24,Västerbotten,OG,52,2,2025,484
24,Västerbotten,OG,53,1,2025,592
24,Västerbotten,OG,53,2,2025,471
24,Västerbotten,OG,54,1,2025,549
24,Västerbotten,OG,54,2,2025,483
24,Västerbotten,OG,55,1,2025,547
24,Västerbotten,OG,55,2,2025,436
24,Västerbotten,OG,56,1,2025,531
24,Västerbotten,OG,56,2,2025,435
24,Västerbotten,OG,57,1,2025,560
24,Västerbotten,OG,57,2,2025,469
24,Västerbotten,OG,58,1,2025,570
24,Västerbotten,OG,58,2,2025,478
24,Västerbotten,OG,59,1,2025,609
24,Västerbotten,OG,59,2,2025,442
24,Västerbotten,OG,60,1,2025,558
24,Västerbotten,OG,60,2,2025,445
24,Västerbotten,OG,61,1,2025,525
24,Västerbotten,OG,61,2,2025,418
24,Västerbotten,OG,62,1,2025,531
24,Västerbotten,OG,62,2,2025,381
24,Västerbotten,OG,63,1,2025,441
24,Västerbotten,OG,63,2,2025,344
24,Västerbotten,OG,64,1,2025,448
24,Västerbotten,OG,64,2,2025,301
24,Västerbotten,OG,65,1,2025,436
24,Västerbotten,OG,65,2,2025,327
24,Västerbotten,OG,66,1,2025,450
24,Västerbotten,OG,66,2,2025,299
24,Västerbotten,OG,67,1,2025,399
24,Västerbotten,OG,67,2,2025,300
24,Västerbotten,OG,68,1,2025,377
24,Västerbotten,OG,68,2,2025,284
24,Västerbotten,OG,69,1,2025,361
24,Västerbotten,OG,69,2,2025,297
24,Västerbotten,OG,70,1,2025,362
24,Västerbotten,OG,70,2,2025,259
24,Västerbotten,OG,71,1,2025,288
24,Västerbotten,OG,71,2,2025,247
24,Västerbotten,OG,72,1,2025,317
24,Västerbotten,OG,72,2,2025,241
24,Västerbotten,OG,73,1,2025,266
24,Västerbotten,OG,73,2,2025,211
24,Västerbotten,OG,74,1,2025,223
24,Västerbotten,OG,74,2,2025,186
24,Västerbotten,OG,75,1,2025,253
24,Västerbotten,OG,75,2,2025,190
24,Västerbotten,OG,76,1,2025,240
24,Västerbotten,OG,76,2,2025,179
24,Västerbotten,OG,77,1,2025,228
24,Västerbotten,OG,77,2,2025,186
24,Västerbotten,OG,78,1,2025,186
24,Västerbotten,OG,78,2,2025,164
24,Västerbotten,OG,79,1,2025,186
24,Västerbotten,OG,79,2,2025,131
24,Västerbotten,OG,80,1,2025,167
24,Västerbotten,OG,80,2,2025,131
24,Västerbotten,OG,81,1,2025,132
24,Västerbotten,OG,81,2,2025,88
24,Västerbotten,OG,82,1,2025,121
24,Västerbotten,OG,82,2,2025,95
24,Västerbotten,OG,83,1,2025,89
24,Västerbotten,OG,83,2,2025,73
24,Västerbotten,OG,84,1,2025,59
24,Västerbotten,OG,84,2,2025,55
24,Västerbotten,OG,85,1,2025,58
24,Västerbotten,OG,85,2,2025,38
24,Västerbotten,OG,86,1,2025,46
24,Västerbotten,OG,86,2,2025,31
24,Västerbotten,OG,87,1,2025,32
24,Västerbotten,OG,87,2,2025,31
24,Västerbotten,OG,88,1,2025,29
24,Västerbotten,OG,88,2,2025,23
24,Västerbotten,OG,89,1,2025,19
24,Västerbotten,OG,89,2,2025,28
24,Västerbotten,OG,90,1,2025,12
24,Västerbotten,OG,90,2,2025,21
24,Västerbotten,OG,91,1,2025,15
24,Västerbotten,OG,91,2,2025,15
24,Västerbotten,OG,92,1,2025,8
24,Västerbotten,OG,92,2,2025,10
24,Västerbotten,OG,93,1,2025,3
24,Västerbotten,OG,93,2,2025,7
24,Västerbotten,OG,94,1,2025,5
24,Västerbotten,OG,94,2,2025,5
24,Västerbotten,OG,95,1,2025,0
24,Västerbotten,OG,95,2,2025,7
24,Västerbotten,OG,96,1,2025,0
24,Västerbotten,OG,96,2,2025,0
24,Västerbotten,OG,97,1,2025,0
24,Västerbotten,OG,97,2,2025,4
24,Västerbotten,OG,98,1,2025,0
24,Västerbotten,OG,98,2,2025,4
24,Västerbotten,OG,99,1,2025,0
24,Västerbotten,OG,99,2,2025,3
24,Västerbotten,OG,100+1,1,2025,3
24,Västerbotten,OG,100+1,2,2025,4
24,Västerbotten,G,0,1,2025,0
24,Västerbotten,G,0,2,2025,0
24,Västerbotten,G,1,1,2025,0
24,Västerbotten,G,1,2,2025,0
24,Västerbotten,G,2,1,2025,0
24,Västerbotten,G,2,2,2025,0
24,Västerbotten,G,3,1,2025,0
24,Västerbotten,G,3,2,2025,0
24,Västerbotten,G,4,1,2025,0
24,Västerbotten,G,4,2,2025,0
24,Västerbotten,G,5,1,2025,0
24,Västerbotten,G,5,2,2025,0
24,Västerbotten,G,6,1,2025,0
24,Västerbotten,G,6,2,2025,0
24,Västerbotten,G,7,1,2025,0
24,Västerbotten,G,7,2,2025,0
24,Västerbotten,G,8,1,2025,0
24,Västerbotten,G,8,2,2025,0
24,Västerbotten,G,9,1,2025,0
24,Västerbotten,G,9,2,2025,0
24,Västerbotten,G,10,1,2025,0
24,Västerbotten,G,10,2,2025,0
24,Västerbotten,G,11,1,2025,0
24,Västerbotten,G,11,2,2025,0
24,Västerbotten,G,12,1,2025,0
24,Västerbotten,G,12,2,2025,0
24,Västerbotten,G,13,1,2025,0
24,Västerbotten,G,13,2,2025,0
24,Västerbotten,G,14,1,2025,0
24,Västerbotten,G,14,2,2025,0
24,Västerbotten,G,15,1,2025,0
24,Västerbotten,G,15,2,2025,0
24,Västerbotten,G,16,1,2025,0
24,Västerbotten,G,16,2,2025,0
24,Västerbotten,G,17,1,2025,0
24,Västerbotten,G,17,2,2025,0
24,Västerbotten,G,18,1,2025,0
24,Västerbotten,G,18,2,2025,0
24,Västerbotten,G,19,1,2025,4
24,Västerbotten,G,19,2,2025,4
24,Västerbotten,G,20,1,2025,0
24,Västerbotten,G,20,2,2025,3
24,Västerbotten,G,21,1,2025,8
24,Västerbotten,G,21,2,2025,16
24,Västerbotten,G,22,1,2025,15
24,Västerbotten,G,22,2,2025,46
24,Västerbotten,G,23,1,2025,21
24,Västerbotten,G,23,2,2025,64
24,Västerbotten,G,24,1,2025,40
24,Västerbotten,G,24,2,2025,74
24,Västerbotten,G,25,1,2025,75
24,Västerbotten,G,25,2,2025,120
24,Västerbotten,G,26,1,2025,167
24,Västerbotten,G,26,2,2025,140
24,Västerbotten,G,27,1,2025,126
24,Västerbotten,G,27,2,2025,202
24,Västerbotten,G,28,1,2025,171
24,Västerbotten,G,28,2,2025,234
24,Västerbotten,G,29,1,2025,214
24,Västerbotten,G,29,2,2025,299
24,Västerbotten,G,30,1,2025,258
24,Västerbotten,G,30,2,2025,395
24,Västerbotten,G,31,1,2025,303
24,Västerbotten,G,31,2,2025,447
24,Västerbotten,G,32,1,2025,393
24,Västerbotten,G,32,2,2025,518
24,Västerbotten,G,33,1,2025,494
24,Västerbotten,G,33,2,2025,580
24,Västerbotten,G,34,1,2025,563
24,Västerbotten,G,34,2,2025,686
24,Västerbotten,G,35,1,2025,608
24,Västerbotten,G,35,2,2025,732
24,Västerbotten,G,36,1,2025,635
24,Västerbotten,G,36,2,2025,754
24,Västerbotten,G,37,1,2025,640
24,Västerbotten,G,37,2,2025,786
24,Västerbotten,G,38,1,2025,687
24,Västerbotten,G,38,2,2025,763
24,Västerbotten,G,39,1,2025,731
24,Västerbotten,G,39,2,2025,755
24,Västerbotten,G,40,1,2025,729
24,Västerbotten,G,40,2,2025,767
24,Västerbotten,G,41,1,2025,767
24,Västerbotten,G,41,2,2025,807
24,Västerbotten,G,42,1,2025,757
24,Västerbotten,G,42,2,2025,820
24,Västerbotten,G,43,1,2025,773
24,Västerbotten,G,43,2,2025,774
24,Västerbotten,G,44,1,2025,741
24,Västerbotten,G,44,2,2025,799
24,Västerbotten,G,45,1,2025,779
24,Västerbotten,G,45,2,2025,805
24,Västerbotten,G,46,1,2025,785
24,Västerbotten,G,46,2,2025,804
24,Västerbotten,G,47,1,2025,763
24,Västerbotten,G,47,2,2025,772
24,Västerbotten,G,48,1,2025,801
24,Västerbotten,G,48,2,2025,844
24,Västerbotten,G,49,1,2025,765
24,Västerbotten,G,49,2,2025,787
24,Västerbotten,G,50,1,2025,848
24,Västerbotten,G,50,2,2025,837
24,Västerbotten,G,51,1,2025,899
24,Västerbotten,G,51,2,2025,848
24,Västerbotten,G,52,1,2025,783
24,Västerbotten,G,52,2,2025,844
24,Västerbotten,G,53,1,2025,872
24,Västerbotten,G,53,2,2025,797
24,Västerbotten,G,54,1,2025,818
24,Västerbotten,G,54,2,2025,817
24,Västerbotten,G,55,1,2025,795
24,Västerbotten,G,55,2,2025,837
24,Västerbotten,G,56,1,2025,783
24,Västerbotten,G,56,2,2025,830
24,Västerbotten,G,57,1,2025,865
24,Västerbotten,G,57,2,2025,857
24,Västerbotten,G,58,1,2025,873
24,Västerbotten,G,58,2,2025,868
24,Västerbotten,G,59,1,2025,907
24,Västerbotten,G,59,2,2025,842
24,Västerbotten,G,60,1,2025,869
24,Västerbotten,G,60,2,2025,882
24,Västerbotten,G,61,1,2025,888
24,Västerbotten,G,61,2,2025,872
24,Västerbotten,G,62,1,2025,790
24,Västerbotten,G,62,2,2025,813
24,Västerbotten,G,63,1,2025,763
24,Västerbotten,G,63,2,2025,803
24,Västerbotten,G,64,1,2025,776
24,Västerbotten,G,64,2,2025,771
24,Västerbotten,G,65,1,2025,807
24,Västerbotten,G,65,2,2025,811
24,Västerbotten,G,66,1,2025,793
24,Västerbotten,G,66,2,2025,800
24,Västerbotten,G,67,1,2025,817
24,Västerbotten,G,67,2,2025,847
24,Västerbotten,G,68,1,2025,877
24,Västerbotten,G,68,2,2025,838
24,Västerbotten,G,69,1,2025,894
24,Västerbotten,G,69,2,2025,823
24,Västerbotten,G,70,1,2025,874
24,Västerbotten,G,70,2,2025,887
24,Västerbotten,G,71,1,2025,797
24,Västerbotten,G,71,2,2025,802
24,Västerbotten,G,72,1,2025,848
24,Västerbotten,G,72,2,2025,805
24,Västerbotten,G,73,1,2025,829
24,Västerbotten,G,73,2,2025,794
24,Västerbotten,G,74,1,2025,872
24,Västerbotten,G,74,2,2025,728
24,Västerbotten,G,75,1,2025,875
24,Västerbotten,G,75,2,2025,746
24,Västerbotten,G,76,1,2025,806
24,Västerbotten,G,76,2,2025,747
24,Västerbotten,G,77,1,2025,847
24,Västerbotten,G,77,2,2025,679
24,Västerbotten,G,78,1,2025,782
24,Västerbotten,G,78,2,2025,690
24,Västerbotten,G,79,1,2025,756
24,Västerbotten,G,79,2,2025,602
24,Västerbotten,G,80,1,2025,748
24,Västerbotten,G,80,2,2025,535
24,Västerbotten,G,81,1,2025,609
24,Västerbotten,G,81,2,2025,451
24,Västerbotten,G,82,1,2025,532
24,Västerbotten,G,82,2,2025,418
24,Västerbotten,G,83,1,2025,455
24,Västerbotten,G,83,2,2025,322
24,Västerbotten,G,84,1,2025,384
24,Västerbotten,G,84,2,2025,264
24,Västerbotten,G,85,1,2025,314
24,Västerbotten,G,85,2,2025,215
24,Västerbotten,G,86,1,2025,264
24,Västerbotten,G,86,2,2025,188
24,Västerbotten,G,87,1,2025,228
24,Västerbotten,G,87,2,2025,113
24,Västerbotten,G,88,1,2025,205
24,Västerbotten,G,88,2,2025,86
24,Västerbotten,G,89,1,2025,155
24,Västerbotten,G,89,2,2025,74
24,Västerbotten,G,90,1,2025,103
24,Västerbotten,G,90,2,2025,42
24,Västerbotten,G,91,1,2025,73
24,Västerbotten,G,91,2,2025,34
24,Västerbotten,G,92,1,2025,55
24,Västerbotten,G,92,2,2025,16
24,Västerbotten,G,93,1,2025,46
24,Västerbotten,G,93,2,2025,17
24,Västerbotten,G,94,1,2025,19
24,Västerbotten,G,94,2,2025,12
24,Västerbotten,G,95,1,2025,15
24,Västerbotten,G,95,2,2025,5
24,Västerbotten,G,96,1,2025,15
24,Västerbotten,G,96,2,2025,3
24,Västerbotten,G,97,1,2025,3
24,Västerbotten,G,97,2,2025,0
24,Västerbotten,G,98,1,2025,8
24,Västerbotten,G,98,2,2025,0
24,Västerbotten,G,99,1,2025,0
24,Västerbotten,G,99,2,2025,0
24,Västerbotten,G,100+1,1,2025,4
24,Västerbotten,G,100+1,2,2025,0
24,Västerbotten,ÄNKL,0,1,2025,0
24,Västerbotten,ÄNKL,0,2,2025,0
24,Västerbotten,ÄNKL,1,1,2025,0
24,Västerbotten,ÄNKL,1,2,2025,0
24,Västerbotten,ÄNKL,2,1,2025,0
24,Västerbotten,ÄNKL,2,2,2025,0
24,Västerbotten,ÄNKL,3,1,2025,0
24,Västerbotten,ÄNKL,3,2,2025,0
24,Västerbotten,ÄNKL,4,1,2025,0
24,Västerbotten,ÄNKL,4,2,2025,0
24,Västerbotten,ÄNKL,5,1,2025,0
24,Västerbotten,ÄNKL,5,2,2025,0
24,Västerbotten,ÄNKL,6,1,2025,0
24,Västerbotten,ÄNKL,6,2,2025,0
24,Västerbotten,ÄNKL,7,1,2025,0
24,Västerbotten,ÄNKL,7,2,2025,0
24,Västerbotten,ÄNKL,8,1,2025,0
24,Västerbotten,ÄNKL,8,2,2025,0
24,Västerbotten,ÄNKL,9,1,2025,0
24,Västerbotten,ÄNKL,9,2,2025,0
24,Västerbotten,ÄNKL,10,1,2025,0
24,Västerbotten,ÄNKL,10,2,2025,0
24,Västerbotten,ÄNKL,11,1,2025,0
24,Västerbotten,ÄNKL,11,2,2025,0
24,Västerbotten,ÄNKL,12,1,2025,0
24,Västerbotten,ÄNKL,12,2,2025,0
24,Västerbotten,ÄNKL,13,1,2025,0
24,Västerbotten,ÄNKL,13,2,2025,0
24,Västerbotten,ÄNKL,14,1,2025,0
24,Västerbotten,ÄNKL,14,2,2025,0
24,Västerbotten,ÄNKL,15,1,2025,0
24,Västerbotten,ÄNKL,15,2,2025,0
24,Västerbotten,ÄNKL,16,1,2025,0
24,Västerbotten,ÄNKL,16,2,2025,0
24,Västerbotten,ÄNKL,17,1,2025,0
24,Västerbotten,ÄNKL,17,2,2025,0
24,Västerbotten,ÄNKL,18,1,2025,0
24,Västerbotten,ÄNKL,18,2,2025,0
24,Västerbotten,ÄNKL,19,1,2025,0
24,Västerbotten,ÄNKL,19,2,2025,0
24,Västerbotten,ÄNKL,20,1,2025,0
24,Västerbotten,ÄNKL,20,2,2025,0
24,Västerbotten,ÄNKL,21,1,2025,0
24,Västerbotten,ÄNKL,21,2,2025,0
24,Västerbotten,ÄNKL,22,1,2025,0
24,Västerbotten,ÄNKL,22,2,2025,0
24,Västerbotten,ÄNKL,23,1,2025,0
24,Västerbotten,ÄNKL,23,2,2025,0
24,Västerbotten,ÄNKL,24,1,2025,0
24,Västerbotten,ÄNKL,24,2,2025,0
24,Västerbotten,ÄNKL,25,1,2025,0
24,Västerbotten,ÄNKL,25,2,2025,0
24,Västerbotten,ÄNKL,26,1,2025,0
24,Västerbotten,ÄNKL,26,2,2025,0
24,Västerbotten,ÄNKL,27,1,2025,0
24,Västerbotten,ÄNKL,27,2,2025,0
24,Västerbotten,ÄNKL,28,1,2025,0
24,Västerbotten,ÄNKL,28,2,2025,0
24,Västerbotten,ÄNKL,29,1,2025,0
24,Västerbotten,ÄNKL,29,2,2025,3
24,Västerbotten,ÄNKL,30,1,2025,0
24,Västerbotten,ÄNKL,30,2,2025,0
24,Västerbotten,ÄNKL,31,1,2025,3
24,Västerbotten,ÄNKL,31,2,2025,3
24,Västerbotten,ÄNKL,32,1,2025,0
24,Västerbotten,ÄNKL,32,2,2025,0
24,Västerbotten,ÄNKL,33,1,2025,0
24,Västerbotten,ÄNKL,33,2,2025,0
24,Västerbotten,ÄNKL,34,1,2025,0
24,Västerbotten,ÄNKL,34,2,2025,4
24,Västerbotten,ÄNKL,35,1,2025,0
24,Västerbotten,ÄNKL,35,2,2025,3
24,Västerbotten,ÄNKL,36,1,2025,0
24,Västerbotten,ÄNKL,36,2,2025,0
24,Västerbotten,ÄNKL,37,1,2025,0
24,Västerbotten,ÄNKL,37,2,2025,5
24,Västerbotten,ÄNKL,38,1,2025,0
24,Västerbotten,ÄNKL,38,2,2025,4
24,Västerbotten,ÄNKL,39,1,2025,0
24,Västerbotten,ÄNKL,39,2,2025,8
24,Västerbotten,ÄNKL,40,1,2025,0
24,Västerbotten,ÄNKL,40,2,2025,9
24,Västerbotten,ÄNKL,41,1,2025,3
24,Västerbotten,ÄNKL,41,2,2025,3
24,Västerbotten,ÄNKL,42,1,2025,3
24,Västerbotten,ÄNKL,42,2,2025,4
24,Västerbotten,ÄNKL,43,1,2025,0
24,Västerbotten,ÄNKL,43,2,2025,11
24,Västerbotten,ÄNKL,44,1,2025,4
24,Västerbotten,ÄNKL,44,2,2025,12
24,Västerbotten,ÄNKL,45,1,2025,3
24,Västerbotten,ÄNKL,45,2,2025,10
24,Västerbotten,ÄNKL,46,1,2025,4
24,Västerbotten,ÄNKL,46,2,2025,11
24,Västerbotten,ÄNKL,47,1,2025,9
24,Västerbotten,ÄNKL,47,2,2025,10
24,Västerbotten,ÄNKL,48,1,2025,5
24,Västerbotten,ÄNKL,48,2,2025,20
24,Västerbotten,ÄNKL,49,1,2025,4
24,Västerbotten,ÄNKL,49,2,2025,15
24,Västerbotten,ÄNKL,50,1,2025,12
24,Västerbotten,ÄNKL,50,2,2025,21
24,Västerbotten,ÄNKL,51,1,2025,5
24,Västerbotten,ÄNKL,51,2,2025,22
24,Västerbotten,ÄNKL,52,1,2025,6
24,Västerbotten,ÄNKL,52,2,2025,27
24,Västerbotten,ÄNKL,53,1,2025,4
24,Västerbotten,ÄNKL,53,2,2025,22
24,Västerbotten,ÄNKL,54,1,2025,6
24,Västerbotten,ÄNKL,54,2,2025,27
24,Västerbotten,ÄNKL,55,1,2025,12
24,Västerbotten,ÄNKL,55,2,2025,19
24,Västerbotten,ÄNKL,56,1,2025,15
24,Västerbotten,ÄNKL,56,2,2025,41
24,Västerbotten,ÄNKL,57,1,2025,9
24,Västerbotten,ÄNKL,57,2,2025,30
24,Västerbotten,ÄNKL,58,1,2025,17
24,Västerbotten,ÄNKL,58,2,2025,23
24,Västerbotten,ÄNKL,59,1,2025,19
24,Västerbotten,ÄNKL,59,2,2025,38
24,Västerbotten,ÄNKL,60,1,2025,16
24,Västerbotten,ÄNKL,60,2,2025,63
24,Västerbotten,ÄNKL,61,1,2025,16
24,Västerbotten,ÄNKL,61,2,2025,44
24,Västerbotten,ÄNKL,62,1,2025,28
24,Västerbotten,ÄNKL,62,2,2025,49
24,Västerbotten,ÄNKL,63,1,2025,21
24,Västerbotten,ÄNKL,63,2,2025,65
24,Västerbotten,ÄNKL,64,1,2025,16
24,Västerbotten,ÄNKL,64,2,2025,67
24,Västerbotten,ÄNKL,65,1,2025,23
24,Västerbotten,ÄNKL,65,2,2025,82
24,Västerbotten,ÄNKL,66,1,2025,29
24,Västerbotten,ÄNKL,66,2,2025,94
24,Västerbotten,ÄNKL,67,1,2025,36
24,Västerbotten,ÄNKL,67,2,2025,95
24,Västerbotten,ÄNKL,68,1,2025,48
24,Västerbotten,ÄNKL,68,2,2025,105
24,Västerbotten,ÄNKL,69,1,2025,48
24,Västerbotten,ÄNKL,69,2,2025,130
24,Västerbotten,ÄNKL,70,1,2025,57
24,Västerbotten,ÄNKL,70,2,2025,139
24,Västerbotten,ÄNKL,71,1,2025,51
24,Västerbotten,ÄNKL,71,2,2025,152
24,Västerbotten,ÄNKL,72,1,2025,57
24,Västerbotten,ÄNKL,72,2,2025,185
24,Västerbotten,ÄNKL,73,1,2025,75
24,Västerbotten,ÄNKL,73,2,2025,189
24,Västerbotten,ÄNKL,74,1,2025,69
24,Västerbotten,ÄNKL,74,2,2025,213
24,Västerbotten,ÄNKL,75,1,2025,91
24,Västerbotten,ÄNKL,75,2,2025,226
24,Västerbotten,ÄNKL,76,1,2025,89
24,Västerbotten,ÄNKL,76,2,2025,288
24,Västerbotten,ÄNKL,77,1,2025,121
24,Västerbotten,ÄNKL,77,2,2025,302
24,Västerbotten,ÄNKL,78,1,2025,124
24,Västerbotten,ÄNKL,78,2,2025,321
24,Västerbotten,ÄNKL,79,1,2025,156
24,Västerbotten,ÄNKL,79,2,2025,351
24,Västerbotten,ÄNKL,80,1,2025,151
24,Västerbotten,ÄNKL,80,2,2025,385
24,Västerbotten,ÄNKL,81,1,2025,134
24,Västerbotten,ÄNKL,81,2,2025,391
24,Västerbotten,ÄNKL,82,1,2025,156
24,Västerbotten,ÄNKL,82,2,2025,412
24,Västerbotten,ÄNKL,83,1,2025,153
24,Västerbotten,ÄNKL,83,2,2025,411
24,Västerbotten,ÄNKL,84,1,2025,136
24,Västerbotten,ÄNKL,84,2,2025,363
24,Västerbotten,ÄNKL,85,1,2025,119
24,Västerbotten,ÄNKL,85,2,2025,413
24,Västerbotten,ÄNKL,86,1,2025,148
24,Västerbotten,ÄNKL,86,2,2025,418
24,Västerbotten,ÄNKL,87,1,2025,143
24,Västerbotten,ÄNKL,87,2,2025,409
24,Västerbotten,ÄNKL,88,1,2025,95
24,Västerbotten,ÄNKL,88,2,2025,324
24,Västerbotten,ÄNKL,89,1,2025,111
24,Västerbotten,ÄNKL,89,2,2025,322
24,Västerbotten,ÄNKL,90,1,2025,85
24,Västerbotten,ÄNKL,90,2,2025,274
24,Västerbotten,ÄNKL,91,1,2025,81
24,Västerbotten,ÄNKL,91,2,2025,240
24,Västerbotten,ÄNKL,92,1,2025,63
24,Västerbotten,ÄNKL,92,2,2025,208
24,Västerbotten,ÄNKL,93,1,2025,50
24,Västerbotten,ÄNKL,93,2,2025,194
24,Västerbotten,ÄNKL,94,1,2025,45
24,Västerbotten,ÄNKL,94,2,2025,150
24,Västerbotten,ÄNKL,95,1,2025,28
24,Västerbotten,ÄNKL,95,2,2025,108
24,Västerbotten,ÄNKL,96,1,2025,19
24,Västerbotten,ÄNKL,96,2,2025,89
24,Västerbotten,ÄNKL,97,1,2025,14
24,Västerbotten,ÄNKL,97,2,2025,57
24,Västerbotten,ÄNKL,98,1,2025,13
24,Västerbotten,ÄNKL,98,2,2025,52
24,Västerbotten,ÄNKL,99,1,2025,4
24,Västerbotten,ÄNKL,99,2,2025,29
24,Västerbotten,ÄNKL,100+1,1,2025,11
24,Västerbotten,ÄNKL,100+1,2,2025,43
24,Västerbotten,SK,0,1,2025,0
24,Västerbotten,SK,0,2,2025,0
24,Västerbotten,SK,1,1,2025,0
24,Västerbotten,SK,1,2,2025,0
24,Västerbotten,SK,2,1,2025,0
24,Västerbotten,SK,2,2,2025,0
24,Västerbotten,SK,3,1,2025,0
24,Västerbotten,SK,3,2,2025,0
24,Västerbotten,SK,4,1,2025,0
24,Västerbotten,SK,4,2,2025,0
24,Västerbotten,SK,5,1,2025,0
24,Västerbotten,SK,5,2,2025,0
24,Västerbotten,SK,6,1,2025,0
24,Västerbotten,SK,6,2,2025,0
24,Västerbotten,SK,7,1,2025,0
24,Västerbotten,SK,7,2,2025,0
24,Västerbotten,SK,8,1,2025,0
24,Västerbotten,SK,8,2,2025,0
24,Västerbotten,SK,9,1,2025,0
24,Västerbotten,SK,9,2,2025,0
24,Västerbotten,SK,10,1,2025,0
24,Västerbotten,SK,10,2,2025,0
24,Västerbotten,SK,11,1,2025,0
24,Västerbotten,SK,11,2,2025,0
24,Västerbotten,SK,12,1,2025,0
24,Västerbotten,SK,12,2,2025,0
24,Västerbotten,SK,13,1,2025,0
24,Västerbotten,SK,13,2,2025,0
24,Västerbotten,SK,14,1,2025,0
24,Västerbotten,SK,14,2,2025,0
24,Västerbotten,SK,15,1,2025,0
24,Västerbotten,SK,15,2,2025,0
24,Västerbotten,SK,16,1,2025,0
24,Västerbotten,SK,16,2,2025,0
24,Västerbotten,SK,17,1,2025,0
24,Västerbotten,SK,17,2,2025,0
24,Västerbotten,SK,18,1,2025,0
24,Västerbotten,SK,18,2,2025,0
24,Västerbotten,SK,19,1,2025,0
24,Västerbotten,SK,19,2,2025,3
24,Västerbotten,SK,20,1,2025,0
24,Västerbotten,SK,20,2,2025,0
24,Västerbotten,SK,21,1,2025,0
24,Västerbotten,SK,21,2,2025,0
24,Västerbotten,SK,22,1,2025,3
24,Västerbotten,SK,22,2,2025,3
24,Västerbotten,SK,23,1,2025,0
24,Västerbotten,SK,23,2,2025,5
24,Västerbotten,SK,24,1,2025,0
24,Västerbotten,SK,24,2,2025,8
24,Västerbotten,SK,25,1,2025,7
24,Västerbotten,SK,25,2,2025,7
24,Västerbotten,SK,26,1,2025,5
24,Västerbotten,SK,26,2,2025,11
24,Västerbotten,SK,27,1,2025,4
24,Västerbotten,SK,27,2,2025,14
24,Västerbotten,SK,28,1,2025,10
24,Västerbotten,SK,28,2,2025,19
24,Västerbotten,SK,29,1,2025,19
24,Västerbotten,SK,29,2,2025,19
24,Västerbotten,SK,30,1,2025,8
24,Västerbotten,SK,30,2,2025,29
24,Västerbotten,SK,31,1,2025,22
24,Västerbotten,SK,31,2,2025,52
24,Västerbotten,SK,32,1,2025,24
24,Västerbotten,SK,32,2,2025,52
24,Västerbotten,SK,33,1,2025,37
24,Västerbotten,SK,33,2,2025,58
24,Västerbotten,SK,34,1,2025,50
24,Västerbotten,SK,34,2,2025,89
24,Västerbotten,SK,35,1,2025,80
24,Västerbotten,SK,35,2,2025,119
24,Västerbotten,SK,36,1,2025,103
24,Västerbotten,SK,36,2,2025,107
24,Västerbotten,SK,37,1,2025,84
24,Västerbotten,SK,37,2,2025,121
24,Västerbotten,SK,38,1,2025,99
24,Västerbotten,SK,38,2,2025,143
24,Västerbotten,SK,39,1,2025,107
24,Västerbotten,SK,39,2,2025,129
24,Västerbotten,SK,40,1,2025,98
24,Västerbotten,SK,40,2,2025,162
24,Västerbotten,SK,41,1,2025,128
24,Västerbotten,SK,41,2,2025,173
24,Västerbotten,SK,42,1,2025,120
24,Västerbotten,SK,42,2,2025,188
24,Västerbotten,SK,43,1,2025,130
24,Västerbotten,SK,43,2,2025,178
24,Västerbotten,SK,44,1,2025,137
24,Västerbotten,SK,44,2,2025,182
24,Västerbotten,SK,45,1,2025,189
24,Västerbotten,SK,45,2,2025,232
24,Västerbotten,SK,46,1,2025,169
24,Västerbotten,SK,46,2,2025,206
24,Västerbotten,SK,47,1,2025,175
24,Västerbotten,SK,47,2,2025,206
24,Västerbotten,SK,48,1,2025,149
24,Västerbotten,SK,48,2,2025,200
24,Västerbotten,SK,49,1,2025,189
24,Västerbotten,SK,49,2,2025,192
24,Västerbotten,SK,50,1,2025,173
24,Västerbotten,SK,50,2,2025,207
24,Västerbotten,SK,51,1,2025,166
24,Västerbotten,SK,51,2,2025,239
24,Västerbotten,SK,52,1,2025,183
24,Västerbotten,SK,52,2,2025,230
24,Västerbotten,SK,53,1,2025,218
24,Västerbotten,SK,53,2,2025,272
24,Västerbotten,SK,54,1,2025,222
24,Västerbotten,SK,54,2,2025,229
24,Västerbotten,SK,55,1,2025,221
24,Västerbotten,SK,55,2,2025,259
24,Västerbotten,SK,56,1,2025,223
24,Västerbotten,SK,56,2,2025,250
24,Västerbotten,SK,57,1,2025,211
24,Västerbotten,SK,57,2,2025,274
24,Västerbotten,SK,58,1,2025,254
24,Västerbotten,SK,58,2,2025,283
24,Västerbotten,SK,59,1,2025,251
24,Västerbotten,SK,59,2,2025,285
24,Västerbotten,SK,60,1,2025,234
24,Västerbotten,SK,60,2,2025,311
24,Västerbotten,SK,61,1,2025,233
24,Västerbotten,SK,61,2,2025,290
24,Västerbotten,SK,62,1,2025,250
24,Västerbotten,SK,62,2,2025,265
24,Västerbotten,SK,63,1,2025,237
24,Västerbotten,SK,63,2,2025,266
24,Västerbotten,SK,64,1,2025,236
24,Västerbotten,SK,64,2,2025,306
24,Västerbotten,SK,65,1,2025,234
24,Västerbotten,SK,65,2,2025,282
24,Västerbotten,SK,66,1,2025,260
24,Västerbotten,SK,66,2,2025,312
24,Västerbotten,SK,67,1,2025,262
24,Västerbotten,SK,67,2,2025,290
24,Västerbotten,SK,68,1,2025,237
24,Västerbotten,SK,68,2,2025,284
24,Västerbotten,SK,69,1,2025,274
24,Västerbotten,SK,69,2,2025,274
24,Västerbotten,SK,70,1,2025,236
24,Västerbotten,SK,70,2,2025,275
24,Västerbotten,SK,71,1,2025,220
24,Västerbotten,SK,71,2,2025,264
24,Västerbotten,SK,72,1,2025,236
24,Västerbotten,SK,72,2,2025,249
24,Västerbotten,SK,73,1,2025,231
24,Västerbotten,SK,73,2,2025,237
24,Västerbotten,SK,74,1,2025,222
24,Västerbotten,SK,74,2,2025,237
24,Västerbotten,SK,75,1,2025,206
24,Västerbotten,SK,75,2,2025,235
24,Västerbotten,SK,76,1,2025,195
24,Västerbotten,SK,76,2,2025,275
24,Västerbotten,SK,77,1,2025,207
24,Västerbotten,SK,77,2,2025,238
24,Västerbotten,SK,78,1,2025,197
24,Västerbotten,SK,78,2,2025,207
24,Västerbotten,SK,79,1,2025,237
24,Västerbotten,SK,79,2,2025,233
24,Västerbotten,SK,80,1,2025,168
24,Västerbotten,SK,80,2,2025,235
24,Västerbotten,SK,81,1,2025,146
24,Västerbotten,SK,81,2,2025,211
24,Västerbotten,SK,82,1,2025,123
24,Västerbotten,SK,82,2,2025,186
24,Västerbotten,SK,83,1,2025,104
24,Västerbotten,SK,83,2,2025,179
24,Västerbotten,SK,84,1,2025,97
24,Västerbotten,SK,84,2,2025,131
24,Västerbotten,SK,85,1,2025,84
24,Västerbotten,SK,85,2,2025,100
24,Västerbotten,SK,86,1,2025,53
24,Västerbotten,SK,86,2,2025,97
24,Västerbotten,SK,87,1,2025,49
24,Västerbotten,SK,87,2,2025,79
24,Västerbotten,SK,88,1,2025,45
24,Västerbotten,SK,88,2,2025,72
24,Västerbotten,SK,89,1,2025,30
24,Västerbotten,SK,89,2,2025,62
24,Västerbotten,SK,90,1,2025,17
24,Västerbotten,SK,90,2,2025,50
24,Västerbotten,SK,91,1,2025,18
24,Västerbotten,SK,91,2,2025,44
24,Västerbotten,SK,92,1,2025,18
24,Västerbotten,SK,92,2,2025,16
24,Västerbotten,SK,93,1,2025,3
24,Västerbotten,SK,93,2,2025,19
24,Västerbotten,SK,94,1,2025,7
24,Västerbotten,SK,94,2,2025,14
24,Västerbotten,SK,95,1,2025,3
24,Västerbotten,SK,95,2,2025,15
24,Västerbotten,SK,96,1,2025,3
24,Västerbotten,SK,96,2,2025,5
24,Västerbotten,SK,97,1,2025,4
24,Västerbotten,SK,97,2,2025,3
24,Västerbotten,SK,98,1,2025,0
24,Västerbotten,SK,98,2,2025,0
24,Västerbotten,SK,99,1,2025,0
24,Västerbotten,SK,99,2,2025,4
24,Västerbotten,SK,100+1,1,2025,3
24,Västerbotten,SK,100+1,2,2025,0
25,Norrbotten,OG,0,1,2025,1035
25,Norrbotten,OG,0,2,2025,934
25,Norrbotten,OG,1,1,2025,1076
25,Norrbotten,OG,1,2,2025,939
25,Norrbotten,OG,2,1,2025,1119
25,Norrbotten,OG,2,2,2025,995
25,Norrbotten,OG,3,1,2025,1147
25,Norrbotten,OG,3,2,2025,1047
25,Norrbotten,OG,4,1,2025,1327
25,Norrbotten,OG,4,2,2025,1204
25,Norrbotten,OG,5,1,2025,1246
25,Norrbotten,OG,5,2,2025,1220
25,Norrbotten,OG,6,1,2025,1339
25,Norrbotten,OG,6,2,2025,1233
25,Norrbotten,OG,7,1,2025,1192
25,Norrbotten,OG,7,2,2025,1236
25,Norrbotten,OG,8,1,2025,1295
25,Norrbotten,OG,8,2,2025,1257
25,Norrbotten,OG,9,1,2025,1357
25,Norrbotten,OG,9,2,2025,1268
25,Norrbotten,OG,10,1,2025,1392
25,Norrbotten,OG,10,2,2025,1273
25,Norrbotten,OG,11,1,2025,1358
25,Norrbotten,OG,11,2,2025,1327
25,Norrbotten,OG,12,1,2025,1361
25,Norrbotten,OG,12,2,2025,1288
25,Norrbotten,OG,13,1,2025,1312
25,Norrbotten,OG,13,2,2025,1247
25,Norrbotten,OG,14,1,2025,1396
25,Norrbotten,OG,14,2,2025,1318
25,Norrbotten,OG,15,1,2025,1349
25,Norrbotten,OG,15,2,2025,1295
25,Norrbotten,OG,16,1,2025,1370
25,Norrbotten,OG,16,2,2025,1289
25,Norrbotten,OG,17,1,2025,1408
25,Norrbotten,OG,17,2,2025,1265
25,Norrbotten,OG,18,1,2025,1388
25,Norrbotten,OG,18,2,2025,1197
25,Norrbotten,OG,19,1,2025,1474
25,Norrbotten,OG,19,2,2025,1265
25,Norrbotten,OG,20,1,2025,1490
25,Norrbotten,OG,20,2,2025,1248
25,Norrbotten,OG,21,1,2025,1550
25,Norrbotten,OG,21,2,2025,1224
25,Norrbotten,OG,22,1,2025,1478
25,Norrbotten,OG,22,2,2025,1197
25,Norrbotten,OG,23,1,2025,1513
25,Norrbotten,OG,23,2,2025,1093
25,Norrbotten,OG,24,1,2025,1547
25,Norrbotten,OG,24,2,2025,1147
25,Norrbotten,OG,25,1,2025,1550
25,Norrbotten,OG,25,2,2025,1131
25,Norrbotten,OG,26,1,2025,1635
25,Norrbotten,OG,26,2,2025,1063
25,Norrbotten,OG,27,1,2025,1452
25,Norrbotten,OG,27,2,2025,957
25,Norrbotten,OG,28,1,2025,1306
25,Norrbotten,OG,28,2,2025,968
25,Norrbotten,OG,29,1,2025,1371
25,Norrbotten,OG,29,2,2025,941
25,Norrbotten,OG,30,1,2025,1291
25,Norrbotten,OG,30,2,2025,1032
25,Norrbotten,OG,31,1,2025,1419
25,Norrbotten,OG,31,2,2025,1040
25,Norrbotten,OG,32,1,2025,1391
25,Norrbotten,OG,32,2,2025,1042
25,Norrbotten,OG,33,1,2025,1396
25,Norrbotten,OG,33,2,2025,1033
25,Norrbotten,OG,34,1,2025,1442
25,Norrbotten,OG,34,2,2025,1002
25,Norrbotten,OG,35,1,2025,1407
25,Norrbotten,OG,35,2,2025,951
25,Norrbotten,OG,36,1,2025,1245
25,Norrbotten,OG,36,2,2025,928
25,Norrbotten,OG,37,1,2025,1176
25,Norrbotten,OG,37,2,2025,794
25,Norrbotten,OG,38,1,2025,1026
25,Norrbotten,OG,38,2,2025,742
25,Norrbotten,OG,39,1,2025,941
25,Norrbotten,OG,39,2,2025,662
25,Norrbotten,OG,40,1,2025,897
25,Norrbotten,OG,40,2,2025,586
25,Norrbotten,OG,41,1,2025,775
25,Norrbotten,OG,41,2,2025,581
25,Norrbotten,OG,42,1,2025,768
25,Norrbotten,OG,42,2,2025,523
25,Norrbotten,OG,43,1,2025,747
25,Norrbotten,OG,43,2,2025,507
25,Norrbotten,OG,44,1,2025,651
25,Norrbotten,OG,44,2,2025,495
25,Norrbotten,OG,45,1,2025,697
25,Norrbotten,OG,45,2,2025,485
25,Norrbotten,OG,46,1,2025,595
25,Norrbotten,OG,46,2,2025,448
25,Norrbotten,OG,47,1,2025,602
25,Norrbotten,OG,47,2,2025,412
25,Norrbotten,OG,48,1,2025,523
25,Norrbotten,OG,48,2,2025,460
25,Norrbotten,OG,49,1,2025,551
25,Norrbotten,OG,49,2,2025,447
25,Norrbotten,OG,50,1,2025,617
25,Norrbotten,OG,50,2,2025,475
25,Norrbotten,OG,51,1,2025,632
25,Norrbotten,OG,51,2,2025,497
25,Norrbotten,OG,52,1,2025,580
25,Norrbotten,OG,52,2,2025,496
25,Norrbotten,OG,53,1,2025,637
25,Norrbotten,OG,53,2,2025,478
25,Norrbotten,OG,54,1,2025,590
25,Norrbotten,OG,54,2,2025,477
25,Norrbotten,OG,55,1,2025,613
25,Norrbotten,OG,55,2,2025,487
25,Norrbotten,OG,56,1,2025,591
25,Norrbotten,OG,56,2,2025,453
25,Norrbotten,OG,57,1,2025,616
25,Norrbotten,OG,57,2,2025,488
25,Norrbotten,OG,58,1,2025,622
25,Norrbotten,OG,58,2,2025,536
25,Norrbotten,OG,59,1,2025,642
25,Norrbotten,OG,59,2,2025,466
25,Norrbotten,OG,60,1,2025,646
25,Norrbotten,OG,60,2,2025,484
25,Norrbotten,OG,61,1,2025,586
25,Norrbotten,OG,61,2,2025,445
25,Norrbotten,OG,62,1,2025,558
25,Norrbotten,OG,62,2,2025,402
25,Norrbotten,OG,63,1,2025,544
25,Norrbotten,OG,63,2,2025,397
25,Norrbotten,OG,64,1,2025,510
25,Norrbotten,OG,64,2,2025,370
25,Norrbotten,OG,65,1,2025,461
25,Norrbotten,OG,65,2,2025,350
25,Norrbotten,OG,66,1,2025,476
25,Norrbotten,OG,66,2,2025,354
25,Norrbotten,OG,67,1,2025,451
25,Norrbotten,OG,67,2,2025,308
25,Norrbotten,OG,68,1,2025,433
25,Norrbotten,OG,68,2,2025,320
25,Norrbotten,OG,69,1,2025,383
25,Norrbotten,OG,69,2,2025,315
25,Norrbotten,OG,70,1,2025,398
25,Norrbotten,OG,70,2,2025,270
25,Norrbotten,OG,71,1,2025,397
25,Norrbotten,OG,71,2,2025,263
25,Norrbotten,OG,72,1,2025,386
25,Norrbotten,OG,72,2,2025,248
25,Norrbotten,OG,73,1,2025,298
25,Norrbotten,OG,73,2,2025,244
25,Norrbotten,OG,74,1,2025,316
25,Norrbotten,OG,74,2,2025,223
25,Norrbotten,OG,75,1,2025,301
25,Norrbotten,OG,75,2,2025,191
25,Norrbotten,OG,76,1,2025,240
25,Norrbotten,OG,76,2,2025,216
25,Norrbotten,OG,77,1,2025,243
25,Norrbotten,OG,77,2,2025,169
25,Norrbotten,OG,78,1,2025,232
25,Norrbotten,OG,78,2,2025,166
25,Norrbotten,OG,79,1,2025,218
25,Norrbotten,OG,79,2,2025,126
25,Norrbotten,OG,80,1,2025,173
25,Norrbotten,OG,80,2,2025,121
25,Norrbotten,OG,81,1,2025,149
25,Norrbotten,OG,81,2,2025,92
25,Norrbotten,OG,82,1,2025,129
25,Norrbotten,OG,82,2,2025,88
25,Norrbotten,OG,83,1,2025,111
25,Norrbotten,OG,83,2,2025,49
25,Norrbotten,OG,84,1,2025,73
25,Norrbotten,OG,84,2,2025,52
25,Norrbotten,OG,85,1,2025,69
25,Norrbotten,OG,85,2,2025,48
25,Norrbotten,OG,86,1,2025,49
25,Norrbotten,OG,86,2,2025,50
25,Norrbotten,OG,87,1,2025,31
25,Norrbotten,OG,87,2,2025,50
25,Norrbotten,OG,88,1,2025,31
25,Norrbotten,OG,88,2,2025,25
25,Norrbotten,OG,89,1,2025,28
25,Norrbotten,OG,89,2,2025,32
25,Norrbotten,OG,90,1,2025,19
25,Norrbotten,OG,90,2,2025,20
25,Norrbotten,OG,91,1,2025,15
25,Norrbotten,OG,91,2,2025,17
25,Norrbotten,OG,92,1,2025,10
25,Norrbotten,OG,92,2,2025,7
25,Norrbotten,OG,93,1,2025,4
25,Norrbotten,OG,93,2,2025,14
25,Norrbotten,OG,94,1,2025,3
25,Norrbotten,OG,94,2,2025,3
25,Norrbotten,OG,95,1,2025,5
25,Norrbotten,OG,95,2,2025,4
25,Norrbotten,OG,96,1,2025,3
25,Norrbotten,OG,96,2,2025,3
25,Norrbotten,OG,97,1,2025,0
25,Norrbotten,OG,97,2,2025,0
25,Norrbotten,OG,98,1,2025,0
25,Norrbotten,OG,98,2,2025,0
25,Norrbotten,OG,99,1,2025,0
25,Norrbotten,OG,99,2,2025,0
25,Norrbotten,OG,100+1,1,2025,0
25,Norrbotten,OG,100+1,2,2025,3
25,Norrbotten,G,0,1,2025,0
25,Norrbotten,G,0,2,2025,0
25,Norrbotten,G,1,1,2025,0
25,Norrbotten,G,1,2,2025,0
25,Norrbotten,G,2,1,2025,0
25,Norrbotten,G,2,2,2025,0
25,Norrbotten,G,3,1,2025,0
25,Norrbotten,G,3,2,2025,0
25,Norrbotten,G,4,1,2025,0
25,Norrbotten,G,4,2,2025,0
25,Norrbotten,G,5,1,2025,0
25,Norrbotten,G,5,2,2025,0
25,Norrbotten,G,6,1,2025,0
25,Norrbotten,G,6,2,2025,0
25,Norrbotten,G,7,1,2025,0
25,Norrbotten,G,7,2,2025,0
25,Norrbotten,G,8,1,2025,0
25,Norrbotten,G,8,2,2025,0
25,Norrbotten,G,9,1,2025,0
25,Norrbotten,G,9,2,2025,0
25,Norrbotten,G,10,1,2025,0
25,Norrbotten,G,10,2,2025,0
25,Norrbotten,G,11,1,2025,0
25,Norrbotten,G,11,2,2025,0
25,Norrbotten,G,12,1,2025,0
25,Norrbotten,G,12,2,2025,0
25,Norrbotten,G,13,1,2025,0
25,Norrbotten,G,13,2,2025,0
25,Norrbotten,G,14,1,2025,0
25,Norrbotten,G,14,2,2025,0
25,Norrbotten,G,15,1,2025,0
25,Norrbotten,G,15,2,2025,0
25,Norrbotten,G,16,1,2025,0
25,Norrbotten,G,16,2,2025,0
25,Norrbotten,G,17,1,2025,0
25,Norrbotten,G,17,2,2025,0
25,Norrbotten,G,18,1,2025,0
25,Norrbotten,G,18,2,2025,3
25,Norrbotten,G,19,1,2025,0
25,Norrbotten,G,19,2,2025,4
25,Norrbotten,G,20,1,2025,8
25,Norrbotten,G,20,2,2025,8
25,Norrbotten,G,21,1,2025,13
25,Norrbotten,G,21,2,2025,26
25,Norrbotten,G,22,1,2025,21
25,Norrbotten,G,22,2,2025,54
25,Norrbotten,G,23,1,2025,18
25,Norrbotten,G,23,2,2025,59
25,Norrbotten,G,24,1,2025,33
25,Norrbotten,G,24,2,2025,88
25,Norrbotten,G,25,1,2025,75
25,Norrbotten,G,25,2,2025,96
25,Norrbotten,G,26,1,2025,140
25,Norrbotten,G,26,2,2025,130
25,Norrbotten,G,27,1,2025,117
25,Norrbotten,G,27,2,2025,161
25,Norrbotten,G,28,1,2025,146
25,Norrbotten,G,28,2,2025,219
25,Norrbotten,G,29,1,2025,183
25,Norrbotten,G,29,2,2025,230
25,Norrbotten,G,30,1,2025,208
25,Norrbotten,G,30,2,2025,311
25,Norrbotten,G,31,1,2025,296
25,Norrbotten,G,31,2,2025,405
25,Norrbotten,G,32,1,2025,328
25,Norrbotten,G,32,2,2025,407
25,Norrbotten,G,33,1,2025,413
25,Norrbotten,G,33,2,2025,521
25,Norrbotten,G,34,1,2025,425
25,Norrbotten,G,34,2,2025,538
25,Norrbotten,G,35,1,2025,471
25,Norrbotten,G,35,2,2025,526
25,Norrbotten,G,36,1,2025,514
25,Norrbotten,G,36,2,2025,568
25,Norrbotten,G,37,1,2025,554
25,Norrbotten,G,37,2,2025,669
25,Norrbotten,G,38,1,2025,569
25,Norrbotten,G,38,2,2025,632
25,Norrbotten,G,39,1,2025,547
25,Norrbotten,G,39,2,2025,662
25,Norrbotten,G,40,1,2025,551
25,Norrbotten,G,40,2,2025,604
25,Norrbotten,G,41,1,2025,573
25,Norrbotten,G,41,2,2025,616
25,Norrbotten,G,42,1,2025,604
25,Norrbotten,G,42,2,2025,586
25,Norrbotten,G,43,1,2025,575
25,Norrbotten,G,43,2,2025,587
25,Norrbotten,G,44,1,2025,644
25,Norrbotten,G,44,2,2025,628
25,Norrbotten,G,45,1,2025,621
25,Norrbotten,G,45,2,2025,646
25,Norrbotten,G,46,1,2025,604
25,Norrbotten,G,46,2,2025,653
25,Norrbotten,G,47,1,2025,622
25,Norrbotten,G,47,2,2025,599
25,Norrbotten,G,48,1,2025,597
25,Norrbotten,G,48,2,2025,620
25,Norrbotten,G,49,1,2025,655
25,Norrbotten,G,49,2,2025,629
25,Norrbotten,G,50,1,2025,679
25,Norrbotten,G,50,2,2025,689
25,Norrbotten,G,51,1,2025,663
25,Norrbotten,G,51,2,2025,718
25,Norrbotten,G,52,1,2025,671
25,Norrbotten,G,52,2,2025,755
25,Norrbotten,G,53,1,2025,721
25,Norrbotten,G,53,2,2025,766
25,Norrbotten,G,54,1,2025,761
25,Norrbotten,G,54,2,2025,743
25,Norrbotten,G,55,1,2025,814
25,Norrbotten,G,55,2,2025,743
25,Norrbotten,G,56,1,2025,749
25,Norrbotten,G,56,2,2025,739
25,Norrbotten,G,57,1,2025,758
25,Norrbotten,G,57,2,2025,784
25,Norrbotten,G,58,1,2025,874
25,Norrbotten,G,58,2,2025,808
25,Norrbotten,G,59,1,2025,813
25,Norrbotten,G,59,2,2025,838
25,Norrbotten,G,60,1,2025,846
25,Norrbotten,G,60,2,2025,828
25,Norrbotten,G,61,1,2025,824
25,Norrbotten,G,61,2,2025,835
25,Norrbotten,G,62,1,2025,781
25,Norrbotten,G,62,2,2025,784
25,Norrbotten,G,63,1,2025,752
25,Norrbotten,G,63,2,2025,741
25,Norrbotten,G,64,1,2025,780
25,Norrbotten,G,64,2,2025,744
25,Norrbotten,G,65,1,2025,750
25,Norrbotten,G,65,2,2025,790
25,Norrbotten,G,66,1,2025,833
25,Norrbotten,G,66,2,2025,779
25,Norrbotten,G,67,1,2025,833
25,Norrbotten,G,67,2,2025,801
25,Norrbotten,G,68,1,2025,766
25,Norrbotten,G,68,2,2025,830
25,Norrbotten,G,69,1,2025,811
25,Norrbotten,G,69,2,2025,840
25,Norrbotten,G,70,1,2025,785
25,Norrbotten,G,70,2,2025,782
25,Norrbotten,G,71,1,2025,829
25,Norrbotten,G,71,2,2025,766
25,Norrbotten,G,72,1,2025,853
25,Norrbotten,G,72,2,2025,775
25,Norrbotten,G,73,1,2025,814
25,Norrbotten,G,73,2,2025,755
25,Norrbotten,G,74,1,2025,786
25,Norrbotten,G,74,2,2025,708
25,Norrbotten,G,75,1,2025,806
25,Norrbotten,G,75,2,2025,747
25,Norrbotten,G,76,1,2025,849
25,Norrbotten,G,76,2,2025,710
25,Norrbotten,G,77,1,2025,853
25,Norrbotten,G,77,2,2025,741
25,Norrbotten,G,78,1,2025,760
25,Norrbotten,G,78,2,2025,679
25,Norrbotten,G,79,1,2025,741
25,Norrbotten,G,79,2,2025,628
25,Norrbotten,G,80,1,2025,661
25,Norrbotten,G,80,2,2025,548
25,Norrbotten,G,81,1,2025,610
25,Norrbotten,G,81,2,2025,455
25,Norrbotten,G,82,1,2025,587
25,Norrbotten,G,82,2,2025,364
25,Norrbotten,G,83,1,2025,500
25,Norrbotten,G,83,2,2025,323
25,Norrbotten,G,84,1,2025,395
25,Norrbotten,G,84,2,2025,273
25,Norrbotten,G,85,1,2025,352
25,Norrbotten,G,85,2,2025,193
25,Norrbotten,G,86,1,2025,270
25,Norrbotten,G,86,2,2025,197
25,Norrbotten,G,87,1,2025,224
25,Norrbotten,G,87,2,2025,133
25,Norrbotten,G,88,1,2025,163
25,Norrbotten,G,88,2,2025,109
25,Norrbotten,G,89,1,2025,182
25,Norrbotten,G,89,2,2025,90
25,Norrbotten,G,90,1,2025,122
25,Norrbotten,G,90,2,2025,48
25,Norrbotten,G,91,1,2025,80
25,Norrbotten,G,91,2,2025,44
25,Norrbotten,G,92,1,2025,57
25,Norrbotten,G,92,2,2025,10
25,Norrbotten,G,93,1,2025,39
25,Norrbotten,G,93,2,2025,15
25,Norrbotten,G,94,1,2025,31
25,Norrbotten,G,94,2,2025,7
25,Norrbotten,G,95,1,2025,21
25,Norrbotten,G,95,2,2025,3
25,Norrbotten,G,96,1,2025,11
25,Norrbotten,G,96,2,2025,5
25,Norrbotten,G,97,1,2025,6
25,Norrbotten,G,97,2,2025,0
25,Norrbotten,G,98,1,2025,4
25,Norrbotten,G,98,2,2025,0
25,Norrbotten,G,99,1,2025,0
25,Norrbotten,G,99,2,2025,0
25,Norrbotten,G,100+1,1,2025,3
25,Norrbotten,G,100+1,2,2025,0
25,Norrbotten,ÄNKL,0,1,2025,0
25,Norrbotten,ÄNKL,0,2,2025,0
25,Norrbotten,ÄNKL,1,1,2025,0
25,Norrbotten,ÄNKL,1,2,2025,0
25,Norrbotten,ÄNKL,2,1,2025,0
25,Norrbotten,ÄNKL,2,2,2025,0
25,Norrbotten,ÄNKL,3,1,2025,0
25,Norrbotten,ÄNKL,3,2,2025,0
25,Norrbotten,ÄNKL,4,1,2025,0
25,Norrbotten,ÄNKL,4,2,2025,0
25,Norrbotten,ÄNKL,5,1,2025,0
25,Norrbotten,ÄNKL,5,2,2025,0
25,Norrbotten,ÄNKL,6,1,2025,0
25,Norrbotten,ÄNKL,6,2,2025,0
25,Norrbotten,ÄNKL,7,1,2025,0
25,Norrbotten,ÄNKL,7,2,2025,0
25,Norrbotten,ÄNKL,8,1,2025,0
25,Norrbotten,ÄNKL,8,2,2025,0
25,Norrbotten,ÄNKL,9,1,2025,0
25,Norrbotten,ÄNKL,9,2,2025,0
25,Norrbotten,ÄNKL,10,1,2025,0
25,Norrbotten,ÄNKL,10,2,2025,0
25,Norrbotten,ÄNKL,11,1,2025,0
25,Norrbotten,ÄNKL,11,2,2025,0
25,Norrbotten,ÄNKL,12,1,2025,0
25,Norrbotten,ÄNKL,12,2,2025,0
25,Norrbotten,ÄNKL,13,1,2025,0
25,Norrbotten,ÄNKL,13,2,2025,0
25,Norrbotten,ÄNKL,14,1,2025,0
25,Norrbotten,ÄNKL,14,2,2025,0
25,Norrbotten,ÄNKL,15,1,2025,0
25,Norrbotten,ÄNKL,15,2,2025,0
25,Norrbotten,ÄNKL,16,1,2025,0
25,Norrbotten,ÄNKL,16,2,2025,0
25,Norrbotten,ÄNKL,17,1,2025,0
25,Norrbotten,ÄNKL,17,2,2025,0
25,Norrbotten,ÄNKL,18,1,2025,0
25,Norrbotten,ÄNKL,18,2,2025,0
25,Norrbotten,ÄNKL,19,1,2025,0
25,Norrbotten,ÄNKL,19,2,2025,0
25,Norrbotten,ÄNKL,20,1,2025,0
25,Norrbotten,ÄNKL,20,2,2025,0
25,Norrbotten,ÄNKL,21,1,2025,0
25,Norrbotten,ÄNKL,21,2,2025,0
25,Norrbotten,ÄNKL,22,1,2025,0
25,Norrbotten,ÄNKL,22,2,2025,0
25,Norrbotten,ÄNKL,23,1,2025,0
25,Norrbotten,ÄNKL,23,2,2025,0
25,Norrbotten,ÄNKL,24,1,2025,0
25,Norrbotten,ÄNKL,24,2,2025,0
25,Norrbotten,ÄNKL,25,1,2025,0
25,Norrbotten,ÄNKL,25,2,2025,0
25,Norrbotten,ÄNKL,26,1,2025,0
25,Norrbotten,ÄNKL,26,2,2025,0
25,Norrbotten,ÄNKL,27,1,2025,0
25,Norrbotten,ÄNKL,27,2,2025,0
25,Norrbotten,ÄNKL,28,1,2025,0
25,Norrbotten,ÄNKL,28,2,2025,3
25,Norrbotten,ÄNKL,29,1,2025,0
25,Norrbotten,ÄNKL,29,2,2025,0
25,Norrbotten,ÄNKL,30,1,2025,0
25,Norrbotten,ÄNKL,30,2,2025,0
25,Norrbotten,ÄNKL,31,1,2025,0
25,Norrbotten,ÄNKL,31,2,2025,0
25,Norrbotten,ÄNKL,32,1,2025,3
25,Norrbotten,ÄNKL,32,2,2025,0
25,Norrbotten,ÄNKL,33,1,2025,0
25,Norrbotten,ÄNKL,33,2,2025,3
25,Norrbotten,ÄNKL,34,1,2025,0
25,Norrbotten,ÄNKL,34,2,2025,3
25,Norrbotten,ÄNKL,35,1,2025,0
25,Norrbotten,ÄNKL,35,2,2025,4
25,Norrbotten,ÄNKL,36,1,2025,0
25,Norrbotten,ÄNKL,36,2,2025,10
25,Norrbotten,ÄNKL,37,1,2025,3
25,Norrbotten,ÄNKL,37,2,2025,5
25,Norrbotten,ÄNKL,38,1,2025,0
25,Norrbotten,ÄNKL,38,2,2025,9
25,Norrbotten,ÄNKL,39,1,2025,0
25,Norrbotten,ÄNKL,39,2,2025,7
25,Norrbotten,ÄNKL,40,1,2025,3
25,Norrbotten,ÄNKL,40,2,2025,7
25,Norrbotten,ÄNKL,41,1,2025,0
25,Norrbotten,ÄNKL,41,2,2025,5
25,Norrbotten,ÄNKL,42,1,2025,0
25,Norrbotten,ÄNKL,42,2,2025,3
25,Norrbotten,ÄNKL,43,1,2025,4
25,Norrbotten,ÄNKL,43,2,2025,8
25,Norrbotten,ÄNKL,44,1,2025,0
25,Norrbotten,ÄNKL,44,2,2025,8
25,Norrbotten,ÄNKL,45,1,2025,3
25,Norrbotten,ÄNKL,45,2,2025,11
25,Norrbotten,ÄNKL,46,1,2025,7
25,Norrbotten,ÄNKL,46,2,2025,7
25,Norrbotten,ÄNKL,47,1,2025,3
25,Norrbotten,ÄNKL,47,2,2025,12
25,Norrbotten,ÄNKL,48,1,2025,6
25,Norrbotten,ÄNKL,48,2,2025,3
25,Norrbotten,ÄNKL,49,1,2025,0
25,Norrbotten,ÄNKL,49,2,2025,19
25,Norrbotten,ÄNKL,50,1,2025,5
25,Norrbotten,ÄNKL,50,2,2025,11
25,Norrbotten,ÄNKL,51,1,2025,7
25,Norrbotten,ÄNKL,51,2,2025,18
25,Norrbotten,ÄNKL,52,1,2025,7
25,Norrbotten,ÄNKL,52,2,2025,16
25,Norrbotten,ÄNKL,53,1,2025,10
25,Norrbotten,ÄNKL,53,2,2025,28
25,Norrbotten,ÄNKL,54,1,2025,3
25,Norrbotten,ÄNKL,54,2,2025,26
25,Norrbotten,ÄNKL,55,1,2025,4
25,Norrbotten,ÄNKL,55,2,2025,30
25,Norrbotten,ÄNKL,56,1,2025,9
25,Norrbotten,ÄNKL,56,2,2025,14
25,Norrbotten,ÄNKL,57,1,2025,18
25,Norrbotten,ÄNKL,57,2,2025,28
25,Norrbotten,ÄNKL,58,1,2025,16
25,Norrbotten,ÄNKL,58,2,2025,28
25,Norrbotten,ÄNKL,59,1,2025,15
25,Norrbotten,ÄNKL,59,2,2025,33
25,Norrbotten,ÄNKL,60,1,2025,23
25,Norrbotten,ÄNKL,60,2,2025,59
25,Norrbotten,ÄNKL,61,1,2025,21
25,Norrbotten,ÄNKL,61,2,2025,52
25,Norrbotten,ÄNKL,62,1,2025,21
25,Norrbotten,ÄNKL,62,2,2025,63
25,Norrbotten,ÄNKL,63,1,2025,11
25,Norrbotten,ÄNKL,63,2,2025,71
25,Norrbotten,ÄNKL,64,1,2025,16
25,Norrbotten,ÄNKL,64,2,2025,69
25,Norrbotten,ÄNKL,65,1,2025,33
25,Norrbotten,ÄNKL,65,2,2025,87
25,Norrbotten,ÄNKL,66,1,2025,31
25,Norrbotten,ÄNKL,66,2,2025,96
25,Norrbotten,ÄNKL,67,1,2025,37
25,Norrbotten,ÄNKL,67,2,2025,93
25,Norrbotten,ÄNKL,68,1,2025,30
25,Norrbotten,ÄNKL,68,2,2025,110
25,Norrbotten,ÄNKL,69,1,2025,36
25,Norrbotten,ÄNKL,69,2,2025,142
25,Norrbotten,ÄNKL,70,1,2025,58
25,Norrbotten,ÄNKL,70,2,2025,124
25,Norrbotten,ÄNKL,71,1,2025,55
25,Norrbotten,ÄNKL,71,2,2025,131
25,Norrbotten,ÄNKL,72,1,2025,59
25,Norrbotten,ÄNKL,72,2,2025,161
25,Norrbotten,ÄNKL,73,1,2025,59
25,Norrbotten,ÄNKL,73,2,2025,193
25,Norrbotten,ÄNKL,74,1,2025,77
25,Norrbotten,ÄNKL,74,2,2025,203
25,Norrbotten,ÄNKL,75,1,2025,95
25,Norrbotten,ÄNKL,75,2,2025,252
25,Norrbotten,ÄNKL,76,1,2025,116
25,Norrbotten,ÄNKL,76,2,2025,234
25,Norrbotten,ÄNKL,77,1,2025,119
25,Norrbotten,ÄNKL,77,2,2025,339
25,Norrbotten,ÄNKL,78,1,2025,122
25,Norrbotten,ÄNKL,78,2,2025,352
25,Norrbotten,ÄNKL,79,1,2025,140
25,Norrbotten,ÄNKL,79,2,2025,381
25,Norrbotten,ÄNKL,80,1,2025,148
25,Norrbotten,ÄNKL,80,2,2025,387
25,Norrbotten,ÄNKL,81,1,2025,160
25,Norrbotten,ÄNKL,81,2,2025,427
25,Norrbotten,ÄNKL,82,1,2025,159
25,Norrbotten,ÄNKL,82,2,2025,419
25,Norrbotten,ÄNKL,83,1,2025,148
25,Norrbotten,ÄNKL,83,2,2025,416
25,Norrbotten,ÄNKL,84,1,2025,135
25,Norrbotten,ÄNKL,84,2,2025,413
25,Norrbotten,ÄNKL,85,1,2025,128
25,Norrbotten,ÄNKL,85,2,2025,395
25,Norrbotten,ÄNKL,86,1,2025,149
25,Norrbotten,ÄNKL,86,2,2025,424
25,Norrbotten,ÄNKL,87,1,2025,109
25,Norrbotten,ÄNKL,87,2,2025,403
25,Norrbotten,ÄNKL,88,1,2025,110
25,Norrbotten,ÄNKL,88,2,2025,354
25,Norrbotten,ÄNKL,89,1,2025,120
25,Norrbotten,ÄNKL,89,2,2025,323
25,Norrbotten,ÄNKL,90,1,2025,87
25,Norrbotten,ÄNKL,90,2,2025,313
25,Norrbotten,ÄNKL,91,1,2025,81
25,Norrbotten,ÄNKL,91,2,2025,270
25,Norrbotten,ÄNKL,92,1,2025,62
25,Norrbotten,ÄNKL,92,2,2025,210
25,Norrbotten,ÄNKL,93,1,2025,54
25,Norrbotten,ÄNKL,93,2,2025,192
25,Norrbotten,ÄNKL,94,1,2025,47
25,Norrbotten,ÄNKL,94,2,2025,122
25,Norrbotten,ÄNKL,95,1,2025,28
25,Norrbotten,ÄNKL,95,2,2025,101
25,Norrbotten,ÄNKL,96,1,2025,23
25,Norrbotten,ÄNKL,96,2,2025,83
25,Norrbotten,ÄNKL,97,1,2025,14
25,Norrbotten,ÄNKL,97,2,2025,55
25,Norrbotten,ÄNKL,98,1,2025,9
25,Norrbotten,ÄNKL,98,2,2025,24
25,Norrbotten,ÄNKL,99,1,2025,3
25,Norrbotten,ÄNKL,99,2,2025,18
25,Norrbotten,ÄNKL,100+1,1,2025,0
25,Norrbotten,ÄNKL,100+1,2,2025,33
25,Norrbotten,SK,0,1,2025,0
25,Norrbotten,SK,0,2,2025,0
25,Norrbotten,SK,1,1,2025,0
25,Norrbotten,SK,1,2,2025,0
25,Norrbotten,SK,2,1,2025,0
25,Norrbotten,SK,2,2,2025,0
25,Norrbotten,SK,3,1,2025,0
25,Norrbotten,SK,3,2,2025,0
25,Norrbotten,SK,4,1,2025,0
25,Norrbotten,SK,4,2,2025,0
25,Norrbotten,SK,5,1,2025,0
25,Norrbotten,SK,5,2,2025,0
25,Norrbotten,SK,6,1,2025,0
25,Norrbotten,SK,6,2,2025,0
25,Norrbotten,SK,7,1,2025,0
25,Norrbotten,SK,7,2,2025,0
25,Norrbotten,SK,8,1,2025,0
25,Norrbotten,SK,8,2,2025,0
25,Norrbotten,SK,9,1,2025,0
25,Norrbotten,SK,9,2,2025,0
25,Norrbotten,SK,10,1,2025,0
25,Norrbotten,SK,10,2,2025,0
25,Norrbotten,SK,11,1,2025,0
25,Norrbotten,SK,11,2,2025,0
25,Norrbotten,SK,12,1,2025,0
25,Norrbotten,SK,12,2,2025,0
25,Norrbotten,SK,13,1,2025,0
25,Norrbotten,SK,13,2,2025,0
25,Norrbotten,SK,14,1,2025,0
25,Norrbotten,SK,14,2,2025,0
25,Norrbotten,SK,15,1,2025,0
25,Norrbotten,SK,15,2,2025,0
25,Norrbotten,SK,16,1,2025,0
25,Norrbotten,SK,16,2,2025,0
25,Norrbotten,SK,17,1,2025,0
25,Norrbotten,SK,17,2,2025,0
25,Norrbotten,SK,18,1,2025,0
25,Norrbotten,SK,18,2,2025,0
25,Norrbotten,SK,19,1,2025,0
25,Norrbotten,SK,19,2,2025,0
25,Norrbotten,SK,20,1,2025,0
25,Norrbotten,SK,20,2,2025,0
25,Norrbotten,SK,21,1,2025,0
25,Norrbotten,SK,21,2,2025,0
25,Norrbotten,SK,22,1,2025,0
25,Norrbotten,SK,22,2,2025,0
25,Norrbotten,SK,23,1,2025,0
25,Norrbotten,SK,23,2,2025,3
25,Norrbotten,SK,24,1,2025,0
25,Norrbotten,SK,24,2,2025,6
25,Norrbotten,SK,25,1,2025,0
25,Norrbotten,SK,25,2,2025,13
25,Norrbotten,SK,26,1,2025,6
25,Norrbotten,SK,26,2,2025,9
25,Norrbotten,SK,27,1,2025,7
25,Norrbotten,SK,27,2,2025,11
25,Norrbotten,SK,28,1,2025,10
25,Norrbotten,SK,28,2,2025,14
25,Norrbotten,SK,29,1,2025,14
25,Norrbotten,SK,29,2,2025,35
25,Norrbotten,SK,30,1,2025,13
25,Norrbotten,SK,30,2,2025,41
25,Norrbotten,SK,31,1,2025,24
25,Norrbotten,SK,31,2,2025,42
25,Norrbotten,SK,32,1,2025,40
25,Norrbotten,SK,32,2,2025,56
25,Norrbotten,SK,33,1,2025,46
25,Norrbotten,SK,33,2,2025,68
25,Norrbotten,SK,34,1,2025,63
25,Norrbotten,SK,34,2,2025,101
25,Norrbotten,SK,35,1,2025,66
25,Norrbotten,SK,35,2,2025,109
25,Norrbotten,SK,36,1,2025,99
25,Norrbotten,SK,36,2,2025,124
25,Norrbotten,SK,37,1,2025,101
25,Norrbotten,SK,37,2,2025,133
25,Norrbotten,SK,38,1,2025,116
25,Norrbotten,SK,38,2,2025,130
25,Norrbotten,SK,39,1,2025,97
25,Norrbotten,SK,39,2,2025,129
25,Norrbotten,SK,40,1,2025,99
25,Norrbotten,SK,40,2,2025,157
25,Norrbotten,SK,41,1,2025,103
25,Norrbotten,SK,41,2,2025,164
25,Norrbotten,SK,42,1,2025,143
25,Norrbotten,SK,42,2,2025,171
25,Norrbotten,SK,43,1,2025,150
25,Norrbotten,SK,43,2,2025,190
25,Norrbotten,SK,44,1,2025,130
25,Norrbotten,SK,44,2,2025,187
25,Norrbotten,SK,45,1,2025,156
25,Norrbotten,SK,45,2,2025,190
25,Norrbotten,SK,46,1,2025,157
25,Norrbotten,SK,46,2,2025,178
25,Norrbotten,SK,47,1,2025,174
25,Norrbotten,SK,47,2,2025,162
25,Norrbotten,SK,48,1,2025,174
25,Norrbotten,SK,48,2,2025,188
25,Norrbotten,SK,49,1,2025,183
25,Norrbotten,SK,49,2,2025,201
25,Norrbotten,SK,50,1,2025,171
25,Norrbotten,SK,50,2,2025,244
25,Norrbotten,SK,51,1,2025,212
25,Norrbotten,SK,51,2,2025,254
25,Norrbotten,SK,52,1,2025,207
25,Norrbotten,SK,52,2,2025,257
25,Norrbotten,SK,53,1,2025,202
25,Norrbotten,SK,53,2,2025,282
25,Norrbotten,SK,54,1,2025,224
25,Norrbotten,SK,54,2,2025,234
25,Norrbotten,SK,55,1,2025,211
25,Norrbotten,SK,55,2,2025,266
25,Norrbotten,SK,56,1,2025,220
25,Norrbotten,SK,56,2,2025,277
25,Norrbotten,SK,57,1,2025,250
25,Norrbotten,SK,57,2,2025,294
25,Norrbotten,SK,58,1,2025,279
25,Norrbotten,SK,58,2,2025,317
25,Norrbotten,SK,59,1,2025,297
25,Norrbotten,SK,59,2,2025,307
25,Norrbotten,SK,60,1,2025,278
25,Norrbotten,SK,60,2,2025,289
25,Norrbotten,SK,61,1,2025,286
25,Norrbotten,SK,61,2,2025,326
25,Norrbotten,SK,62,1,2025,260
25,Norrbotten,SK,62,2,2025,286
25,Norrbotten,SK,63,1,2025,271
25,Norrbotten,SK,63,2,2025,294
25,Norrbotten,SK,64,1,2025,239
25,Norrbotten,SK,64,2,2025,284
25,Norrbotten,SK,65,1,2025,265
25,Norrbotten,SK,65,2,2025,304
25,Norrbotten,SK,66,1,2025,252
25,Norrbotten,SK,66,2,2025,337
25,Norrbotten,SK,67,1,2025,251
25,Norrbotten,SK,67,2,2025,291
25,Norrbotten,SK,68,1,2025,283
25,Norrbotten,SK,68,2,2025,301
25,Norrbotten,SK,69,1,2025,253
25,Norrbotten,SK,69,2,2025,329
25,Norrbotten,SK,70,1,2025,267
25,Norrbotten,SK,70,2,2025,302
25,Norrbotten,SK,71,1,2025,255
25,Norrbotten,SK,71,2,2025,264
25,Norrbotten,SK,72,1,2025,266
25,Norrbotten,SK,72,2,2025,314
25,Norrbotten,SK,73,1,2025,247
25,Norrbotten,SK,73,2,2025,269
25,Norrbotten,SK,74,1,2025,232
25,Norrbotten,SK,74,2,2025,276
25,Norrbotten,SK,75,1,2025,219
25,Norrbotten,SK,75,2,2025,237
25,Norrbotten,SK,76,1,2025,245
25,Norrbotten,SK,76,2,2025,266
25,Norrbotten,SK,77,1,2025,219
25,Norrbotten,SK,77,2,2025,285
25,Norrbotten,SK,78,1,2025,207
25,Norrbotten,SK,78,2,2025,256
25,Norrbotten,SK,79,1,2025,202
25,Norrbotten,SK,79,2,2025,278
25,Norrbotten,SK,80,1,2025,191
25,Norrbotten,SK,80,2,2025,237
25,Norrbotten,SK,81,1,2025,187
25,Norrbotten,SK,81,2,2025,197
25,Norrbotten,SK,82,1,2025,154
25,Norrbotten,SK,82,2,2025,200
25,Norrbotten,SK,83,1,2025,119
25,Norrbotten,SK,83,2,2025,166
25,Norrbotten,SK,84,1,2025,109
25,Norrbotten,SK,84,2,2025,132
25,Norrbotten,SK,85,1,2025,100
25,Norrbotten,SK,85,2,2025,138
25,Norrbotten,SK,86,1,2025,85
25,Norrbotten,SK,86,2,2025,125
25,Norrbotten,SK,87,1,2025,62
25,Norrbotten,SK,87,2,2025,91
25,Norrbotten,SK,88,1,2025,41
25,Norrbotten,SK,88,2,2025,85
25,Norrbotten,SK,89,1,2025,52
25,Norrbotten,SK,89,2,2025,59
25,Norrbotten,SK,90,1,2025,29
25,Norrbotten,SK,90,2,2025,54
25,Norrbotten,SK,91,1,2025,31
25,Norrbotten,SK,91,2,2025,44
25,Norrbotten,SK,92,1,2025,17
25,Norrbotten,SK,92,2,2025,31
25,Norrbotten,SK,93,1,2025,10
25,Norrbotten,SK,93,2,2025,29
25,Norrbotten,SK,94,1,2025,7
25,Norrbotten,SK,94,2,2025,23
25,Norrbotten,SK,95,1,2025,5
25,Norrbotten,SK,95,2,2025,17
25,Norrbotten,SK,96,1,2025,0
25,Norrbotten,SK,96,2,2025,8
25,Norrbotten,SK,97,1,2025,7
25,Norrbotten,SK,97,2,2025,12
25,Norrbotten,SK,98,1,2025,0
25,Norrbotten,SK,98,2,2025,0
25,Norrbotten,SK,99,1,2025,3
25,Norrbotten,SK,99,2,2025,3
25,Norrbotten,SK,100+1,1,2025,0
25,Norrbotten,SK,100+1,2,2025,0
